ISO-10303-21;
HEADER;
/* Generated by software containing ST-Developer
 * from STEP Tools, Inc. (www.steptools.com) 
 */

FILE_DESCRIPTION(
/* description */ (''),
/* implementation_level */ '2;1');

FILE_NAME(
/* name */ '',
/* time_stamp */ '2026-10-07T11:06:36+09:00',
/* author */ (''),
/* organization */ (''),
/* preprocessor_version */ 'ST-DEVELOPER v20.2',
/* originating_system */ 'Autodesk Translation Framework v15.15.0.0',
/* authorisation */ '');

FILE_SCHEMA (('AUTOMOTIVE_DESIGN { 1 0 10303 214 3 1 1 }'));
ENDSEC;

DATA;
#10=MECHANICAL_DESIGN_GEOMETRIC_PRESENTATION_REPRESENTATION('',(#13),#3673);
#11=SHAPE_REPRESENTATION_RELATIONSHIP('SRR','None',#3680,#12);
#12=ADVANCED_BREP_SHAPE_REPRESENTATION('',(#14),#3672);
#13=STYLED_ITEM('',(#3689),#14);
#14=MANIFOLD_SOLID_BREP('\X2\30DC30C730A3\X0\1',#2175);
#15=SPHERICAL_SURFACE('',#2297,41.);
#16=SPHERICAL_SURFACE('',#2300,41.);
#17=SPHERICAL_SURFACE('',#2313,41.);
#18=SPHERICAL_SURFACE('',#2363,44.);
#19=SPHERICAL_SURFACE('',#2364,44.);
#20=SPHERICAL_SURFACE('',#2367,44.);
#21=(
BOUNDED_CURVE()
B_SPLINE_CURVE(2,(#3366,#3367,#3368),.UNSPECIFIED.,.F.,.F.)
B_SPLINE_CURVE_WITH_KNOTS((3,3),(1.36324189784671,1.4143100320102),
 .UNSPECIFIED.)
CURVE()
GEOMETRIC_REPRESENTATION_ITEM()
RATIONAL_B_SPLINE_CURVE((1.00106365634698,1.00055175088314,1.))
REPRESENTATION_ITEM('')
);
#22=(
BOUNDED_CURVE()
B_SPLINE_CURVE(2,(#3372,#3373,#3374),.UNSPECIFIED.,.F.,.F.)
B_SPLINE_CURVE_WITH_KNOTS((3,3),(0.,0.0510681341514229),.UNSPECIFIED.)
CURVE()
GEOMETRIC_REPRESENTATION_ITEM()
RATIONAL_B_SPLINE_CURVE((1.,1.00055175088565,1.00106365635182))
REPRESENTATION_ITEM('')
);
#23=CONICAL_SURFACE('',#2233,0.5,1.02974425867665);
#24=CONICAL_SURFACE('',#2237,0.5,1.02974425867665);
#25=CONICAL_SURFACE('',#2241,0.5,1.02974425867665);
#26=CONICAL_SURFACE('',#2245,0.5,1.02974425867665);
#27=CONICAL_SURFACE('',#2249,0.5,1.02974425867665);
#28=CONICAL_SURFACE('',#2253,0.5,1.02974425867665);
#29=CONICAL_SURFACE('',#2270,36.8060796608386,1.0471975511966);
#30=CONICAL_SURFACE('',#2287,36.8060796608387,1.0471975511966);
#31=CONICAL_SURFACE('',#2369,36.8060796608386,1.0471975511966);
#32=B_SPLINE_CURVE_WITH_KNOTS('',3,(#3185,#3186,#3187,#3188,#3189,#3190),
 .UNSPECIFIED.,.F.,.F.,(4,2,4),(17.6534373168001,17.9840982133108,18.346753187641),
 .UNSPECIFIED.);
#33=B_SPLINE_CURVE_WITH_KNOTS('',3,(#3343,#3344,#3345,#3346,#3347,#3348),
 .UNSPECIFIED.,.F.,.F.,(4,2,4),(15.1076569486394,15.4738161062208,15.8044770027311),
 .UNSPECIFIED.);
#34=ELLIPSE('',#2211,28.2842712474619,20.);
#35=ELLIPSE('',#2213,458.511712521067,20.);
#36=ELLIPSE('',#2264,458.511712521067,20.);
#37=ELLIPSE('',#2266,28.2842712474619,20.);
#38=ELLIPSE('',#2275,91.7023425042134,4.);
#39=ELLIPSE('',#2277,91.7023425042134,4.);
#40=ELLIPSE('',#2279,91.7023425042134,4.);
#41=ELLIPSE('',#2281,91.7023425042134,4.);
#42=ELLIPSE('',#2283,91.7023425042134,4.);
#43=ELLIPSE('',#2285,91.7023425042134,4.);
#44=ELLIPSE('',#2296,137.55351375632,6.);
#45=ELLIPSE('',#2315,137.55351375632,6.);
#46=ELLIPSE('',#2351,24.0416305603426,17.);
#47=ELLIPSE('',#2353,24.0416305603426,17.);
#48=CYLINDRICAL_SURFACE('',#2210,20.);
#49=CYLINDRICAL_SURFACE('',#2235,1.);
#50=CYLINDRICAL_SURFACE('',#2239,1.);
#51=CYLINDRICAL_SURFACE('',#2243,1.);
#52=CYLINDRICAL_SURFACE('',#2247,1.);
#53=CYLINDRICAL_SURFACE('',#2251,1.);
#54=CYLINDRICAL_SURFACE('',#2255,1.);
#55=CYLINDRICAL_SURFACE('',#2262,20.);
#56=CYLINDRICAL_SURFACE('',#2272,4.);
#57=CYLINDRICAL_SURFACE('',#2323,1.65);
#58=CYLINDRICAL_SURFACE('',#2325,1.65);
#59=CYLINDRICAL_SURFACE('',#2327,3.);
#60=CYLINDRICAL_SURFACE('',#2333,1.65);
#61=CYLINDRICAL_SURFACE('',#2339,3.);
#62=CYLINDRICAL_SURFACE('',#2345,1.65);
#63=CYLINDRICAL_SURFACE('',#2360,6.);
#64=CYLINDRICAL_SURFACE('',#2374,1.25);
#65=CYLINDRICAL_SURFACE('',#2376,1.25);
#66=CYLINDRICAL_SURFACE('',#2389,17.);
#67=FACE_BOUND('',#287,.T.);
#68=FACE_BOUND('',#288,.T.);
#69=FACE_BOUND('',#346,.T.);
#70=FACE_BOUND('',#352,.T.);
#71=FACE_BOUND('',#357,.T.);
#72=FACE_BOUND('',#361,.T.);
#73=FACE_BOUND('',#372,.T.);
#74=FACE_BOUND('',#377,.T.);
#75=FACE_BOUND('',#378,.T.);
#76=FACE_BOUND('',#386,.T.);
#77=FACE_BOUND('',#387,.T.);
#78=FACE_BOUND('',#392,.T.);
#79=FACE_BOUND('',#393,.T.);
#80=FACE_BOUND('',#394,.T.);
#81=FACE_BOUND('',#395,.T.);
#82=FACE_BOUND('',#396,.T.);
#83=FACE_BOUND('',#397,.T.);
#84=FACE_BOUND('',#398,.T.);
#85=FACE_BOUND('',#399,.T.);
#86=FACE_BOUND('',#400,.T.);
#87=FACE_BOUND('',#404,.T.);
#88=CIRCLE('',#2197,20.);
#89=CIRCLE('',#2198,17.);
#90=CIRCLE('',#2199,20.);
#91=CIRCLE('',#2200,1.65);
#92=CIRCLE('',#2201,1.65);
#93=CIRCLE('',#2205,17.);
#94=CIRCLE('',#2206,17.);
#95=CIRCLE('',#2207,20.);
#96=CIRCLE('',#2208,20.);
#97=CIRCLE('',#2209,17.);
#98=CIRCLE('',#2212,20.);
#99=CIRCLE('',#2214,20.);
#100=CIRCLE('',#2215,20.);
#101=CIRCLE('',#2220,17.);
#102=CIRCLE('',#2222,17.);
#103=CIRCLE('',#2223,17.);
#104=CIRCLE('',#2225,17.);
#105=CIRCLE('',#2226,20.);
#106=CIRCLE('',#2227,17.);
#107=CIRCLE('',#2232,17.);
#108=CIRCLE('',#2234,1.);
#109=CIRCLE('',#2236,1.);
#110=CIRCLE('',#2238,1.);
#111=CIRCLE('',#2240,1.);
#112=CIRCLE('',#2242,1.);
#113=CIRCLE('',#2244,1.);
#114=CIRCLE('',#2246,1.);
#115=CIRCLE('',#2248,1.);
#116=CIRCLE('',#2250,1.);
#117=CIRCLE('',#2252,1.);
#118=CIRCLE('',#2254,1.);
#119=CIRCLE('',#2256,1.);
#120=CIRCLE('',#2263,19.9999999999988);
#121=CIRCLE('',#2265,20.);
#122=CIRCLE('',#2271,35.507041555159);
#123=CIRCLE('',#2273,4.);
#124=CIRCLE('',#2274,4.);
#125=CIRCLE('',#2276,4.);
#126=CIRCLE('',#2278,4.);
#127=CIRCLE('',#2280,4.);
#128=CIRCLE('',#2282,4.);
#129=CIRCLE('',#2284,4.);
#130=CIRCLE('',#2286,4.);
#131=CIRCLE('',#2288,35.507041555159);
#132=CIRCLE('',#2290,41.);
#133=CIRCLE('',#2292,6.);
#134=CIRCLE('',#2294,41.);
#135=CIRCLE('',#2295,44.);
#136=CIRCLE('',#2298,41.);
#137=CIRCLE('',#2299,41.);
#138=CIRCLE('',#2301,41.);
#139=CIRCLE('',#2302,35.507041555159);
#140=CIRCLE('',#2304,17.);
#141=CIRCLE('',#2305,17.);
#142=CIRCLE('',#2306,6.);
#143=CIRCLE('',#2307,6.);
#144=CIRCLE('',#2310,44.);
#145=CIRCLE('',#2311,41.);
#146=CIRCLE('',#2316,44.);
#147=CIRCLE('',#2318,6.);
#148=CIRCLE('',#2320,44.);
#149=CIRCLE('',#2324,1.65);
#150=CIRCLE('',#2326,1.65);
#151=CIRCLE('',#2328,3.);
#152=CIRCLE('',#2329,3.);
#153=CIRCLE('',#2331,1.65);
#154=CIRCLE('',#2334,1.65);
#155=CIRCLE('',#2340,3.);
#156=CIRCLE('',#2341,3.);
#157=CIRCLE('',#2344,1.65);
#158=CIRCLE('',#2346,1.65);
#159=CIRCLE('',#2355,43.5889894354067);
#160=CIRCLE('',#2357,43.5889894354066);
#161=CIRCLE('',#2359,43.5889894354066);
#162=CIRCLE('',#2361,6.);
#163=CIRCLE('',#2362,6.);
#164=CIRCLE('',#2365,43.5889894354067);
#165=CIRCLE('',#2368,38.105117766521);
#166=CIRCLE('',#2372,1.25);
#167=CIRCLE('',#2373,1.25);
#168=CIRCLE('',#2375,1.25);
#169=CIRCLE('',#2377,1.25);
#170=CIRCLE('',#2379,17.);
#171=CIRCLE('',#2380,17.);
#172=FACE_OUTER_BOUND('',#279,.T.);
#173=FACE_OUTER_BOUND('',#280,.T.);
#174=FACE_OUTER_BOUND('',#281,.T.);
#175=FACE_OUTER_BOUND('',#282,.T.);
#176=FACE_OUTER_BOUND('',#283,.T.);
#177=FACE_OUTER_BOUND('',#284,.T.);
#178=FACE_OUTER_BOUND('',#285,.T.);
#179=FACE_OUTER_BOUND('',#286,.T.);
#180=FACE_OUTER_BOUND('',#289,.T.);
#181=FACE_OUTER_BOUND('',#290,.T.);
#182=FACE_OUTER_BOUND('',#291,.T.);
#183=FACE_OUTER_BOUND('',#292,.T.);
#184=FACE_OUTER_BOUND('',#293,.T.);
#185=FACE_OUTER_BOUND('',#294,.T.);
#186=FACE_OUTER_BOUND('',#295,.T.);
#187=FACE_OUTER_BOUND('',#296,.T.);
#188=FACE_OUTER_BOUND('',#297,.T.);
#189=FACE_OUTER_BOUND('',#298,.T.);
#190=FACE_OUTER_BOUND('',#299,.T.);
#191=FACE_OUTER_BOUND('',#300,.T.);
#192=FACE_OUTER_BOUND('',#301,.T.);
#193=FACE_OUTER_BOUND('',#302,.T.);
#194=FACE_OUTER_BOUND('',#303,.T.);
#195=FACE_OUTER_BOUND('',#304,.T.);
#196=FACE_OUTER_BOUND('',#305,.T.);
#197=FACE_OUTER_BOUND('',#306,.T.);
#198=FACE_OUTER_BOUND('',#307,.T.);
#199=FACE_OUTER_BOUND('',#308,.T.);
#200=FACE_OUTER_BOUND('',#309,.T.);
#201=FACE_OUTER_BOUND('',#310,.T.);
#202=FACE_OUTER_BOUND('',#311,.T.);
#203=FACE_OUTER_BOUND('',#312,.T.);
#204=FACE_OUTER_BOUND('',#313,.T.);
#205=FACE_OUTER_BOUND('',#314,.T.);
#206=FACE_OUTER_BOUND('',#315,.T.);
#207=FACE_OUTER_BOUND('',#316,.T.);
#208=FACE_OUTER_BOUND('',#317,.T.);
#209=FACE_OUTER_BOUND('',#318,.T.);
#210=FACE_OUTER_BOUND('',#319,.T.);
#211=FACE_OUTER_BOUND('',#320,.T.);
#212=FACE_OUTER_BOUND('',#321,.T.);
#213=FACE_OUTER_BOUND('',#322,.T.);
#214=FACE_OUTER_BOUND('',#323,.T.);
#215=FACE_OUTER_BOUND('',#324,.T.);
#216=FACE_OUTER_BOUND('',#325,.T.);
#217=FACE_OUTER_BOUND('',#326,.T.);
#218=FACE_OUTER_BOUND('',#327,.T.);
#219=FACE_OUTER_BOUND('',#328,.T.);
#220=FACE_OUTER_BOUND('',#329,.T.);
#221=FACE_OUTER_BOUND('',#330,.T.);
#222=FACE_OUTER_BOUND('',#331,.T.);
#223=FACE_OUTER_BOUND('',#332,.T.);
#224=FACE_OUTER_BOUND('',#333,.T.);
#225=FACE_OUTER_BOUND('',#334,.T.);
#226=FACE_OUTER_BOUND('',#335,.T.);
#227=FACE_OUTER_BOUND('',#336,.T.);
#228=FACE_OUTER_BOUND('',#337,.T.);
#229=FACE_OUTER_BOUND('',#338,.T.);
#230=FACE_OUTER_BOUND('',#339,.T.);
#231=FACE_OUTER_BOUND('',#340,.T.);
#232=FACE_OUTER_BOUND('',#341,.T.);
#233=FACE_OUTER_BOUND('',#342,.T.);
#234=FACE_OUTER_BOUND('',#343,.T.);
#235=FACE_OUTER_BOUND('',#344,.T.);
#236=FACE_OUTER_BOUND('',#345,.T.);
#237=FACE_OUTER_BOUND('',#347,.T.);
#238=FACE_OUTER_BOUND('',#348,.T.);
#239=FACE_OUTER_BOUND('',#349,.T.);
#240=FACE_OUTER_BOUND('',#350,.T.);
#241=FACE_OUTER_BOUND('',#351,.T.);
#242=FACE_OUTER_BOUND('',#353,.T.);
#243=FACE_OUTER_BOUND('',#354,.T.);
#244=FACE_OUTER_BOUND('',#355,.T.);
#245=FACE_OUTER_BOUND('',#356,.T.);
#246=FACE_OUTER_BOUND('',#358,.T.);
#247=FACE_OUTER_BOUND('',#359,.T.);
#248=FACE_OUTER_BOUND('',#360,.T.);
#249=FACE_OUTER_BOUND('',#362,.T.);
#250=FACE_OUTER_BOUND('',#363,.T.);
#251=FACE_OUTER_BOUND('',#364,.T.);
#252=FACE_OUTER_BOUND('',#365,.T.);
#253=FACE_OUTER_BOUND('',#366,.T.);
#254=FACE_OUTER_BOUND('',#367,.T.);
#255=FACE_OUTER_BOUND('',#368,.T.);
#256=FACE_OUTER_BOUND('',#369,.T.);
#257=FACE_OUTER_BOUND('',#370,.T.);
#258=FACE_OUTER_BOUND('',#371,.T.);
#259=FACE_OUTER_BOUND('',#373,.T.);
#260=FACE_OUTER_BOUND('',#374,.T.);
#261=FACE_OUTER_BOUND('',#375,.T.);
#262=FACE_OUTER_BOUND('',#376,.T.);
#263=FACE_OUTER_BOUND('',#379,.T.);
#264=FACE_OUTER_BOUND('',#380,.T.);
#265=FACE_OUTER_BOUND('',#381,.T.);
#266=FACE_OUTER_BOUND('',#382,.T.);
#267=FACE_OUTER_BOUND('',#383,.T.);
#268=FACE_OUTER_BOUND('',#384,.T.);
#269=FACE_OUTER_BOUND('',#385,.T.);
#270=FACE_OUTER_BOUND('',#388,.T.);
#271=FACE_OUTER_BOUND('',#389,.T.);
#272=FACE_OUTER_BOUND('',#390,.T.);
#273=FACE_OUTER_BOUND('',#391,.T.);
#274=FACE_OUTER_BOUND('',#401,.T.);
#275=FACE_OUTER_BOUND('',#402,.T.);
#276=FACE_OUTER_BOUND('',#403,.T.);
#277=FACE_OUTER_BOUND('',#405,.T.);
#278=FACE_OUTER_BOUND('',#406,.T.);
#279=EDGE_LOOP('',(#1363,#1364,#1365,#1366));
#280=EDGE_LOOP('',(#1367,#1368,#1369,#1370));
#281=EDGE_LOOP('',(#1371,#1372,#1373,#1374));
#282=EDGE_LOOP('',(#1375,#1376,#1377,#1378,#1379,#1380,#1381,#1382));
#283=EDGE_LOOP('',(#1383,#1384,#1385,#1386));
#284=EDGE_LOOP('',(#1387,#1388,#1389,#1390));
#285=EDGE_LOOP('',(#1391,#1392,#1393,#1394));
#286=EDGE_LOOP('',(#1395,#1396,#1397,#1398,#1399,#1400,#1401,#1402,#1403,
#1404,#1405,#1406,#1407,#1408,#1409,#1410,#1411,#1412,#1413,#1414,#1415,
#1416,#1417,#1418,#1419,#1420));
#287=EDGE_LOOP('',(#1421));
#288=EDGE_LOOP('',(#1422));
#289=EDGE_LOOP('',(#1423,#1424,#1425,#1426));
#290=EDGE_LOOP('',(#1427,#1428,#1429,#1430));
#291=EDGE_LOOP('',(#1431,#1432,#1433,#1434,#1435,#1436,#1437,#1438,#1439,
#1440,#1441,#1442,#1443,#1444,#1445,#1446,#1447,#1448,#1449,#1450,#1451,
#1452,#1453,#1454,#1455,#1456));
#292=EDGE_LOOP('',(#1457,#1458,#1459,#1460,#1461,#1462,#1463,#1464,#1465,
#1466,#1467,#1468,#1469));
#293=EDGE_LOOP('',(#1470,#1471,#1472,#1473));
#294=EDGE_LOOP('',(#1474,#1475,#1476,#1477));
#295=EDGE_LOOP('',(#1478,#1479,#1480,#1481));
#296=EDGE_LOOP('',(#1482,#1483,#1484,#1485));
#297=EDGE_LOOP('',(#1486,#1487,#1488,#1489,#1490,#1491,#1492,#1493));
#298=EDGE_LOOP('',(#1494,#1495,#1496,#1497,#1498,#1499,#1500,#1501));
#299=EDGE_LOOP('',(#1502,#1503,#1504,#1505));
#300=EDGE_LOOP('',(#1506,#1507,#1508,#1509));
#301=EDGE_LOOP('',(#1510,#1511,#1512,#1513));
#302=EDGE_LOOP('',(#1514,#1515,#1516,#1517));
#303=EDGE_LOOP('',(#1518,#1519,#1520));
#304=EDGE_LOOP('',(#1521,#1522,#1523,#1524));
#305=EDGE_LOOP('',(#1525,#1526,#1527));
#306=EDGE_LOOP('',(#1528,#1529,#1530,#1531));
#307=EDGE_LOOP('',(#1532,#1533,#1534));
#308=EDGE_LOOP('',(#1535,#1536,#1537,#1538));
#309=EDGE_LOOP('',(#1539,#1540,#1541));
#310=EDGE_LOOP('',(#1542,#1543,#1544,#1545));
#311=EDGE_LOOP('',(#1546,#1547,#1548));
#312=EDGE_LOOP('',(#1549,#1550,#1551,#1552));
#313=EDGE_LOOP('',(#1553,#1554,#1555));
#314=EDGE_LOOP('',(#1556,#1557,#1558,#1559));
#315=EDGE_LOOP('',(#1560,#1561,#1562,#1563));
#316=EDGE_LOOP('',(#1564,#1565,#1566,#1567));
#317=EDGE_LOOP('',(#1568,#1569,#1570,#1571));
#318=EDGE_LOOP('',(#1572,#1573,#1574,#1575));
#319=EDGE_LOOP('',(#1576,#1577,#1578,#1579));
#320=EDGE_LOOP('',(#1580,#1581,#1582,#1583,#1584,#1585,#1586,#1587,#1588,
#1589,#1590,#1591,#1592));
#321=EDGE_LOOP('',(#1593,#1594,#1595,#1596,#1597,#1598,#1599,#1600));
#322=EDGE_LOOP('',(#1601,#1602,#1603));
#323=EDGE_LOOP('',(#1604,#1605,#1606));
#324=EDGE_LOOP('',(#1607,#1608,#1609,#1610,#1611));
#325=EDGE_LOOP('',(#1612,#1613,#1614,#1615,#1616,#1617,#1618,#1619,#1620,
#1621,#1622,#1623,#1624,#1625,#1626,#1627));
#326=EDGE_LOOP('',(#1628,#1629,#1630,#1631,#1632));
#327=EDGE_LOOP('',(#1633,#1634,#1635,#1636));
#328=EDGE_LOOP('',(#1637,#1638,#1639,#1640,#1641));
#329=EDGE_LOOP('',(#1642,#1643,#1644,#1645,#1646,#1647));
#330=EDGE_LOOP('',(#1648,#1649,#1650,#1651));
#331=EDGE_LOOP('',(#1652,#1653,#1654,#1655));
#332=EDGE_LOOP('',(#1656,#1657,#1658,#1659,#1660,#1661,#1662,#1663,#1664));
#333=EDGE_LOOP('',(#1665,#1666,#1667,#1668,#1669,#1670,#1671,#1672,#1673));
#334=EDGE_LOOP('',(#1674,#1675,#1676,#1677,#1678,#1679,#1680,#1681,#1682));
#335=EDGE_LOOP('',(#1683,#1684,#1685,#1686));
#336=EDGE_LOOP('',(#1687,#1688,#1689,#1690));
#337=EDGE_LOOP('',(#1691,#1692,#1693,#1694,#1695,#1696));
#338=EDGE_LOOP('',(#1697,#1698,#1699,#1700,#1701));
#339=EDGE_LOOP('',(#1702,#1703,#1704,#1705,#1706,#1707,#1708,#1709,#1710));
#340=EDGE_LOOP('',(#1711,#1712,#1713));
#341=EDGE_LOOP('',(#1714,#1715,#1716));
#342=EDGE_LOOP('',(#1717,#1718,#1719,#1720));
#343=EDGE_LOOP('',(#1721,#1722,#1723,#1724));
#344=EDGE_LOOP('',(#1725,#1726,#1727,#1728));
#345=EDGE_LOOP('',(#1729,#1730,#1731,#1732,#1733));
#346=EDGE_LOOP('',(#1734));
#347=EDGE_LOOP('',(#1735,#1736,#1737,#1738));
#348=EDGE_LOOP('',(#1739,#1740,#1741,#1742));
#349=EDGE_LOOP('',(#1743,#1744,#1745,#1746));
#350=EDGE_LOOP('',(#1747,#1748,#1749,#1750,#1751,#1752,#1753,#1754,#1755,
#1756,#1757,#1758));
#351=EDGE_LOOP('',(#1759,#1760,#1761,#1762,#1763,#1764,#1765));
#352=EDGE_LOOP('',(#1766));
#353=EDGE_LOOP('',(#1767,#1768,#1769,#1770));
#354=EDGE_LOOP('',(#1771,#1772,#1773,#1774));
#355=EDGE_LOOP('',(#1775,#1776,#1777,#1778));
#356=EDGE_LOOP('',(#1779,#1780,#1781,#1782,#1783));
#357=EDGE_LOOP('',(#1784));
#358=EDGE_LOOP('',(#1785,#1786,#1787,#1788));
#359=EDGE_LOOP('',(#1789,#1790,#1791,#1792));
#360=EDGE_LOOP('',(#1793,#1794,#1795,#1796,#1797,#1798,#1799));
#361=EDGE_LOOP('',(#1800));
#362=EDGE_LOOP('',(#1801,#1802,#1803,#1804));
#363=EDGE_LOOP('',(#1805,#1806,#1807,#1808));
#364=EDGE_LOOP('',(#1809,#1810,#1811,#1812));
#365=EDGE_LOOP('',(#1813,#1814,#1815,#1816,#1817,#1818,#1819,#1820));
#366=EDGE_LOOP('',(#1821,#1822,#1823,#1824,#1825,#1826));
#367=EDGE_LOOP('',(#1827,#1828,#1829,#1830,#1831,#1832));
#368=EDGE_LOOP('',(#1833,#1834,#1835,#1836,#1837,#1838,#1839,#1840,#1841,
#1842,#1843,#1844));
#369=EDGE_LOOP('',(#1845,#1846,#1847));
#370=EDGE_LOOP('',(#1848,#1849,#1850));
#371=EDGE_LOOP('',(#1851));
#372=EDGE_LOOP('',(#1852));
#373=EDGE_LOOP('',(#1853,#1854,#1855,#1856));
#374=EDGE_LOOP('',(#1857,#1858,#1859,#1860));
#375=EDGE_LOOP('',(#1861,#1862,#1863,#1864,#1865,#1866,#1867,#1868));
#376=EDGE_LOOP('',(#1869,#1870,#1871,#1872,#1873,#1874,#1875,#1876));
#377=EDGE_LOOP('',(#1877));
#378=EDGE_LOOP('',(#1878));
#379=EDGE_LOOP('',(#1879,#1880,#1881,#1882));
#380=EDGE_LOOP('',(#1883,#1884,#1885,#1886));
#381=EDGE_LOOP('',(#1887,#1888,#1889,#1890));
#382=EDGE_LOOP('',(#1891,#1892,#1893,#1894));
#383=EDGE_LOOP('',(#1895,#1896,#1897,#1898));
#384=EDGE_LOOP('',(#1899,#1900,#1901,#1902));
#385=EDGE_LOOP('',(#1903,#1904,#1905,#1906,#1907,#1908,#1909,#1910));
#386=EDGE_LOOP('',(#1911));
#387=EDGE_LOOP('',(#1912));
#388=EDGE_LOOP('',(#1913,#1914,#1915,#1916));
#389=EDGE_LOOP('',(#1917,#1918,#1919,#1920));
#390=EDGE_LOOP('',(#1921,#1922,#1923,#1924));
#391=EDGE_LOOP('',(#1925,#1926,#1927,#1928));
#392=EDGE_LOOP('',(#1929));
#393=EDGE_LOOP('',(#1930));
#394=EDGE_LOOP('',(#1931,#1932,#1933,#1934));
#395=EDGE_LOOP('',(#1935));
#396=EDGE_LOOP('',(#1936));
#397=EDGE_LOOP('',(#1937));
#398=EDGE_LOOP('',(#1938));
#399=EDGE_LOOP('',(#1939));
#400=EDGE_LOOP('',(#1940));
#401=EDGE_LOOP('',(#1941,#1942,#1943,#1944,#1945,#1946,#1947,#1948,#1949,
#1950,#1951,#1952,#1953,#1954,#1955,#1956,#1957,#1958,#1959,#1960,#1961,
#1962,#1963,#1964,#1965,#1966,#1967,#1968,#1969,#1970));
#402=EDGE_LOOP('',(#1971,#1972,#1973,#1974));
#403=EDGE_LOOP('',(#1975,#1976,#1977,#1978,#1979,#1980,#1981,#1982));
#404=EDGE_LOOP('',(#1983,#1984,#1985,#1986));
#405=EDGE_LOOP('',(#1987,#1988,#1989,#1990));
#406=EDGE_LOOP('',(#1991,#1992,#1993,#1994));
#407=LINE('',#3024,#621);
#408=LINE('',#3026,#622);
#409=LINE('',#3028,#623);
#410=LINE('',#3029,#624);
#411=LINE('',#3032,#625);
#412=LINE('',#3034,#626);
#413=LINE('',#3035,#627);
#414=LINE('',#3038,#628);
#415=LINE('',#3040,#629);
#416=LINE('',#3041,#630);
#417=LINE('',#3044,#631);
#418=LINE('',#3046,#632);
#419=LINE('',#3048,#633);
#420=LINE('',#3050,#634);
#421=LINE('',#3051,#635);
#422=LINE('',#3054,#636);
#423=LINE('',#3056,#637);
#424=LINE('',#3057,#638);
#425=LINE('',#3060,#639);
#426=LINE('',#3062,#640);
#427=LINE('',#3063,#641);
#428=LINE('',#3065,#642);
#429=LINE('',#3067,#643);
#430=LINE('',#3069,#644);
#431=LINE('',#3071,#645);
#432=LINE('',#3075,#646);
#433=LINE('',#3079,#647);
#434=LINE('',#3083,#648);
#435=LINE('',#3085,#649);
#436=LINE('',#3087,#650);
#437=LINE('',#3089,#651);
#438=LINE('',#3091,#652);
#439=LINE('',#3093,#653);
#440=LINE('',#3095,#654);
#441=LINE('',#3097,#655);
#442=LINE('',#3099,#656);
#443=LINE('',#3101,#657);
#444=LINE('',#3103,#658);
#445=LINE('',#3104,#659);
#446=LINE('',#3112,#660);
#447=LINE('',#3114,#661);
#448=LINE('',#3116,#662);
#449=LINE('',#3117,#663);
#450=LINE('',#3121,#664);
#451=LINE('',#3123,#665);
#452=LINE('',#3125,#666);
#453=LINE('',#3126,#667);
#454=LINE('',#3130,#668);
#455=LINE('',#3134,#669);
#456=LINE('',#3136,#670);
#457=LINE('',#3138,#671);
#458=LINE('',#3143,#672);
#459=LINE('',#3145,#673);
#460=LINE('',#3147,#674);
#461=LINE('',#3149,#675);
#462=LINE('',#3151,#676);
#463=LINE('',#3153,#677);
#464=LINE('',#3155,#678);
#465=LINE('',#3157,#679);
#466=LINE('',#3159,#680);
#467=LINE('',#3161,#681);
#468=LINE('',#3163,#682);
#469=LINE('',#3165,#683);
#470=LINE('',#3167,#684);
#471=LINE('',#3172,#685);
#472=LINE('',#3173,#686);
#473=LINE('',#3175,#687);
#474=LINE('',#3179,#688);
#475=LINE('',#3192,#689);
#476=LINE('',#3196,#690);
#477=LINE('',#3200,#691);
#478=LINE('',#3202,#692);
#479=LINE('',#3203,#693);
#480=LINE('',#3206,#694);
#481=LINE('',#3207,#695);
#482=LINE('',#3210,#696);
#483=LINE('',#3211,#697);
#484=LINE('',#3216,#698);
#485=LINE('',#3220,#699);
#486=LINE('',#3222,#700);
#487=LINE('',#3224,#701);
#488=LINE('',#3229,#702);
#489=LINE('',#3231,#703);
#490=LINE('',#3235,#704);
#491=LINE('',#3239,#705);
#492=LINE('',#3242,#706);
#493=LINE('',#3244,#707);
#494=LINE('',#3245,#708);
#495=LINE('',#3248,#709);
#496=LINE('',#3249,#710);
#497=LINE('',#3252,#711);
#498=LINE('',#3253,#712);
#499=LINE('',#3260,#713);
#500=LINE('',#3264,#714);
#501=LINE('',#3269,#715);
#502=LINE('',#3273,#716);
#503=LINE('',#3278,#717);
#504=LINE('',#3282,#718);
#505=LINE('',#3287,#719);
#506=LINE('',#3291,#720);
#507=LINE('',#3296,#721);
#508=LINE('',#3300,#722);
#509=LINE('',#3305,#723);
#510=LINE('',#3309,#724);
#511=LINE('',#3313,#725);
#512=LINE('',#3315,#726);
#513=LINE('',#3317,#727);
#514=LINE('',#3318,#728);
#515=LINE('',#3321,#729);
#516=LINE('',#3323,#730);
#517=LINE('',#3324,#731);
#518=LINE('',#3327,#732);
#519=LINE('',#3329,#733);
#520=LINE('',#3330,#734);
#521=LINE('',#3332,#735);
#522=LINE('',#3333,#736);
#523=LINE('',#3337,#737);
#524=LINE('',#3341,#738);
#525=LINE('',#3354,#739);
#526=LINE('',#3356,#740);
#527=LINE('',#3358,#741);
#528=LINE('',#3360,#742);
#529=LINE('',#3362,#743);
#530=LINE('',#3363,#744);
#531=LINE('',#3369,#745);
#532=LINE('',#3375,#746);
#533=LINE('',#3378,#747);
#534=LINE('',#3381,#748);
#535=LINE('',#3386,#749);
#536=LINE('',#3414,#750);
#537=LINE('',#3417,#751);
#538=LINE('',#3419,#752);
#539=LINE('',#3423,#753);
#540=LINE('',#3427,#754);
#541=LINE('',#3428,#755);
#542=LINE('',#3433,#756);
#543=LINE('',#3450,#757);
#544=LINE('',#3452,#758);
#545=LINE('',#3458,#759);
#546=LINE('',#3459,#760);
#547=LINE('',#3461,#761);
#548=LINE('',#3464,#762);
#549=LINE('',#3466,#763);
#550=LINE('',#3470,#764);
#551=LINE('',#3471,#765);
#552=LINE('',#3477,#766);
#553=LINE('',#3482,#767);
#554=LINE('',#3486,#768);
#555=LINE('',#3489,#769);
#556=LINE('',#3493,#770);
#557=LINE('',#3494,#771);
#558=LINE('',#3496,#772);
#559=LINE('',#3498,#773);
#560=LINE('',#3502,#774);
#561=LINE('',#3506,#775);
#562=LINE('',#3512,#776);
#563=LINE('',#3515,#777);
#564=LINE('',#3517,#778);
#565=LINE('',#3519,#779);
#566=LINE('',#3520,#780);
#567=LINE('',#3524,#781);
#568=LINE('',#3527,#782);
#569=LINE('',#3531,#783);
#570=LINE('',#3532,#784);
#571=LINE('',#3534,#785);
#572=LINE('',#3536,#786);
#573=LINE('',#3538,#787);
#574=LINE('',#3539,#788);
#575=LINE('',#3541,#789);
#576=LINE('',#3543,#790);
#577=LINE('',#3544,#791);
#578=LINE('',#3546,#792);
#579=LINE('',#3548,#793);
#580=LINE('',#3554,#794);
#581=LINE('',#3557,#795);
#582=LINE('',#3559,#796);
#583=LINE('',#3560,#797);
#584=LINE('',#3562,#798);
#585=LINE('',#3567,#799);
#586=LINE('',#3570,#800);
#587=LINE('',#3572,#801);
#588=LINE('',#3574,#802);
#589=LINE('',#3578,#803);
#590=LINE('',#3581,#804);
#591=LINE('',#3586,#805);
#592=LINE('',#3587,#806);
#593=LINE('',#3591,#807);
#594=LINE('',#3592,#808);
#595=LINE('',#3595,#809);
#596=LINE('',#3599,#810);
#597=LINE('',#3609,#811);
#598=LINE('',#3612,#812);
#599=LINE('',#3614,#813);
#600=LINE('',#3615,#814);
#601=LINE('',#3617,#815);
#602=LINE('',#3619,#816);
#603=LINE('',#3620,#817);
#604=LINE('',#3628,#818);
#605=LINE('',#3632,#819);
#606=LINE('',#3638,#820);
#607=LINE('',#3641,#821);
#608=LINE('',#3642,#822);
#609=LINE('',#3645,#823);
#610=LINE('',#3646,#824);
#611=LINE('',#3648,#825);
#612=LINE('',#3650,#826);
#613=LINE('',#3651,#827);
#614=LINE('',#3654,#828);
#615=LINE('',#3655,#829);
#616=LINE('',#3658,#830);
#617=LINE('',#3659,#831);
#618=LINE('',#3661,#832);
#619=LINE('',#3665,#833);
#620=LINE('',#3668,#834);
#621=VECTOR('',#2398,10.);
#622=VECTOR('',#2399,10.);
#623=VECTOR('',#2400,10.);
#624=VECTOR('',#2401,10.);
#625=VECTOR('',#2404,10.);
#626=VECTOR('',#2405,10.);
#627=VECTOR('',#2406,10.);
#628=VECTOR('',#2409,10.);
#629=VECTOR('',#2410,10.);
#630=VECTOR('',#2411,10.);
#631=VECTOR('',#2414,10.);
#632=VECTOR('',#2415,10.);
#633=VECTOR('',#2416,10.);
#634=VECTOR('',#2417,10.);
#635=VECTOR('',#2418,10.);
#636=VECTOR('',#2421,10.);
#637=VECTOR('',#2422,10.);
#638=VECTOR('',#2423,10.);
#639=VECTOR('',#2426,10.);
#640=VECTOR('',#2427,10.);
#641=VECTOR('',#2428,10.);
#642=VECTOR('',#2431,10.);
#643=VECTOR('',#2434,10.);
#644=VECTOR('',#2435,10.);
#645=VECTOR('',#2436,10.);
#646=VECTOR('',#2439,10.);
#647=VECTOR('',#2442,10.);
#648=VECTOR('',#2445,10.);
#649=VECTOR('',#2446,10.);
#650=VECTOR('',#2447,10.);
#651=VECTOR('',#2448,10.);
#652=VECTOR('',#2449,10.);
#653=VECTOR('',#2450,10.);
#654=VECTOR('',#2451,10.);
#655=VECTOR('',#2452,10.);
#656=VECTOR('',#2453,10.);
#657=VECTOR('',#2454,10.);
#658=VECTOR('',#2455,10.);
#659=VECTOR('',#2456,10.);
#660=VECTOR('',#2463,10.);
#661=VECTOR('',#2464,10.);
#662=VECTOR('',#2465,10.);
#663=VECTOR('',#2466,10.);
#664=VECTOR('',#2469,10.);
#665=VECTOR('',#2470,10.);
#666=VECTOR('',#2471,10.);
#667=VECTOR('',#2472,10.);
#668=VECTOR('',#2475,10.);
#669=VECTOR('',#2478,10.);
#670=VECTOR('',#2479,10.);
#671=VECTOR('',#2480,10.);
#672=VECTOR('',#2485,10.);
#673=VECTOR('',#2486,10.);
#674=VECTOR('',#2487,10.);
#675=VECTOR('',#2488,10.);
#676=VECTOR('',#2489,10.);
#677=VECTOR('',#2490,10.);
#678=VECTOR('',#2491,10.);
#679=VECTOR('',#2492,10.);
#680=VECTOR('',#2493,10.);
#681=VECTOR('',#2494,10.);
#682=VECTOR('',#2495,10.);
#683=VECTOR('',#2496,10.);
#684=VECTOR('',#2497,10.);
#685=VECTOR('',#2502,10.);
#686=VECTOR('',#2503,10.);
#687=VECTOR('',#2506,10.);
#688=VECTOR('',#2509,10.);
#689=VECTOR('',#2514,10.);
#690=VECTOR('',#2517,10.);
#691=VECTOR('',#2522,10.);
#692=VECTOR('',#2523,10.);
#693=VECTOR('',#2524,10.);
#694=VECTOR('',#2527,10.);
#695=VECTOR('',#2528,10.);
#696=VECTOR('',#2531,10.);
#697=VECTOR('',#2532,10.);
#698=VECTOR('',#2539,10.);
#699=VECTOR('',#2542,10.);
#700=VECTOR('',#2543,10.);
#701=VECTOR('',#2544,10.);
#702=VECTOR('',#2549,10.);
#703=VECTOR('',#2550,10.);
#704=VECTOR('',#2553,10.);
#705=VECTOR('',#2558,10.);
#706=VECTOR('',#2561,10.);
#707=VECTOR('',#2562,10.);
#708=VECTOR('',#2563,10.);
#709=VECTOR('',#2566,10.);
#710=VECTOR('',#2567,10.);
#711=VECTOR('',#2570,10.);
#712=VECTOR('',#2571,10.);
#713=VECTOR('',#2580,0.5);
#714=VECTOR('',#2585,1.);
#715=VECTOR('',#2590,0.5);
#716=VECTOR('',#2595,1.);
#717=VECTOR('',#2600,0.5);
#718=VECTOR('',#2605,1.);
#719=VECTOR('',#2610,0.5);
#720=VECTOR('',#2615,1.);
#721=VECTOR('',#2620,0.5);
#722=VECTOR('',#2625,1.);
#723=VECTOR('',#2630,0.5);
#724=VECTOR('',#2635,1.);
#725=VECTOR('',#2638,10.);
#726=VECTOR('',#2639,10.);
#727=VECTOR('',#2640,10.);
#728=VECTOR('',#2641,10.);
#729=VECTOR('',#2644,10.);
#730=VECTOR('',#2645,10.);
#731=VECTOR('',#2646,10.);
#732=VECTOR('',#2649,10.);
#733=VECTOR('',#2650,10.);
#734=VECTOR('',#2651,10.);
#735=VECTOR('',#2654,10.);
#736=VECTOR('',#2655,10.);
#737=VECTOR('',#2660,10.);
#738=VECTOR('',#2663,10.);
#739=VECTOR('',#2668,10.);
#740=VECTOR('',#2671,10.);
#741=VECTOR('',#2674,10.);
#742=VECTOR('',#2675,10.);
#743=VECTOR('',#2676,10.);
#744=VECTOR('',#2677,10.);
#745=VECTOR('',#2680,10.);
#746=VECTOR('',#2683,10.);
#747=VECTOR('',#2686,10.);
#748=VECTOR('',#2689,10.);
#749=VECTOR('',#2694,4.);
#750=VECTOR('',#2723,10.);
#751=VECTOR('',#2726,10.);
#752=VECTOR('',#2729,10.);
#753=VECTOR('',#2734,10.);
#754=VECTOR('',#2737,10.);
#755=VECTOR('',#2738,10.);
#756=VECTOR('',#2743,10.);
#757=VECTOR('',#2766,10.);
#758=VECTOR('',#2767,10.);
#759=VECTOR('',#2772,10.);
#760=VECTOR('',#2773,10.);
#761=VECTOR('',#2776,10.);
#762=VECTOR('',#2779,10.);
#763=VECTOR('',#2780,10.);
#764=VECTOR('',#2783,10.);
#765=VECTOR('',#2784,10.);
#766=VECTOR('',#2793,10.);
#767=VECTOR('',#2798,10.);
#768=VECTOR('',#2803,10.);
#769=VECTOR('',#2806,10.);
#770=VECTOR('',#2809,10.);
#771=VECTOR('',#2810,10.);
#772=VECTOR('',#2813,10.);
#773=VECTOR('',#2816,10.);
#774=VECTOR('',#2821,1.65);
#775=VECTOR('',#2826,1.65);
#776=VECTOR('',#2831,10.);
#777=VECTOR('',#2834,10.);
#778=VECTOR('',#2837,10.);
#779=VECTOR('',#2838,10.);
#780=VECTOR('',#2839,10.);
#781=VECTOR('',#2844,10.);
#782=VECTOR('',#2847,1.65);
#783=VECTOR('',#2852,10.);
#784=VECTOR('',#2853,10.);
#785=VECTOR('',#2856,10.);
#786=VECTOR('',#2857,10.);
#787=VECTOR('',#2858,10.);
#788=VECTOR('',#2859,10.);
#789=VECTOR('',#2860,10.);
#790=VECTOR('',#2861,10.);
#791=VECTOR('',#2862,10.);
#792=VECTOR('',#2865,10.);
#793=VECTOR('',#2868,10.);
#794=VECTOR('',#2873,10.);
#795=VECTOR('',#2876,10.);
#796=VECTOR('',#2879,10.);
#797=VECTOR('',#2880,10.);
#798=VECTOR('',#2883,10.);
#799=VECTOR('',#2888,1.65);
#800=VECTOR('',#2893,10.);
#801=VECTOR('',#2896,10.);
#802=VECTOR('',#2899,10.);
#803=VECTOR('',#2904,10.);
#804=VECTOR('',#2907,10.);
#805=VECTOR('',#2914,10.);
#806=VECTOR('',#2915,10.);
#807=VECTOR('',#2920,10.);
#808=VECTOR('',#2921,10.);
#809=VECTOR('',#2926,10.);
#810=VECTOR('',#2931,6.);
#811=VECTOR('',#2950,10.);
#812=VECTOR('',#2953,10.);
#813=VECTOR('',#2954,10.);
#814=VECTOR('',#2955,10.);
#815=VECTOR('',#2956,10.);
#816=VECTOR('',#2957,10.);
#817=VECTOR('',#2958,10.);
#818=VECTOR('',#2967,1.25);
#819=VECTOR('',#2972,1.25);
#820=VECTOR('',#2979,10.);
#821=VECTOR('',#2982,10.);
#822=VECTOR('',#2983,10.);
#823=VECTOR('',#2986,10.);
#824=VECTOR('',#2987,10.);
#825=VECTOR('',#2990,10.);
#826=VECTOR('',#2993,10.);
#827=VECTOR('',#2994,10.);
#828=VECTOR('',#2997,10.);
#829=VECTOR('',#2998,10.);
#830=VECTOR('',#3001,10.);
#831=VECTOR('',#3002,10.);
#832=VECTOR('',#3005,10.);
#833=VECTOR('',#3012,10.);
#834=VECTOR('',#3017,10.);
#835=VERTEX_POINT('',#3022);
#836=VERTEX_POINT('',#3023);
#837=VERTEX_POINT('',#3025);
#838=VERTEX_POINT('',#3027);
#839=VERTEX_POINT('',#3031);
#840=VERTEX_POINT('',#3033);
#841=VERTEX_POINT('',#3037);
#842=VERTEX_POINT('',#3039);
#843=VERTEX_POINT('',#3043);
#844=VERTEX_POINT('',#3045);
#845=VERTEX_POINT('',#3047);
#846=VERTEX_POINT('',#3049);
#847=VERTEX_POINT('',#3053);
#848=VERTEX_POINT('',#3055);
#849=VERTEX_POINT('',#3059);
#850=VERTEX_POINT('',#3061);
#851=VERTEX_POINT('',#3068);
#852=VERTEX_POINT('',#3070);
#853=VERTEX_POINT('',#3072);
#854=VERTEX_POINT('',#3074);
#855=VERTEX_POINT('',#3076);
#856=VERTEX_POINT('',#3078);
#857=VERTEX_POINT('',#3080);
#858=VERTEX_POINT('',#3082);
#859=VERTEX_POINT('',#3084);
#860=VERTEX_POINT('',#3086);
#861=VERTEX_POINT('',#3088);
#862=VERTEX_POINT('',#3090);
#863=VERTEX_POINT('',#3092);
#864=VERTEX_POINT('',#3094);
#865=VERTEX_POINT('',#3096);
#866=VERTEX_POINT('',#3098);
#867=VERTEX_POINT('',#3100);
#868=VERTEX_POINT('',#3102);
#869=VERTEX_POINT('',#3105);
#870=VERTEX_POINT('',#3107);
#871=VERTEX_POINT('',#3110);
#872=VERTEX_POINT('',#3111);
#873=VERTEX_POINT('',#3113);
#874=VERTEX_POINT('',#3115);
#875=VERTEX_POINT('',#3119);
#876=VERTEX_POINT('',#3120);
#877=VERTEX_POINT('',#3122);
#878=VERTEX_POINT('',#3124);
#879=VERTEX_POINT('',#3128);
#880=VERTEX_POINT('',#3129);
#881=VERTEX_POINT('',#3131);
#882=VERTEX_POINT('',#3133);
#883=VERTEX_POINT('',#3135);
#884=VERTEX_POINT('',#3137);
#885=VERTEX_POINT('',#3140);
#886=VERTEX_POINT('',#3142);
#887=VERTEX_POINT('',#3144);
#888=VERTEX_POINT('',#3146);
#889=VERTEX_POINT('',#3148);
#890=VERTEX_POINT('',#3150);
#891=VERTEX_POINT('',#3152);
#892=VERTEX_POINT('',#3154);
#893=VERTEX_POINT('',#3156);
#894=VERTEX_POINT('',#3158);
#895=VERTEX_POINT('',#3160);
#896=VERTEX_POINT('',#3162);
#897=VERTEX_POINT('',#3164);
#898=VERTEX_POINT('',#3166);
#899=VERTEX_POINT('',#3169);
#900=VERTEX_POINT('',#3171);
#901=VERTEX_POINT('',#3176);
#902=VERTEX_POINT('',#3178);
#903=VERTEX_POINT('',#3180);
#904=VERTEX_POINT('',#3182);
#905=VERTEX_POINT('',#3184);
#906=VERTEX_POINT('',#3191);
#907=VERTEX_POINT('',#3193);
#908=VERTEX_POINT('',#3195);
#909=VERTEX_POINT('',#3199);
#910=VERTEX_POINT('',#3201);
#911=VERTEX_POINT('',#3205);
#912=VERTEX_POINT('',#3209);
#913=VERTEX_POINT('',#3215);
#914=VERTEX_POINT('',#3217);
#915=VERTEX_POINT('',#3219);
#916=VERTEX_POINT('',#3221);
#917=VERTEX_POINT('',#3223);
#918=VERTEX_POINT('',#3227);
#919=VERTEX_POINT('',#3228);
#920=VERTEX_POINT('',#3230);
#921=VERTEX_POINT('',#3232);
#922=VERTEX_POINT('',#3234);
#923=VERTEX_POINT('',#3237);
#924=VERTEX_POINT('',#3241);
#925=VERTEX_POINT('',#3243);
#926=VERTEX_POINT('',#3247);
#927=VERTEX_POINT('',#3251);
#928=VERTEX_POINT('',#3257);
#929=VERTEX_POINT('',#3259);
#930=VERTEX_POINT('',#3262);
#931=VERTEX_POINT('',#3266);
#932=VERTEX_POINT('',#3268);
#933=VERTEX_POINT('',#3271);
#934=VERTEX_POINT('',#3275);
#935=VERTEX_POINT('',#3277);
#936=VERTEX_POINT('',#3280);
#937=VERTEX_POINT('',#3284);
#938=VERTEX_POINT('',#3286);
#939=VERTEX_POINT('',#3289);
#940=VERTEX_POINT('',#3293);
#941=VERTEX_POINT('',#3295);
#942=VERTEX_POINT('',#3298);
#943=VERTEX_POINT('',#3302);
#944=VERTEX_POINT('',#3304);
#945=VERTEX_POINT('',#3307);
#946=VERTEX_POINT('',#3311);
#947=VERTEX_POINT('',#3312);
#948=VERTEX_POINT('',#3314);
#949=VERTEX_POINT('',#3316);
#950=VERTEX_POINT('',#3320);
#951=VERTEX_POINT('',#3322);
#952=VERTEX_POINT('',#3326);
#953=VERTEX_POINT('',#3328);
#954=VERTEX_POINT('',#3336);
#955=VERTEX_POINT('',#3338);
#956=VERTEX_POINT('',#3340);
#957=VERTEX_POINT('',#3342);
#958=VERTEX_POINT('',#3349);
#959=VERTEX_POINT('',#3351);
#960=VERTEX_POINT('',#3353);
#961=VERTEX_POINT('',#3359);
#962=VERTEX_POINT('',#3361);
#963=VERTEX_POINT('',#3365);
#964=VERTEX_POINT('',#3371);
#965=VERTEX_POINT('',#3377);
#966=VERTEX_POINT('',#3379);
#967=VERTEX_POINT('',#3383);
#968=VERTEX_POINT('',#3385);
#969=VERTEX_POINT('',#3387);
#970=VERTEX_POINT('',#3389);
#971=VERTEX_POINT('',#3391);
#972=VERTEX_POINT('',#3393);
#973=VERTEX_POINT('',#3395);
#974=VERTEX_POINT('',#3397);
#975=VERTEX_POINT('',#3399);
#976=VERTEX_POINT('',#3401);
#977=VERTEX_POINT('',#3403);
#978=VERTEX_POINT('',#3405);
#979=VERTEX_POINT('',#3407);
#980=VERTEX_POINT('',#3409);
#981=VERTEX_POINT('',#3413);
#982=VERTEX_POINT('',#3415);
#983=VERTEX_POINT('',#3422);
#984=VERTEX_POINT('',#3424);
#985=VERTEX_POINT('',#3426);
#986=VERTEX_POINT('',#3430);
#987=VERTEX_POINT('',#3432);
#988=VERTEX_POINT('',#3434);
#989=VERTEX_POINT('',#3441);
#990=VERTEX_POINT('',#3445);
#991=VERTEX_POINT('',#3447);
#992=VERTEX_POINT('',#3449);
#993=VERTEX_POINT('',#3451);
#994=VERTEX_POINT('',#3453);
#995=VERTEX_POINT('',#3455);
#996=VERTEX_POINT('',#3457);
#997=VERTEX_POINT('',#3463);
#998=VERTEX_POINT('',#3465);
#999=VERTEX_POINT('',#3467);
#1000=VERTEX_POINT('',#3469);
#1001=VERTEX_POINT('',#3476);
#1002=VERTEX_POINT('',#3478);
#1003=VERTEX_POINT('',#3480);
#1004=VERTEX_POINT('',#3484);
#1005=VERTEX_POINT('',#3488);
#1006=VERTEX_POINT('',#3490);
#1007=VERTEX_POINT('',#3492);
#1008=VERTEX_POINT('',#3500);
#1009=VERTEX_POINT('',#3504);
#1010=VERTEX_POINT('',#3508);
#1011=VERTEX_POINT('',#3509);
#1012=VERTEX_POINT('',#3511);
#1013=VERTEX_POINT('',#3513);
#1014=VERTEX_POINT('',#3518);
#1015=VERTEX_POINT('',#3521);
#1016=VERTEX_POINT('',#3526);
#1017=VERTEX_POINT('',#3530);
#1018=VERTEX_POINT('',#3535);
#1019=VERTEX_POINT('',#3537);
#1020=VERTEX_POINT('',#3540);
#1021=VERTEX_POINT('',#3542);
#1022=VERTEX_POINT('',#3550);
#1023=VERTEX_POINT('',#3551);
#1024=VERTEX_POINT('',#3553);
#1025=VERTEX_POINT('',#3555);
#1026=VERTEX_POINT('',#3563);
#1027=VERTEX_POINT('',#3566);
#1028=VERTEX_POINT('',#3576);
#1029=VERTEX_POINT('',#3580);
#1030=VERTEX_POINT('',#3584);
#1031=VERTEX_POINT('',#3589);
#1032=VERTEX_POINT('',#3597);
#1033=VERTEX_POINT('',#3611);
#1034=VERTEX_POINT('',#3613);
#1035=VERTEX_POINT('',#3616);
#1036=VERTEX_POINT('',#3618);
#1037=VERTEX_POINT('',#3621);
#1038=VERTEX_POINT('',#3623);
#1039=VERTEX_POINT('',#3626);
#1040=VERTEX_POINT('',#3630);
#1041=VERTEX_POINT('',#3634);
#1042=VERTEX_POINT('',#3636);
#1043=VERTEX_POINT('',#3640);
#1044=VERTEX_POINT('',#3644);
#1045=VERTEX_POINT('',#3653);
#1046=VERTEX_POINT('',#3657);
#1047=EDGE_CURVE('',#835,#836,#407,.T.);
#1048=EDGE_CURVE('',#837,#835,#408,.T.);
#1049=EDGE_CURVE('',#838,#837,#409,.T.);
#1050=EDGE_CURVE('',#838,#836,#410,.T.);
#1051=EDGE_CURVE('',#836,#839,#411,.T.);
#1052=EDGE_CURVE('',#840,#838,#412,.T.);
#1053=EDGE_CURVE('',#840,#839,#413,.T.);
#1054=EDGE_CURVE('',#841,#835,#414,.T.);
#1055=EDGE_CURVE('',#842,#841,#415,.T.);
#1056=EDGE_CURVE('',#837,#842,#416,.T.);
#1057=EDGE_CURVE('',#843,#842,#417,.T.);
#1058=EDGE_CURVE('',#843,#844,#418,.T.);
#1059=EDGE_CURVE('',#845,#844,#419,.T.);
#1060=EDGE_CURVE('',#846,#845,#420,.T.);
#1061=EDGE_CURVE('',#840,#846,#421,.T.);
#1062=EDGE_CURVE('',#847,#843,#422,.T.);
#1063=EDGE_CURVE('',#847,#848,#423,.T.);
#1064=EDGE_CURVE('',#844,#848,#424,.T.);
#1065=EDGE_CURVE('',#846,#849,#425,.T.);
#1066=EDGE_CURVE('',#850,#845,#426,.T.);
#1067=EDGE_CURVE('',#849,#850,#427,.T.);
#1068=EDGE_CURVE('',#848,#850,#428,.T.);
#1069=EDGE_CURVE('',#839,#841,#429,.T.);
#1070=EDGE_CURVE('',#849,#851,#430,.T.);
#1071=EDGE_CURVE('',#851,#852,#431,.T.);
#1072=EDGE_CURVE('',#852,#853,#88,.T.);
#1073=EDGE_CURVE('',#854,#853,#432,.T.);
#1074=EDGE_CURVE('',#854,#855,#89,.T.);
#1075=EDGE_CURVE('',#856,#855,#433,.T.);
#1076=EDGE_CURVE('',#856,#857,#90,.T.);
#1077=EDGE_CURVE('',#857,#858,#434,.T.);
#1078=EDGE_CURVE('',#858,#859,#435,.T.);
#1079=EDGE_CURVE('',#859,#860,#436,.T.);
#1080=EDGE_CURVE('',#860,#861,#437,.T.);
#1081=EDGE_CURVE('',#861,#862,#438,.T.);
#1082=EDGE_CURVE('',#862,#863,#439,.T.);
#1083=EDGE_CURVE('',#863,#864,#440,.T.);
#1084=EDGE_CURVE('',#864,#865,#441,.T.);
#1085=EDGE_CURVE('',#865,#866,#442,.T.);
#1086=EDGE_CURVE('',#866,#867,#443,.T.);
#1087=EDGE_CURVE('',#867,#868,#444,.T.);
#1088=EDGE_CURVE('',#868,#847,#445,.T.);
#1089=EDGE_CURVE('',#869,#869,#91,.T.);
#1090=EDGE_CURVE('',#870,#870,#92,.T.);
#1091=EDGE_CURVE('',#871,#872,#446,.F.);
#1092=EDGE_CURVE('',#871,#873,#447,.T.);
#1093=EDGE_CURVE('',#874,#873,#448,.F.);
#1094=EDGE_CURVE('',#872,#874,#449,.F.);
#1095=EDGE_CURVE('',#875,#876,#450,.F.);
#1096=EDGE_CURVE('',#875,#877,#451,.T.);
#1097=EDGE_CURVE('',#878,#877,#452,.F.);
#1098=EDGE_CURVE('',#876,#878,#453,.F.);
#1099=EDGE_CURVE('',#879,#880,#454,.F.);
#1100=EDGE_CURVE('',#880,#881,#93,.T.);
#1101=EDGE_CURVE('',#881,#882,#455,.F.);
#1102=EDGE_CURVE('',#882,#883,#456,.F.);
#1103=EDGE_CURVE('',#883,#884,#457,.F.);
#1104=EDGE_CURVE('',#884,#875,#94,.T.);
#1105=EDGE_CURVE('',#885,#876,#95,.T.);
#1106=EDGE_CURVE('',#885,#886,#458,.T.);
#1107=EDGE_CURVE('',#886,#887,#459,.T.);
#1108=EDGE_CURVE('',#887,#888,#460,.F.);
#1109=EDGE_CURVE('',#888,#889,#461,.T.);
#1110=EDGE_CURVE('',#889,#890,#462,.T.);
#1111=EDGE_CURVE('',#890,#891,#463,.T.);
#1112=EDGE_CURVE('',#891,#892,#464,.T.);
#1113=EDGE_CURVE('',#892,#893,#465,.T.);
#1114=EDGE_CURVE('',#893,#894,#466,.T.);
#1115=EDGE_CURVE('',#894,#895,#467,.T.);
#1116=EDGE_CURVE('',#895,#896,#468,.F.);
#1117=EDGE_CURVE('',#896,#897,#469,.T.);
#1118=EDGE_CURVE('',#898,#897,#470,.T.);
#1119=EDGE_CURVE('',#871,#898,#96,.T.);
#1120=EDGE_CURVE('',#872,#899,#97,.T.);
#1121=EDGE_CURVE('',#899,#900,#471,.F.);
#1122=EDGE_CURVE('',#900,#879,#472,.F.);
#1123=EDGE_CURVE('',#898,#857,#473,.T.);
#1124=EDGE_CURVE('',#901,#856,#34,.T.);
#1125=EDGE_CURVE('',#901,#902,#474,.T.);
#1126=EDGE_CURVE('',#903,#902,#98,.T.);
#1127=EDGE_CURVE('',#904,#903,#35,.T.);
#1128=EDGE_CURVE('',#905,#904,#32,.T.);
#1129=EDGE_CURVE('',#906,#905,#475,.T.);
#1130=EDGE_CURVE('',#907,#906,#99,.T.);
#1131=EDGE_CURVE('',#907,#908,#476,.T.);
#1132=EDGE_CURVE('',#873,#908,#100,.T.);
#1133=EDGE_CURVE('',#881,#909,#477,.T.);
#1134=EDGE_CURVE('',#910,#909,#478,.F.);
#1135=EDGE_CURVE('',#882,#910,#479,.F.);
#1136=EDGE_CURVE('',#911,#910,#480,.F.);
#1137=EDGE_CURVE('',#883,#911,#481,.T.);
#1138=EDGE_CURVE('',#912,#911,#482,.F.);
#1139=EDGE_CURVE('',#884,#912,#483,.F.);
#1140=EDGE_CURVE('',#909,#912,#101,.T.);
#1141=EDGE_CURVE('',#908,#913,#484,.T.);
#1142=EDGE_CURVE('',#913,#914,#102,.T.);
#1143=EDGE_CURVE('',#914,#915,#485,.T.);
#1144=EDGE_CURVE('',#915,#916,#486,.T.);
#1145=EDGE_CURVE('',#916,#917,#487,.T.);
#1146=EDGE_CURVE('',#917,#874,#103,.T.);
#1147=EDGE_CURVE('',#918,#919,#488,.T.);
#1148=EDGE_CURVE('',#919,#920,#489,.T.);
#1149=EDGE_CURVE('',#920,#921,#104,.T.);
#1150=EDGE_CURVE('',#921,#922,#490,.T.);
#1151=EDGE_CURVE('',#922,#878,#105,.T.);
#1152=EDGE_CURVE('',#877,#923,#106,.T.);
#1153=EDGE_CURVE('',#923,#918,#491,.T.);
#1154=EDGE_CURVE('',#900,#924,#492,.T.);
#1155=EDGE_CURVE('',#925,#924,#493,.F.);
#1156=EDGE_CURVE('',#879,#925,#494,.T.);
#1157=EDGE_CURVE('',#926,#925,#495,.F.);
#1158=EDGE_CURVE('',#880,#926,#496,.F.);
#1159=EDGE_CURVE('',#899,#927,#497,.T.);
#1160=EDGE_CURVE('',#924,#927,#498,.F.);
#1161=EDGE_CURVE('',#927,#926,#107,.T.);
#1162=EDGE_CURVE('',#928,#928,#108,.T.);
#1163=EDGE_CURVE('',#928,#929,#499,.T.);
#1164=EDGE_CURVE('',#930,#930,#109,.T.);
#1165=EDGE_CURVE('',#930,#928,#500,.T.);
#1166=EDGE_CURVE('',#931,#931,#110,.T.);
#1167=EDGE_CURVE('',#931,#932,#501,.T.);
#1168=EDGE_CURVE('',#933,#933,#111,.T.);
#1169=EDGE_CURVE('',#933,#931,#502,.T.);
#1170=EDGE_CURVE('',#934,#934,#112,.T.);
#1171=EDGE_CURVE('',#934,#935,#503,.T.);
#1172=EDGE_CURVE('',#936,#936,#113,.T.);
#1173=EDGE_CURVE('',#936,#934,#504,.T.);
#1174=EDGE_CURVE('',#937,#937,#114,.T.);
#1175=EDGE_CURVE('',#937,#938,#505,.T.);
#1176=EDGE_CURVE('',#939,#939,#115,.T.);
#1177=EDGE_CURVE('',#939,#937,#506,.T.);
#1178=EDGE_CURVE('',#940,#940,#116,.T.);
#1179=EDGE_CURVE('',#940,#941,#507,.T.);
#1180=EDGE_CURVE('',#942,#942,#117,.T.);
#1181=EDGE_CURVE('',#942,#940,#508,.T.);
#1182=EDGE_CURVE('',#943,#943,#118,.T.);
#1183=EDGE_CURVE('',#943,#944,#509,.T.);
#1184=EDGE_CURVE('',#945,#945,#119,.T.);
#1185=EDGE_CURVE('',#945,#943,#510,.T.);
#1186=EDGE_CURVE('',#946,#947,#511,.T.);
#1187=EDGE_CURVE('',#946,#948,#512,.T.);
#1188=EDGE_CURVE('',#948,#949,#513,.T.);
#1189=EDGE_CURVE('',#947,#949,#514,.T.);
#1190=EDGE_CURVE('',#950,#946,#515,.T.);
#1191=EDGE_CURVE('',#950,#951,#516,.T.);
#1192=EDGE_CURVE('',#951,#948,#517,.T.);
#1193=EDGE_CURVE('',#952,#950,#518,.T.);
#1194=EDGE_CURVE('',#952,#953,#519,.T.);
#1195=EDGE_CURVE('',#953,#951,#520,.T.);
#1196=EDGE_CURVE('',#947,#952,#521,.T.);
#1197=EDGE_CURVE('',#949,#953,#522,.T.);
#1198=EDGE_CURVE('',#922,#954,#523,.T.);
#1199=EDGE_CURVE('',#955,#954,#120,.T.);
#1200=EDGE_CURVE('',#955,#956,#524,.T.);
#1201=EDGE_CURVE('',#957,#956,#33,.T.);
#1202=EDGE_CURVE('',#958,#957,#36,.T.);
#1203=EDGE_CURVE('',#959,#958,#121,.T.);
#1204=EDGE_CURVE('',#959,#960,#525,.T.);
#1205=EDGE_CURVE('',#853,#960,#37,.T.);
#1206=EDGE_CURVE('',#885,#852,#526,.T.);
#1207=EDGE_CURVE('',#954,#907,#527,.T.);
#1208=EDGE_CURVE('',#921,#961,#528,.T.);
#1209=EDGE_CURVE('',#962,#961,#529,.T.);
#1210=EDGE_CURVE('',#913,#962,#530,.T.);
#1211=EDGE_CURVE('',#963,#905,#21,.T.);
#1212=EDGE_CURVE('',#906,#963,#531,.T.);
#1213=EDGE_CURVE('',#956,#964,#22,.T.);
#1214=EDGE_CURVE('',#964,#955,#532,.T.);
#1215=EDGE_CURVE('',#965,#964,#533,.T.);
#1216=EDGE_CURVE('',#965,#966,#122,.T.);
#1217=EDGE_CURVE('',#957,#966,#534,.T.);
#1218=EDGE_CURVE('',#967,#967,#123,.T.);
#1219=EDGE_CURVE('',#967,#968,#535,.T.);
#1220=EDGE_CURVE('',#968,#969,#124,.T.);
#1221=EDGE_CURVE('',#970,#969,#38,.T.);
#1222=EDGE_CURVE('',#971,#970,#125,.T.);
#1223=EDGE_CURVE('',#972,#971,#39,.T.);
#1224=EDGE_CURVE('',#972,#973,#126,.T.);
#1225=EDGE_CURVE('',#974,#973,#40,.T.);
#1226=EDGE_CURVE('',#975,#974,#127,.T.);
#1227=EDGE_CURVE('',#976,#975,#41,.T.);
#1228=EDGE_CURVE('',#976,#977,#128,.T.);
#1229=EDGE_CURVE('',#978,#977,#42,.T.);
#1230=EDGE_CURVE('',#979,#978,#129,.T.);
#1231=EDGE_CURVE('',#980,#979,#43,.T.);
#1232=EDGE_CURVE('',#980,#968,#130,.T.);
#1233=EDGE_CURVE('',#981,#904,#536,.T.);
#1234=EDGE_CURVE('',#981,#982,#131,.T.);
#1235=EDGE_CURVE('',#963,#982,#537,.T.);
#1236=EDGE_CURVE('',#963,#969,#538,.T.);
#1237=EDGE_CURVE('',#982,#970,#132,.T.);
#1238=EDGE_CURVE('',#983,#976,#539,.T.);
#1239=EDGE_CURVE('',#984,#983,#133,.T.);
#1240=EDGE_CURVE('',#985,#984,#540,.T.);
#1241=EDGE_CURVE('',#977,#985,#541,.T.);
#1242=EDGE_CURVE('',#975,#986,#134,.T.);
#1243=EDGE_CURVE('',#986,#987,#542,.T.);
#1244=EDGE_CURVE('',#987,#988,#135,.T.);
#1245=EDGE_CURVE('',#988,#983,#44,.T.);
#1246=EDGE_CURVE('',#966,#978,#136,.T.);
#1247=EDGE_CURVE('',#979,#965,#137,.T.);
#1248=EDGE_CURVE('',#989,#974,#138,.T.);
#1249=EDGE_CURVE('',#986,#989,#139,.T.);
#1250=EDGE_CURVE('',#990,#962,#140,.T.);
#1251=EDGE_CURVE('',#961,#991,#141,.T.);
#1252=EDGE_CURVE('',#991,#992,#543,.T.);
#1253=EDGE_CURVE('',#992,#993,#544,.T.);
#1254=EDGE_CURVE('',#994,#993,#142,.T.);
#1255=EDGE_CURVE('',#995,#994,#143,.T.);
#1256=EDGE_CURVE('',#995,#996,#545,.T.);
#1257=EDGE_CURVE('',#996,#990,#546,.T.);
#1258=EDGE_CURVE('',#980,#964,#547,.T.);
#1259=EDGE_CURVE('',#903,#997,#548,.T.);
#1260=EDGE_CURVE('',#998,#997,#549,.T.);
#1261=EDGE_CURVE('',#998,#999,#144,.T.);
#1262=EDGE_CURVE('',#999,#1000,#550,.T.);
#1263=EDGE_CURVE('',#1000,#972,#551,.T.);
#1264=EDGE_CURVE('',#971,#981,#145,.T.);
#1265=EDGE_CURVE('',#973,#1001,#552,.T.);
#1266=EDGE_CURVE('',#1001,#1002,#45,.T.);
#1267=EDGE_CURVE('',#1002,#1003,#146,.T.);
#1268=EDGE_CURVE('',#1003,#989,#553,.T.);
#1269=EDGE_CURVE('',#1001,#1004,#147,.T.);
#1270=EDGE_CURVE('',#1004,#1000,#554,.T.);
#1271=EDGE_CURVE('',#985,#1005,#555,.T.);
#1272=EDGE_CURVE('',#1005,#1006,#148,.T.);
#1273=EDGE_CURVE('',#1007,#1006,#556,.T.);
#1274=EDGE_CURVE('',#1007,#958,#557,.T.);
#1275=EDGE_CURVE('',#1007,#959,#558,.T.);
#1276=EDGE_CURVE('',#902,#997,#559,.T.);
#1277=EDGE_CURVE('',#1008,#1008,#149,.T.);
#1278=EDGE_CURVE('',#1008,#869,#560,.T.);
#1279=EDGE_CURVE('',#1009,#1009,#150,.T.);
#1280=EDGE_CURVE('',#1009,#870,#561,.T.);
#1281=EDGE_CURVE('',#1010,#1011,#151,.T.);
#1282=EDGE_CURVE('',#1011,#1012,#562,.T.);
#1283=EDGE_CURVE('',#1012,#1013,#152,.T.);
#1284=EDGE_CURVE('',#1013,#1010,#563,.T.);
#1285=EDGE_CURVE('',#865,#1010,#564,.T.);
#1286=EDGE_CURVE('',#1014,#864,#565,.T.);
#1287=EDGE_CURVE('',#1011,#1014,#566,.T.);
#1288=EDGE_CURVE('',#1015,#1015,#153,.T.);
#1289=EDGE_CURVE('',#866,#1013,#567,.T.);
#1290=EDGE_CURVE('',#1015,#1016,#568,.T.);
#1291=EDGE_CURVE('',#1016,#1016,#154,.T.);
#1292=EDGE_CURVE('',#1017,#1014,#569,.T.);
#1293=EDGE_CURVE('',#1012,#1017,#570,.T.);
#1294=EDGE_CURVE('',#889,#1017,#571,.T.);
#1295=EDGE_CURVE('',#1018,#863,#572,.T.);
#1296=EDGE_CURVE('',#1019,#1018,#573,.T.);
#1297=EDGE_CURVE('',#1019,#894,#574,.T.);
#1298=EDGE_CURVE('',#893,#1020,#575,.T.);
#1299=EDGE_CURVE('',#1021,#1020,#576,.T.);
#1300=EDGE_CURVE('',#890,#1021,#577,.T.);
#1301=EDGE_CURVE('',#888,#867,#578,.F.);
#1302=EDGE_CURVE('',#868,#887,#579,.T.);
#1303=EDGE_CURVE('',#1022,#1023,#155,.T.);
#1304=EDGE_CURVE('',#1023,#1024,#580,.T.);
#1305=EDGE_CURVE('',#1024,#1025,#156,.T.);
#1306=EDGE_CURVE('',#1025,#1022,#581,.T.);
#1307=EDGE_CURVE('',#862,#1023,#582,.T.);
#1308=EDGE_CURVE('',#861,#1024,#583,.T.);
#1309=EDGE_CURVE('',#1022,#1018,#584,.T.);
#1310=EDGE_CURVE('',#1026,#1026,#157,.T.);
#1311=EDGE_CURVE('',#1026,#1027,#585,.T.);
#1312=EDGE_CURVE('',#1027,#1027,#158,.T.);
#1313=EDGE_CURVE('',#1025,#1019,#586,.T.);
#1314=EDGE_CURVE('',#895,#860,#587,.T.);
#1315=EDGE_CURVE('',#896,#859,#588,.T.);
#1316=EDGE_CURVE('',#855,#1028,#46,.T.);
#1317=EDGE_CURVE('',#1028,#901,#589,.T.);
#1318=EDGE_CURVE('',#960,#1029,#590,.T.);
#1319=EDGE_CURVE('',#1029,#854,#47,.T.);
#1320=EDGE_CURVE('',#1006,#1030,#159,.T.);
#1321=EDGE_CURVE('',#1030,#992,#591,.T.);
#1322=EDGE_CURVE('',#1029,#991,#592,.T.);
#1323=EDGE_CURVE('',#1031,#999,#160,.T.);
#1324=EDGE_CURVE('',#996,#1031,#593,.T.);
#1325=EDGE_CURVE('',#1004,#995,#594,.T.);
#1326=EDGE_CURVE('',#1005,#1030,#161,.T.);
#1327=EDGE_CURVE('',#984,#993,#595,.T.);
#1328=EDGE_CURVE('',#1032,#1032,#162,.T.);
#1329=EDGE_CURVE('',#1032,#994,#596,.T.);
#1330=EDGE_CURVE('',#1002,#988,#163,.T.);
#1331=EDGE_CURVE('',#1031,#998,#164,.T.);
#1332=EDGE_CURVE('',#987,#1003,#165,.T.);
#1333=EDGE_CURVE('',#1028,#990,#597,.T.);
#1334=EDGE_CURVE('',#923,#1033,#598,.T.);
#1335=EDGE_CURVE('',#1033,#1034,#599,.T.);
#1336=EDGE_CURVE('',#1034,#917,#600,.T.);
#1337=EDGE_CURVE('',#1035,#916,#601,.T.);
#1338=EDGE_CURVE('',#1036,#1035,#602,.T.);
#1339=EDGE_CURVE('',#1036,#918,#603,.T.);
#1340=EDGE_CURVE('',#1037,#1037,#166,.T.);
#1341=EDGE_CURVE('',#1038,#1038,#167,.T.);
#1342=EDGE_CURVE('',#1039,#1039,#168,.T.);
#1343=EDGE_CURVE('',#1039,#1038,#604,.T.);
#1344=EDGE_CURVE('',#1040,#1040,#169,.T.);
#1345=EDGE_CURVE('',#1040,#1037,#605,.T.);
#1346=EDGE_CURVE('',#1034,#1041,#170,.T.);
#1347=EDGE_CURVE('',#1042,#1033,#171,.T.);
#1348=EDGE_CURVE('',#1041,#1042,#606,.T.);
#1349=EDGE_CURVE('',#1043,#915,#607,.T.);
#1350=EDGE_CURVE('',#1035,#1043,#608,.T.);
#1351=EDGE_CURVE('',#1044,#1043,#609,.T.);
#1352=EDGE_CURVE('',#1036,#1044,#610,.T.);
#1353=EDGE_CURVE('',#1044,#919,#611,.T.);
#1354=EDGE_CURVE('',#914,#1041,#612,.T.);
#1355=EDGE_CURVE('',#1042,#920,#613,.T.);
#1356=EDGE_CURVE('',#892,#1045,#614,.T.);
#1357=EDGE_CURVE('',#1020,#1045,#615,.T.);
#1358=EDGE_CURVE('',#1046,#1021,#616,.T.);
#1359=EDGE_CURVE('',#891,#1046,#617,.T.);
#1360=EDGE_CURVE('',#1045,#1046,#618,.T.);
#1361=EDGE_CURVE('',#886,#851,#619,.T.);
#1362=EDGE_CURVE('',#897,#858,#620,.T.);
#1363=ORIENTED_EDGE('',*,*,#1047,.F.);
#1364=ORIENTED_EDGE('',*,*,#1048,.F.);
#1365=ORIENTED_EDGE('',*,*,#1049,.F.);
#1366=ORIENTED_EDGE('',*,*,#1050,.T.);
#1367=ORIENTED_EDGE('',*,*,#1051,.F.);
#1368=ORIENTED_EDGE('',*,*,#1050,.F.);
#1369=ORIENTED_EDGE('',*,*,#1052,.F.);
#1370=ORIENTED_EDGE('',*,*,#1053,.T.);
#1371=ORIENTED_EDGE('',*,*,#1054,.F.);
#1372=ORIENTED_EDGE('',*,*,#1055,.F.);
#1373=ORIENTED_EDGE('',*,*,#1056,.F.);
#1374=ORIENTED_EDGE('',*,*,#1048,.T.);
#1375=ORIENTED_EDGE('',*,*,#1052,.T.);
#1376=ORIENTED_EDGE('',*,*,#1049,.T.);
#1377=ORIENTED_EDGE('',*,*,#1056,.T.);
#1378=ORIENTED_EDGE('',*,*,#1057,.F.);
#1379=ORIENTED_EDGE('',*,*,#1058,.T.);
#1380=ORIENTED_EDGE('',*,*,#1059,.F.);
#1381=ORIENTED_EDGE('',*,*,#1060,.F.);
#1382=ORIENTED_EDGE('',*,*,#1061,.F.);
#1383=ORIENTED_EDGE('',*,*,#1062,.F.);
#1384=ORIENTED_EDGE('',*,*,#1063,.T.);
#1385=ORIENTED_EDGE('',*,*,#1064,.F.);
#1386=ORIENTED_EDGE('',*,*,#1058,.F.);
#1387=ORIENTED_EDGE('',*,*,#1065,.F.);
#1388=ORIENTED_EDGE('',*,*,#1060,.T.);
#1389=ORIENTED_EDGE('',*,*,#1066,.F.);
#1390=ORIENTED_EDGE('',*,*,#1067,.F.);
#1391=ORIENTED_EDGE('',*,*,#1066,.T.);
#1392=ORIENTED_EDGE('',*,*,#1059,.T.);
#1393=ORIENTED_EDGE('',*,*,#1064,.T.);
#1394=ORIENTED_EDGE('',*,*,#1068,.T.);
#1395=ORIENTED_EDGE('',*,*,#1062,.T.);
#1396=ORIENTED_EDGE('',*,*,#1057,.T.);
#1397=ORIENTED_EDGE('',*,*,#1055,.T.);
#1398=ORIENTED_EDGE('',*,*,#1069,.F.);
#1399=ORIENTED_EDGE('',*,*,#1053,.F.);
#1400=ORIENTED_EDGE('',*,*,#1061,.T.);
#1401=ORIENTED_EDGE('',*,*,#1065,.T.);
#1402=ORIENTED_EDGE('',*,*,#1070,.T.);
#1403=ORIENTED_EDGE('',*,*,#1071,.T.);
#1404=ORIENTED_EDGE('',*,*,#1072,.T.);
#1405=ORIENTED_EDGE('',*,*,#1073,.F.);
#1406=ORIENTED_EDGE('',*,*,#1074,.T.);
#1407=ORIENTED_EDGE('',*,*,#1075,.F.);
#1408=ORIENTED_EDGE('',*,*,#1076,.T.);
#1409=ORIENTED_EDGE('',*,*,#1077,.T.);
#1410=ORIENTED_EDGE('',*,*,#1078,.T.);
#1411=ORIENTED_EDGE('',*,*,#1079,.T.);
#1412=ORIENTED_EDGE('',*,*,#1080,.T.);
#1413=ORIENTED_EDGE('',*,*,#1081,.T.);
#1414=ORIENTED_EDGE('',*,*,#1082,.T.);
#1415=ORIENTED_EDGE('',*,*,#1083,.T.);
#1416=ORIENTED_EDGE('',*,*,#1084,.T.);
#1417=ORIENTED_EDGE('',*,*,#1085,.T.);
#1418=ORIENTED_EDGE('',*,*,#1086,.T.);
#1419=ORIENTED_EDGE('',*,*,#1087,.T.);
#1420=ORIENTED_EDGE('',*,*,#1088,.T.);
#1421=ORIENTED_EDGE('',*,*,#1089,.T.);
#1422=ORIENTED_EDGE('',*,*,#1090,.T.);
#1423=ORIENTED_EDGE('',*,*,#1091,.F.);
#1424=ORIENTED_EDGE('',*,*,#1092,.T.);
#1425=ORIENTED_EDGE('',*,*,#1093,.F.);
#1426=ORIENTED_EDGE('',*,*,#1094,.F.);
#1427=ORIENTED_EDGE('',*,*,#1095,.F.);
#1428=ORIENTED_EDGE('',*,*,#1096,.T.);
#1429=ORIENTED_EDGE('',*,*,#1097,.F.);
#1430=ORIENTED_EDGE('',*,*,#1098,.F.);
#1431=ORIENTED_EDGE('',*,*,#1099,.T.);
#1432=ORIENTED_EDGE('',*,*,#1100,.T.);
#1433=ORIENTED_EDGE('',*,*,#1101,.T.);
#1434=ORIENTED_EDGE('',*,*,#1102,.T.);
#1435=ORIENTED_EDGE('',*,*,#1103,.T.);
#1436=ORIENTED_EDGE('',*,*,#1104,.T.);
#1437=ORIENTED_EDGE('',*,*,#1095,.T.);
#1438=ORIENTED_EDGE('',*,*,#1105,.F.);
#1439=ORIENTED_EDGE('',*,*,#1106,.T.);
#1440=ORIENTED_EDGE('',*,*,#1107,.T.);
#1441=ORIENTED_EDGE('',*,*,#1108,.T.);
#1442=ORIENTED_EDGE('',*,*,#1109,.T.);
#1443=ORIENTED_EDGE('',*,*,#1110,.T.);
#1444=ORIENTED_EDGE('',*,*,#1111,.T.);
#1445=ORIENTED_EDGE('',*,*,#1112,.T.);
#1446=ORIENTED_EDGE('',*,*,#1113,.T.);
#1447=ORIENTED_EDGE('',*,*,#1114,.T.);
#1448=ORIENTED_EDGE('',*,*,#1115,.T.);
#1449=ORIENTED_EDGE('',*,*,#1116,.T.);
#1450=ORIENTED_EDGE('',*,*,#1117,.T.);
#1451=ORIENTED_EDGE('',*,*,#1118,.F.);
#1452=ORIENTED_EDGE('',*,*,#1119,.F.);
#1453=ORIENTED_EDGE('',*,*,#1091,.T.);
#1454=ORIENTED_EDGE('',*,*,#1120,.T.);
#1455=ORIENTED_EDGE('',*,*,#1121,.T.);
#1456=ORIENTED_EDGE('',*,*,#1122,.T.);
#1457=ORIENTED_EDGE('',*,*,#1119,.T.);
#1458=ORIENTED_EDGE('',*,*,#1123,.T.);
#1459=ORIENTED_EDGE('',*,*,#1076,.F.);
#1460=ORIENTED_EDGE('',*,*,#1124,.F.);
#1461=ORIENTED_EDGE('',*,*,#1125,.T.);
#1462=ORIENTED_EDGE('',*,*,#1126,.F.);
#1463=ORIENTED_EDGE('',*,*,#1127,.F.);
#1464=ORIENTED_EDGE('',*,*,#1128,.F.);
#1465=ORIENTED_EDGE('',*,*,#1129,.F.);
#1466=ORIENTED_EDGE('',*,*,#1130,.F.);
#1467=ORIENTED_EDGE('',*,*,#1131,.T.);
#1468=ORIENTED_EDGE('',*,*,#1132,.F.);
#1469=ORIENTED_EDGE('',*,*,#1092,.F.);
#1470=ORIENTED_EDGE('',*,*,#1101,.F.);
#1471=ORIENTED_EDGE('',*,*,#1133,.T.);
#1472=ORIENTED_EDGE('',*,*,#1134,.F.);
#1473=ORIENTED_EDGE('',*,*,#1135,.F.);
#1474=ORIENTED_EDGE('',*,*,#1102,.F.);
#1475=ORIENTED_EDGE('',*,*,#1135,.T.);
#1476=ORIENTED_EDGE('',*,*,#1136,.F.);
#1477=ORIENTED_EDGE('',*,*,#1137,.F.);
#1478=ORIENTED_EDGE('',*,*,#1103,.F.);
#1479=ORIENTED_EDGE('',*,*,#1137,.T.);
#1480=ORIENTED_EDGE('',*,*,#1138,.F.);
#1481=ORIENTED_EDGE('',*,*,#1139,.F.);
#1482=ORIENTED_EDGE('',*,*,#1140,.T.);
#1483=ORIENTED_EDGE('',*,*,#1138,.T.);
#1484=ORIENTED_EDGE('',*,*,#1136,.T.);
#1485=ORIENTED_EDGE('',*,*,#1134,.T.);
#1486=ORIENTED_EDGE('',*,*,#1141,.T.);
#1487=ORIENTED_EDGE('',*,*,#1142,.T.);
#1488=ORIENTED_EDGE('',*,*,#1143,.T.);
#1489=ORIENTED_EDGE('',*,*,#1144,.T.);
#1490=ORIENTED_EDGE('',*,*,#1145,.T.);
#1491=ORIENTED_EDGE('',*,*,#1146,.T.);
#1492=ORIENTED_EDGE('',*,*,#1093,.T.);
#1493=ORIENTED_EDGE('',*,*,#1132,.T.);
#1494=ORIENTED_EDGE('',*,*,#1147,.T.);
#1495=ORIENTED_EDGE('',*,*,#1148,.T.);
#1496=ORIENTED_EDGE('',*,*,#1149,.T.);
#1497=ORIENTED_EDGE('',*,*,#1150,.T.);
#1498=ORIENTED_EDGE('',*,*,#1151,.T.);
#1499=ORIENTED_EDGE('',*,*,#1097,.T.);
#1500=ORIENTED_EDGE('',*,*,#1152,.T.);
#1501=ORIENTED_EDGE('',*,*,#1153,.T.);
#1502=ORIENTED_EDGE('',*,*,#1122,.F.);
#1503=ORIENTED_EDGE('',*,*,#1154,.T.);
#1504=ORIENTED_EDGE('',*,*,#1155,.F.);
#1505=ORIENTED_EDGE('',*,*,#1156,.F.);
#1506=ORIENTED_EDGE('',*,*,#1099,.F.);
#1507=ORIENTED_EDGE('',*,*,#1156,.T.);
#1508=ORIENTED_EDGE('',*,*,#1157,.F.);
#1509=ORIENTED_EDGE('',*,*,#1158,.F.);
#1510=ORIENTED_EDGE('',*,*,#1121,.F.);
#1511=ORIENTED_EDGE('',*,*,#1159,.T.);
#1512=ORIENTED_EDGE('',*,*,#1160,.F.);
#1513=ORIENTED_EDGE('',*,*,#1154,.F.);
#1514=ORIENTED_EDGE('',*,*,#1160,.T.);
#1515=ORIENTED_EDGE('',*,*,#1161,.T.);
#1516=ORIENTED_EDGE('',*,*,#1157,.T.);
#1517=ORIENTED_EDGE('',*,*,#1155,.T.);
#1518=ORIENTED_EDGE('',*,*,#1162,.F.);
#1519=ORIENTED_EDGE('',*,*,#1163,.T.);
#1520=ORIENTED_EDGE('',*,*,#1163,.F.);
#1521=ORIENTED_EDGE('',*,*,#1164,.F.);
#1522=ORIENTED_EDGE('',*,*,#1165,.T.);
#1523=ORIENTED_EDGE('',*,*,#1162,.T.);
#1524=ORIENTED_EDGE('',*,*,#1165,.F.);
#1525=ORIENTED_EDGE('',*,*,#1166,.F.);
#1526=ORIENTED_EDGE('',*,*,#1167,.T.);
#1527=ORIENTED_EDGE('',*,*,#1167,.F.);
#1528=ORIENTED_EDGE('',*,*,#1168,.F.);
#1529=ORIENTED_EDGE('',*,*,#1169,.T.);
#1530=ORIENTED_EDGE('',*,*,#1166,.T.);
#1531=ORIENTED_EDGE('',*,*,#1169,.F.);
#1532=ORIENTED_EDGE('',*,*,#1170,.F.);
#1533=ORIENTED_EDGE('',*,*,#1171,.T.);
#1534=ORIENTED_EDGE('',*,*,#1171,.F.);
#1535=ORIENTED_EDGE('',*,*,#1172,.F.);
#1536=ORIENTED_EDGE('',*,*,#1173,.T.);
#1537=ORIENTED_EDGE('',*,*,#1170,.T.);
#1538=ORIENTED_EDGE('',*,*,#1173,.F.);
#1539=ORIENTED_EDGE('',*,*,#1174,.F.);
#1540=ORIENTED_EDGE('',*,*,#1175,.T.);
#1541=ORIENTED_EDGE('',*,*,#1175,.F.);
#1542=ORIENTED_EDGE('',*,*,#1176,.F.);
#1543=ORIENTED_EDGE('',*,*,#1177,.T.);
#1544=ORIENTED_EDGE('',*,*,#1174,.T.);
#1545=ORIENTED_EDGE('',*,*,#1177,.F.);
#1546=ORIENTED_EDGE('',*,*,#1178,.F.);
#1547=ORIENTED_EDGE('',*,*,#1179,.T.);
#1548=ORIENTED_EDGE('',*,*,#1179,.F.);
#1549=ORIENTED_EDGE('',*,*,#1180,.F.);
#1550=ORIENTED_EDGE('',*,*,#1181,.T.);
#1551=ORIENTED_EDGE('',*,*,#1178,.T.);
#1552=ORIENTED_EDGE('',*,*,#1181,.F.);
#1553=ORIENTED_EDGE('',*,*,#1182,.F.);
#1554=ORIENTED_EDGE('',*,*,#1183,.T.);
#1555=ORIENTED_EDGE('',*,*,#1183,.F.);
#1556=ORIENTED_EDGE('',*,*,#1184,.F.);
#1557=ORIENTED_EDGE('',*,*,#1185,.T.);
#1558=ORIENTED_EDGE('',*,*,#1182,.T.);
#1559=ORIENTED_EDGE('',*,*,#1185,.F.);
#1560=ORIENTED_EDGE('',*,*,#1186,.F.);
#1561=ORIENTED_EDGE('',*,*,#1187,.T.);
#1562=ORIENTED_EDGE('',*,*,#1188,.T.);
#1563=ORIENTED_EDGE('',*,*,#1189,.F.);
#1564=ORIENTED_EDGE('',*,*,#1190,.F.);
#1565=ORIENTED_EDGE('',*,*,#1191,.T.);
#1566=ORIENTED_EDGE('',*,*,#1192,.T.);
#1567=ORIENTED_EDGE('',*,*,#1187,.F.);
#1568=ORIENTED_EDGE('',*,*,#1193,.F.);
#1569=ORIENTED_EDGE('',*,*,#1194,.T.);
#1570=ORIENTED_EDGE('',*,*,#1195,.T.);
#1571=ORIENTED_EDGE('',*,*,#1191,.F.);
#1572=ORIENTED_EDGE('',*,*,#1196,.F.);
#1573=ORIENTED_EDGE('',*,*,#1189,.T.);
#1574=ORIENTED_EDGE('',*,*,#1197,.T.);
#1575=ORIENTED_EDGE('',*,*,#1194,.F.);
#1576=ORIENTED_EDGE('',*,*,#1197,.F.);
#1577=ORIENTED_EDGE('',*,*,#1188,.F.);
#1578=ORIENTED_EDGE('',*,*,#1192,.F.);
#1579=ORIENTED_EDGE('',*,*,#1195,.F.);
#1580=ORIENTED_EDGE('',*,*,#1098,.T.);
#1581=ORIENTED_EDGE('',*,*,#1151,.F.);
#1582=ORIENTED_EDGE('',*,*,#1198,.T.);
#1583=ORIENTED_EDGE('',*,*,#1199,.F.);
#1584=ORIENTED_EDGE('',*,*,#1200,.T.);
#1585=ORIENTED_EDGE('',*,*,#1201,.F.);
#1586=ORIENTED_EDGE('',*,*,#1202,.F.);
#1587=ORIENTED_EDGE('',*,*,#1203,.F.);
#1588=ORIENTED_EDGE('',*,*,#1204,.T.);
#1589=ORIENTED_EDGE('',*,*,#1205,.F.);
#1590=ORIENTED_EDGE('',*,*,#1072,.F.);
#1591=ORIENTED_EDGE('',*,*,#1206,.F.);
#1592=ORIENTED_EDGE('',*,*,#1105,.T.);
#1593=ORIENTED_EDGE('',*,*,#1131,.F.);
#1594=ORIENTED_EDGE('',*,*,#1207,.F.);
#1595=ORIENTED_EDGE('',*,*,#1198,.F.);
#1596=ORIENTED_EDGE('',*,*,#1150,.F.);
#1597=ORIENTED_EDGE('',*,*,#1208,.T.);
#1598=ORIENTED_EDGE('',*,*,#1209,.F.);
#1599=ORIENTED_EDGE('',*,*,#1210,.F.);
#1600=ORIENTED_EDGE('',*,*,#1141,.F.);
#1601=ORIENTED_EDGE('',*,*,#1211,.F.);
#1602=ORIENTED_EDGE('',*,*,#1212,.F.);
#1603=ORIENTED_EDGE('',*,*,#1129,.T.);
#1604=ORIENTED_EDGE('',*,*,#1213,.F.);
#1605=ORIENTED_EDGE('',*,*,#1200,.F.);
#1606=ORIENTED_EDGE('',*,*,#1214,.F.);
#1607=ORIENTED_EDGE('',*,*,#1213,.T.);
#1608=ORIENTED_EDGE('',*,*,#1215,.F.);
#1609=ORIENTED_EDGE('',*,*,#1216,.T.);
#1610=ORIENTED_EDGE('',*,*,#1217,.F.);
#1611=ORIENTED_EDGE('',*,*,#1201,.T.);
#1612=ORIENTED_EDGE('',*,*,#1218,.F.);
#1613=ORIENTED_EDGE('',*,*,#1219,.T.);
#1614=ORIENTED_EDGE('',*,*,#1220,.T.);
#1615=ORIENTED_EDGE('',*,*,#1221,.F.);
#1616=ORIENTED_EDGE('',*,*,#1222,.F.);
#1617=ORIENTED_EDGE('',*,*,#1223,.F.);
#1618=ORIENTED_EDGE('',*,*,#1224,.T.);
#1619=ORIENTED_EDGE('',*,*,#1225,.F.);
#1620=ORIENTED_EDGE('',*,*,#1226,.F.);
#1621=ORIENTED_EDGE('',*,*,#1227,.F.);
#1622=ORIENTED_EDGE('',*,*,#1228,.T.);
#1623=ORIENTED_EDGE('',*,*,#1229,.F.);
#1624=ORIENTED_EDGE('',*,*,#1230,.F.);
#1625=ORIENTED_EDGE('',*,*,#1231,.F.);
#1626=ORIENTED_EDGE('',*,*,#1232,.T.);
#1627=ORIENTED_EDGE('',*,*,#1219,.F.);
#1628=ORIENTED_EDGE('',*,*,#1211,.T.);
#1629=ORIENTED_EDGE('',*,*,#1128,.T.);
#1630=ORIENTED_EDGE('',*,*,#1233,.F.);
#1631=ORIENTED_EDGE('',*,*,#1234,.T.);
#1632=ORIENTED_EDGE('',*,*,#1235,.F.);
#1633=ORIENTED_EDGE('',*,*,#1236,.F.);
#1634=ORIENTED_EDGE('',*,*,#1235,.T.);
#1635=ORIENTED_EDGE('',*,*,#1237,.T.);
#1636=ORIENTED_EDGE('',*,*,#1221,.T.);
#1637=ORIENTED_EDGE('',*,*,#1238,.F.);
#1638=ORIENTED_EDGE('',*,*,#1239,.F.);
#1639=ORIENTED_EDGE('',*,*,#1240,.F.);
#1640=ORIENTED_EDGE('',*,*,#1241,.F.);
#1641=ORIENTED_EDGE('',*,*,#1228,.F.);
#1642=ORIENTED_EDGE('',*,*,#1242,.T.);
#1643=ORIENTED_EDGE('',*,*,#1243,.T.);
#1644=ORIENTED_EDGE('',*,*,#1244,.T.);
#1645=ORIENTED_EDGE('',*,*,#1245,.T.);
#1646=ORIENTED_EDGE('',*,*,#1238,.T.);
#1647=ORIENTED_EDGE('',*,*,#1227,.T.);
#1648=ORIENTED_EDGE('',*,*,#1246,.F.);
#1649=ORIENTED_EDGE('',*,*,#1216,.F.);
#1650=ORIENTED_EDGE('',*,*,#1247,.F.);
#1651=ORIENTED_EDGE('',*,*,#1230,.T.);
#1652=ORIENTED_EDGE('',*,*,#1248,.F.);
#1653=ORIENTED_EDGE('',*,*,#1249,.F.);
#1654=ORIENTED_EDGE('',*,*,#1242,.F.);
#1655=ORIENTED_EDGE('',*,*,#1226,.T.);
#1656=ORIENTED_EDGE('',*,*,#1250,.T.);
#1657=ORIENTED_EDGE('',*,*,#1209,.T.);
#1658=ORIENTED_EDGE('',*,*,#1251,.T.);
#1659=ORIENTED_EDGE('',*,*,#1252,.T.);
#1660=ORIENTED_EDGE('',*,*,#1253,.T.);
#1661=ORIENTED_EDGE('',*,*,#1254,.F.);
#1662=ORIENTED_EDGE('',*,*,#1255,.F.);
#1663=ORIENTED_EDGE('',*,*,#1256,.T.);
#1664=ORIENTED_EDGE('',*,*,#1257,.T.);
#1665=ORIENTED_EDGE('',*,*,#1258,.T.);
#1666=ORIENTED_EDGE('',*,*,#1214,.T.);
#1667=ORIENTED_EDGE('',*,*,#1199,.T.);
#1668=ORIENTED_EDGE('',*,*,#1207,.T.);
#1669=ORIENTED_EDGE('',*,*,#1130,.T.);
#1670=ORIENTED_EDGE('',*,*,#1212,.T.);
#1671=ORIENTED_EDGE('',*,*,#1236,.T.);
#1672=ORIENTED_EDGE('',*,*,#1220,.F.);
#1673=ORIENTED_EDGE('',*,*,#1232,.F.);
#1674=ORIENTED_EDGE('',*,*,#1127,.T.);
#1675=ORIENTED_EDGE('',*,*,#1259,.T.);
#1676=ORIENTED_EDGE('',*,*,#1260,.F.);
#1677=ORIENTED_EDGE('',*,*,#1261,.T.);
#1678=ORIENTED_EDGE('',*,*,#1262,.T.);
#1679=ORIENTED_EDGE('',*,*,#1263,.T.);
#1680=ORIENTED_EDGE('',*,*,#1223,.T.);
#1681=ORIENTED_EDGE('',*,*,#1264,.T.);
#1682=ORIENTED_EDGE('',*,*,#1233,.T.);
#1683=ORIENTED_EDGE('',*,*,#1258,.F.);
#1684=ORIENTED_EDGE('',*,*,#1231,.T.);
#1685=ORIENTED_EDGE('',*,*,#1247,.T.);
#1686=ORIENTED_EDGE('',*,*,#1215,.T.);
#1687=ORIENTED_EDGE('',*,*,#1237,.F.);
#1688=ORIENTED_EDGE('',*,*,#1234,.F.);
#1689=ORIENTED_EDGE('',*,*,#1264,.F.);
#1690=ORIENTED_EDGE('',*,*,#1222,.T.);
#1691=ORIENTED_EDGE('',*,*,#1265,.T.);
#1692=ORIENTED_EDGE('',*,*,#1266,.T.);
#1693=ORIENTED_EDGE('',*,*,#1267,.T.);
#1694=ORIENTED_EDGE('',*,*,#1268,.T.);
#1695=ORIENTED_EDGE('',*,*,#1248,.T.);
#1696=ORIENTED_EDGE('',*,*,#1225,.T.);
#1697=ORIENTED_EDGE('',*,*,#1269,.F.);
#1698=ORIENTED_EDGE('',*,*,#1265,.F.);
#1699=ORIENTED_EDGE('',*,*,#1224,.F.);
#1700=ORIENTED_EDGE('',*,*,#1263,.F.);
#1701=ORIENTED_EDGE('',*,*,#1270,.F.);
#1702=ORIENTED_EDGE('',*,*,#1202,.T.);
#1703=ORIENTED_EDGE('',*,*,#1217,.T.);
#1704=ORIENTED_EDGE('',*,*,#1246,.T.);
#1705=ORIENTED_EDGE('',*,*,#1229,.T.);
#1706=ORIENTED_EDGE('',*,*,#1241,.T.);
#1707=ORIENTED_EDGE('',*,*,#1271,.T.);
#1708=ORIENTED_EDGE('',*,*,#1272,.T.);
#1709=ORIENTED_EDGE('',*,*,#1273,.F.);
#1710=ORIENTED_EDGE('',*,*,#1274,.T.);
#1711=ORIENTED_EDGE('',*,*,#1274,.F.);
#1712=ORIENTED_EDGE('',*,*,#1275,.T.);
#1713=ORIENTED_EDGE('',*,*,#1203,.T.);
#1714=ORIENTED_EDGE('',*,*,#1259,.F.);
#1715=ORIENTED_EDGE('',*,*,#1126,.T.);
#1716=ORIENTED_EDGE('',*,*,#1276,.T.);
#1717=ORIENTED_EDGE('',*,*,#1277,.F.);
#1718=ORIENTED_EDGE('',*,*,#1278,.T.);
#1719=ORIENTED_EDGE('',*,*,#1089,.F.);
#1720=ORIENTED_EDGE('',*,*,#1278,.F.);
#1721=ORIENTED_EDGE('',*,*,#1279,.F.);
#1722=ORIENTED_EDGE('',*,*,#1280,.T.);
#1723=ORIENTED_EDGE('',*,*,#1090,.F.);
#1724=ORIENTED_EDGE('',*,*,#1280,.F.);
#1725=ORIENTED_EDGE('',*,*,#1281,.T.);
#1726=ORIENTED_EDGE('',*,*,#1282,.T.);
#1727=ORIENTED_EDGE('',*,*,#1283,.T.);
#1728=ORIENTED_EDGE('',*,*,#1284,.T.);
#1729=ORIENTED_EDGE('',*,*,#1281,.F.);
#1730=ORIENTED_EDGE('',*,*,#1285,.F.);
#1731=ORIENTED_EDGE('',*,*,#1084,.F.);
#1732=ORIENTED_EDGE('',*,*,#1286,.F.);
#1733=ORIENTED_EDGE('',*,*,#1287,.F.);
#1734=ORIENTED_EDGE('',*,*,#1288,.F.);
#1735=ORIENTED_EDGE('',*,*,#1284,.F.);
#1736=ORIENTED_EDGE('',*,*,#1289,.F.);
#1737=ORIENTED_EDGE('',*,*,#1085,.F.);
#1738=ORIENTED_EDGE('',*,*,#1285,.T.);
#1739=ORIENTED_EDGE('',*,*,#1288,.T.);
#1740=ORIENTED_EDGE('',*,*,#1290,.T.);
#1741=ORIENTED_EDGE('',*,*,#1291,.T.);
#1742=ORIENTED_EDGE('',*,*,#1290,.F.);
#1743=ORIENTED_EDGE('',*,*,#1282,.F.);
#1744=ORIENTED_EDGE('',*,*,#1287,.T.);
#1745=ORIENTED_EDGE('',*,*,#1292,.F.);
#1746=ORIENTED_EDGE('',*,*,#1293,.F.);
#1747=ORIENTED_EDGE('',*,*,#1110,.F.);
#1748=ORIENTED_EDGE('',*,*,#1294,.T.);
#1749=ORIENTED_EDGE('',*,*,#1292,.T.);
#1750=ORIENTED_EDGE('',*,*,#1286,.T.);
#1751=ORIENTED_EDGE('',*,*,#1083,.F.);
#1752=ORIENTED_EDGE('',*,*,#1295,.F.);
#1753=ORIENTED_EDGE('',*,*,#1296,.F.);
#1754=ORIENTED_EDGE('',*,*,#1297,.T.);
#1755=ORIENTED_EDGE('',*,*,#1114,.F.);
#1756=ORIENTED_EDGE('',*,*,#1298,.T.);
#1757=ORIENTED_EDGE('',*,*,#1299,.F.);
#1758=ORIENTED_EDGE('',*,*,#1300,.F.);
#1759=ORIENTED_EDGE('',*,*,#1283,.F.);
#1760=ORIENTED_EDGE('',*,*,#1293,.T.);
#1761=ORIENTED_EDGE('',*,*,#1294,.F.);
#1762=ORIENTED_EDGE('',*,*,#1109,.F.);
#1763=ORIENTED_EDGE('',*,*,#1301,.T.);
#1764=ORIENTED_EDGE('',*,*,#1086,.F.);
#1765=ORIENTED_EDGE('',*,*,#1289,.T.);
#1766=ORIENTED_EDGE('',*,*,#1291,.F.);
#1767=ORIENTED_EDGE('',*,*,#1087,.F.);
#1768=ORIENTED_EDGE('',*,*,#1301,.F.);
#1769=ORIENTED_EDGE('',*,*,#1108,.F.);
#1770=ORIENTED_EDGE('',*,*,#1302,.F.);
#1771=ORIENTED_EDGE('',*,*,#1303,.T.);
#1772=ORIENTED_EDGE('',*,*,#1304,.T.);
#1773=ORIENTED_EDGE('',*,*,#1305,.T.);
#1774=ORIENTED_EDGE('',*,*,#1306,.T.);
#1775=ORIENTED_EDGE('',*,*,#1304,.F.);
#1776=ORIENTED_EDGE('',*,*,#1307,.F.);
#1777=ORIENTED_EDGE('',*,*,#1081,.F.);
#1778=ORIENTED_EDGE('',*,*,#1308,.T.);
#1779=ORIENTED_EDGE('',*,*,#1303,.F.);
#1780=ORIENTED_EDGE('',*,*,#1309,.T.);
#1781=ORIENTED_EDGE('',*,*,#1295,.T.);
#1782=ORIENTED_EDGE('',*,*,#1082,.F.);
#1783=ORIENTED_EDGE('',*,*,#1307,.T.);
#1784=ORIENTED_EDGE('',*,*,#1310,.T.);
#1785=ORIENTED_EDGE('',*,*,#1310,.F.);
#1786=ORIENTED_EDGE('',*,*,#1311,.T.);
#1787=ORIENTED_EDGE('',*,*,#1312,.F.);
#1788=ORIENTED_EDGE('',*,*,#1311,.F.);
#1789=ORIENTED_EDGE('',*,*,#1306,.F.);
#1790=ORIENTED_EDGE('',*,*,#1313,.T.);
#1791=ORIENTED_EDGE('',*,*,#1296,.T.);
#1792=ORIENTED_EDGE('',*,*,#1309,.F.);
#1793=ORIENTED_EDGE('',*,*,#1305,.F.);
#1794=ORIENTED_EDGE('',*,*,#1308,.F.);
#1795=ORIENTED_EDGE('',*,*,#1080,.F.);
#1796=ORIENTED_EDGE('',*,*,#1314,.F.);
#1797=ORIENTED_EDGE('',*,*,#1115,.F.);
#1798=ORIENTED_EDGE('',*,*,#1297,.F.);
#1799=ORIENTED_EDGE('',*,*,#1313,.F.);
#1800=ORIENTED_EDGE('',*,*,#1312,.T.);
#1801=ORIENTED_EDGE('',*,*,#1079,.F.);
#1802=ORIENTED_EDGE('',*,*,#1315,.F.);
#1803=ORIENTED_EDGE('',*,*,#1116,.F.);
#1804=ORIENTED_EDGE('',*,*,#1314,.T.);
#1805=ORIENTED_EDGE('',*,*,#1124,.T.);
#1806=ORIENTED_EDGE('',*,*,#1075,.T.);
#1807=ORIENTED_EDGE('',*,*,#1316,.T.);
#1808=ORIENTED_EDGE('',*,*,#1317,.T.);
#1809=ORIENTED_EDGE('',*,*,#1205,.T.);
#1810=ORIENTED_EDGE('',*,*,#1318,.T.);
#1811=ORIENTED_EDGE('',*,*,#1319,.T.);
#1812=ORIENTED_EDGE('',*,*,#1073,.T.);
#1813=ORIENTED_EDGE('',*,*,#1318,.F.);
#1814=ORIENTED_EDGE('',*,*,#1204,.F.);
#1815=ORIENTED_EDGE('',*,*,#1275,.F.);
#1816=ORIENTED_EDGE('',*,*,#1273,.T.);
#1817=ORIENTED_EDGE('',*,*,#1320,.T.);
#1818=ORIENTED_EDGE('',*,*,#1321,.T.);
#1819=ORIENTED_EDGE('',*,*,#1252,.F.);
#1820=ORIENTED_EDGE('',*,*,#1322,.F.);
#1821=ORIENTED_EDGE('',*,*,#1262,.F.);
#1822=ORIENTED_EDGE('',*,*,#1323,.F.);
#1823=ORIENTED_EDGE('',*,*,#1324,.F.);
#1824=ORIENTED_EDGE('',*,*,#1256,.F.);
#1825=ORIENTED_EDGE('',*,*,#1325,.F.);
#1826=ORIENTED_EDGE('',*,*,#1270,.T.);
#1827=ORIENTED_EDGE('',*,*,#1326,.F.);
#1828=ORIENTED_EDGE('',*,*,#1271,.F.);
#1829=ORIENTED_EDGE('',*,*,#1240,.T.);
#1830=ORIENTED_EDGE('',*,*,#1327,.T.);
#1831=ORIENTED_EDGE('',*,*,#1253,.F.);
#1832=ORIENTED_EDGE('',*,*,#1321,.F.);
#1833=ORIENTED_EDGE('',*,*,#1328,.F.);
#1834=ORIENTED_EDGE('',*,*,#1329,.T.);
#1835=ORIENTED_EDGE('',*,*,#1254,.T.);
#1836=ORIENTED_EDGE('',*,*,#1327,.F.);
#1837=ORIENTED_EDGE('',*,*,#1239,.T.);
#1838=ORIENTED_EDGE('',*,*,#1245,.F.);
#1839=ORIENTED_EDGE('',*,*,#1330,.F.);
#1840=ORIENTED_EDGE('',*,*,#1266,.F.);
#1841=ORIENTED_EDGE('',*,*,#1269,.T.);
#1842=ORIENTED_EDGE('',*,*,#1325,.T.);
#1843=ORIENTED_EDGE('',*,*,#1255,.T.);
#1844=ORIENTED_EDGE('',*,*,#1329,.F.);
#1845=ORIENTED_EDGE('',*,*,#1326,.T.);
#1846=ORIENTED_EDGE('',*,*,#1320,.F.);
#1847=ORIENTED_EDGE('',*,*,#1272,.F.);
#1848=ORIENTED_EDGE('',*,*,#1323,.T.);
#1849=ORIENTED_EDGE('',*,*,#1261,.F.);
#1850=ORIENTED_EDGE('',*,*,#1331,.F.);
#1851=ORIENTED_EDGE('',*,*,#1328,.T.);
#1852=ORIENTED_EDGE('',*,*,#1218,.T.);
#1853=ORIENTED_EDGE('',*,*,#1330,.T.);
#1854=ORIENTED_EDGE('',*,*,#1244,.F.);
#1855=ORIENTED_EDGE('',*,*,#1332,.T.);
#1856=ORIENTED_EDGE('',*,*,#1267,.F.);
#1857=ORIENTED_EDGE('',*,*,#1249,.T.);
#1858=ORIENTED_EDGE('',*,*,#1268,.F.);
#1859=ORIENTED_EDGE('',*,*,#1332,.F.);
#1860=ORIENTED_EDGE('',*,*,#1243,.F.);
#1861=ORIENTED_EDGE('',*,*,#1317,.F.);
#1862=ORIENTED_EDGE('',*,*,#1333,.T.);
#1863=ORIENTED_EDGE('',*,*,#1257,.F.);
#1864=ORIENTED_EDGE('',*,*,#1324,.T.);
#1865=ORIENTED_EDGE('',*,*,#1331,.T.);
#1866=ORIENTED_EDGE('',*,*,#1260,.T.);
#1867=ORIENTED_EDGE('',*,*,#1276,.F.);
#1868=ORIENTED_EDGE('',*,*,#1125,.F.);
#1869=ORIENTED_EDGE('',*,*,#1334,.T.);
#1870=ORIENTED_EDGE('',*,*,#1335,.T.);
#1871=ORIENTED_EDGE('',*,*,#1336,.T.);
#1872=ORIENTED_EDGE('',*,*,#1145,.F.);
#1873=ORIENTED_EDGE('',*,*,#1337,.F.);
#1874=ORIENTED_EDGE('',*,*,#1338,.F.);
#1875=ORIENTED_EDGE('',*,*,#1339,.T.);
#1876=ORIENTED_EDGE('',*,*,#1153,.F.);
#1877=ORIENTED_EDGE('',*,*,#1340,.F.);
#1878=ORIENTED_EDGE('',*,*,#1341,.F.);
#1879=ORIENTED_EDGE('',*,*,#1342,.F.);
#1880=ORIENTED_EDGE('',*,*,#1343,.T.);
#1881=ORIENTED_EDGE('',*,*,#1341,.T.);
#1882=ORIENTED_EDGE('',*,*,#1343,.F.);
#1883=ORIENTED_EDGE('',*,*,#1344,.F.);
#1884=ORIENTED_EDGE('',*,*,#1345,.T.);
#1885=ORIENTED_EDGE('',*,*,#1340,.T.);
#1886=ORIENTED_EDGE('',*,*,#1345,.F.);
#1887=ORIENTED_EDGE('',*,*,#1346,.F.);
#1888=ORIENTED_EDGE('',*,*,#1335,.F.);
#1889=ORIENTED_EDGE('',*,*,#1347,.F.);
#1890=ORIENTED_EDGE('',*,*,#1348,.F.);
#1891=ORIENTED_EDGE('',*,*,#1337,.T.);
#1892=ORIENTED_EDGE('',*,*,#1144,.F.);
#1893=ORIENTED_EDGE('',*,*,#1349,.F.);
#1894=ORIENTED_EDGE('',*,*,#1350,.F.);
#1895=ORIENTED_EDGE('',*,*,#1338,.T.);
#1896=ORIENTED_EDGE('',*,*,#1350,.T.);
#1897=ORIENTED_EDGE('',*,*,#1351,.F.);
#1898=ORIENTED_EDGE('',*,*,#1352,.F.);
#1899=ORIENTED_EDGE('',*,*,#1339,.F.);
#1900=ORIENTED_EDGE('',*,*,#1352,.T.);
#1901=ORIENTED_EDGE('',*,*,#1353,.T.);
#1902=ORIENTED_EDGE('',*,*,#1147,.F.);
#1903=ORIENTED_EDGE('',*,*,#1354,.T.);
#1904=ORIENTED_EDGE('',*,*,#1348,.T.);
#1905=ORIENTED_EDGE('',*,*,#1355,.T.);
#1906=ORIENTED_EDGE('',*,*,#1148,.F.);
#1907=ORIENTED_EDGE('',*,*,#1353,.F.);
#1908=ORIENTED_EDGE('',*,*,#1351,.T.);
#1909=ORIENTED_EDGE('',*,*,#1349,.T.);
#1910=ORIENTED_EDGE('',*,*,#1143,.F.);
#1911=ORIENTED_EDGE('',*,*,#1344,.T.);
#1912=ORIENTED_EDGE('',*,*,#1342,.T.);
#1913=ORIENTED_EDGE('',*,*,#1113,.F.);
#1914=ORIENTED_EDGE('',*,*,#1356,.T.);
#1915=ORIENTED_EDGE('',*,*,#1357,.F.);
#1916=ORIENTED_EDGE('',*,*,#1298,.F.);
#1917=ORIENTED_EDGE('',*,*,#1111,.F.);
#1918=ORIENTED_EDGE('',*,*,#1300,.T.);
#1919=ORIENTED_EDGE('',*,*,#1358,.F.);
#1920=ORIENTED_EDGE('',*,*,#1359,.F.);
#1921=ORIENTED_EDGE('',*,*,#1112,.F.);
#1922=ORIENTED_EDGE('',*,*,#1359,.T.);
#1923=ORIENTED_EDGE('',*,*,#1360,.F.);
#1924=ORIENTED_EDGE('',*,*,#1356,.F.);
#1925=ORIENTED_EDGE('',*,*,#1360,.T.);
#1926=ORIENTED_EDGE('',*,*,#1358,.T.);
#1927=ORIENTED_EDGE('',*,*,#1299,.T.);
#1928=ORIENTED_EDGE('',*,*,#1357,.T.);
#1929=ORIENTED_EDGE('',*,*,#1279,.T.);
#1930=ORIENTED_EDGE('',*,*,#1277,.T.);
#1931=ORIENTED_EDGE('',*,*,#1186,.T.);
#1932=ORIENTED_EDGE('',*,*,#1196,.T.);
#1933=ORIENTED_EDGE('',*,*,#1193,.T.);
#1934=ORIENTED_EDGE('',*,*,#1190,.T.);
#1935=ORIENTED_EDGE('',*,*,#1184,.T.);
#1936=ORIENTED_EDGE('',*,*,#1180,.T.);
#1937=ORIENTED_EDGE('',*,*,#1176,.T.);
#1938=ORIENTED_EDGE('',*,*,#1172,.T.);
#1939=ORIENTED_EDGE('',*,*,#1168,.T.);
#1940=ORIENTED_EDGE('',*,*,#1164,.T.);
#1941=ORIENTED_EDGE('',*,*,#1336,.F.);
#1942=ORIENTED_EDGE('',*,*,#1346,.T.);
#1943=ORIENTED_EDGE('',*,*,#1354,.F.);
#1944=ORIENTED_EDGE('',*,*,#1142,.F.);
#1945=ORIENTED_EDGE('',*,*,#1210,.T.);
#1946=ORIENTED_EDGE('',*,*,#1250,.F.);
#1947=ORIENTED_EDGE('',*,*,#1333,.F.);
#1948=ORIENTED_EDGE('',*,*,#1316,.F.);
#1949=ORIENTED_EDGE('',*,*,#1074,.F.);
#1950=ORIENTED_EDGE('',*,*,#1319,.F.);
#1951=ORIENTED_EDGE('',*,*,#1322,.T.);
#1952=ORIENTED_EDGE('',*,*,#1251,.F.);
#1953=ORIENTED_EDGE('',*,*,#1208,.F.);
#1954=ORIENTED_EDGE('',*,*,#1149,.F.);
#1955=ORIENTED_EDGE('',*,*,#1355,.F.);
#1956=ORIENTED_EDGE('',*,*,#1347,.T.);
#1957=ORIENTED_EDGE('',*,*,#1334,.F.);
#1958=ORIENTED_EDGE('',*,*,#1152,.F.);
#1959=ORIENTED_EDGE('',*,*,#1096,.F.);
#1960=ORIENTED_EDGE('',*,*,#1104,.F.);
#1961=ORIENTED_EDGE('',*,*,#1139,.T.);
#1962=ORIENTED_EDGE('',*,*,#1140,.F.);
#1963=ORIENTED_EDGE('',*,*,#1133,.F.);
#1964=ORIENTED_EDGE('',*,*,#1100,.F.);
#1965=ORIENTED_EDGE('',*,*,#1158,.T.);
#1966=ORIENTED_EDGE('',*,*,#1161,.F.);
#1967=ORIENTED_EDGE('',*,*,#1159,.F.);
#1968=ORIENTED_EDGE('',*,*,#1120,.F.);
#1969=ORIENTED_EDGE('',*,*,#1094,.T.);
#1970=ORIENTED_EDGE('',*,*,#1146,.F.);
#1971=ORIENTED_EDGE('',*,*,#1206,.T.);
#1972=ORIENTED_EDGE('',*,*,#1071,.F.);
#1973=ORIENTED_EDGE('',*,*,#1361,.F.);
#1974=ORIENTED_EDGE('',*,*,#1106,.F.);
#1975=ORIENTED_EDGE('',*,*,#1302,.T.);
#1976=ORIENTED_EDGE('',*,*,#1107,.F.);
#1977=ORIENTED_EDGE('',*,*,#1361,.T.);
#1978=ORIENTED_EDGE('',*,*,#1070,.F.);
#1979=ORIENTED_EDGE('',*,*,#1067,.T.);
#1980=ORIENTED_EDGE('',*,*,#1068,.F.);
#1981=ORIENTED_EDGE('',*,*,#1063,.F.);
#1982=ORIENTED_EDGE('',*,*,#1088,.F.);
#1983=ORIENTED_EDGE('',*,*,#1069,.T.);
#1984=ORIENTED_EDGE('',*,*,#1054,.T.);
#1985=ORIENTED_EDGE('',*,*,#1047,.T.);
#1986=ORIENTED_EDGE('',*,*,#1051,.T.);
#1987=ORIENTED_EDGE('',*,*,#1315,.T.);
#1988=ORIENTED_EDGE('',*,*,#1078,.F.);
#1989=ORIENTED_EDGE('',*,*,#1362,.F.);
#1990=ORIENTED_EDGE('',*,*,#1117,.F.);
#1991=ORIENTED_EDGE('',*,*,#1118,.T.);
#1992=ORIENTED_EDGE('',*,*,#1362,.T.);
#1993=ORIENTED_EDGE('',*,*,#1077,.F.);
#1994=ORIENTED_EDGE('',*,*,#1123,.F.);
#1995=PLANE('',#2189);
#1996=PLANE('',#2190);
#1997=PLANE('',#2191);
#1998=PLANE('',#2192);
#1999=PLANE('',#2193);
#2000=PLANE('',#2194);
#2001=PLANE('',#2195);
#2002=PLANE('',#2196);
#2003=PLANE('',#2202);
#2004=PLANE('',#2203);
#2005=PLANE('',#2204);
#2006=PLANE('',#2216);
#2007=PLANE('',#2217);
#2008=PLANE('',#2218);
#2009=PLANE('',#2219);
#2010=PLANE('',#2221);
#2011=PLANE('',#2224);
#2012=PLANE('',#2228);
#2013=PLANE('',#2229);
#2014=PLANE('',#2230);
#2015=PLANE('',#2231);
#2016=PLANE('',#2257);
#2017=PLANE('',#2258);
#2018=PLANE('',#2259);
#2019=PLANE('',#2260);
#2020=PLANE('',#2261);
#2021=PLANE('',#2267);
#2022=PLANE('',#2268);
#2023=PLANE('',#2269);
#2024=PLANE('',#2289);
#2025=PLANE('',#2291);
#2026=PLANE('',#2293);
#2027=PLANE('',#2303);
#2028=PLANE('',#2308);
#2029=PLANE('',#2309);
#2030=PLANE('',#2312);
#2031=PLANE('',#2314);
#2032=PLANE('',#2317);
#2033=PLANE('',#2319);
#2034=PLANE('',#2321);
#2035=PLANE('',#2322);
#2036=PLANE('',#2330);
#2037=PLANE('',#2332);
#2038=PLANE('',#2335);
#2039=PLANE('',#2336);
#2040=PLANE('',#2337);
#2041=PLANE('',#2338);
#2042=PLANE('',#2342);
#2043=PLANE('',#2343);
#2044=PLANE('',#2347);
#2045=PLANE('',#2348);
#2046=PLANE('',#2349);
#2047=PLANE('',#2350);
#2048=PLANE('',#2352);
#2049=PLANE('',#2354);
#2050=PLANE('',#2356);
#2051=PLANE('',#2358);
#2052=PLANE('',#2366);
#2053=PLANE('',#2370);
#2054=PLANE('',#2371);
#2055=PLANE('',#2378);
#2056=PLANE('',#2381);
#2057=PLANE('',#2382);
#2058=PLANE('',#2383);
#2059=PLANE('',#2384);
#2060=PLANE('',#2385);
#2061=PLANE('',#2386);
#2062=PLANE('',#2387);
#2063=PLANE('',#2388);
#2064=PLANE('',#2390);
#2065=PLANE('',#2391);
#2066=PLANE('',#2392);
#2067=PLANE('',#2393);
#2068=ADVANCED_FACE('',(#172),#1995,.F.);
#2069=ADVANCED_FACE('',(#173),#1996,.F.);
#2070=ADVANCED_FACE('',(#174),#1997,.F.);
#2071=ADVANCED_FACE('',(#175),#1998,.T.);
#2072=ADVANCED_FACE('',(#176),#1999,.T.);
#2073=ADVANCED_FACE('',(#177),#2000,.T.);
#2074=ADVANCED_FACE('',(#178),#2001,.T.);
#2075=ADVANCED_FACE('',(#179,#67,#68),#2002,.T.);
#2076=ADVANCED_FACE('',(#180),#2003,.T.);
#2077=ADVANCED_FACE('',(#181),#2004,.T.);
#2078=ADVANCED_FACE('',(#182),#2005,.F.);
#2079=ADVANCED_FACE('',(#183),#48,.T.);
#2080=ADVANCED_FACE('',(#184),#2006,.T.);
#2081=ADVANCED_FACE('',(#185),#2007,.T.);
#2082=ADVANCED_FACE('',(#186),#2008,.T.);
#2083=ADVANCED_FACE('',(#187),#2009,.T.);
#2084=ADVANCED_FACE('',(#188),#2010,.T.);
#2085=ADVANCED_FACE('',(#189),#2011,.T.);
#2086=ADVANCED_FACE('',(#190),#2012,.T.);
#2087=ADVANCED_FACE('',(#191),#2013,.T.);
#2088=ADVANCED_FACE('',(#192),#2014,.T.);
#2089=ADVANCED_FACE('',(#193),#2015,.T.);
#2090=ADVANCED_FACE('',(#194),#23,.F.);
#2091=ADVANCED_FACE('',(#195),#49,.F.);
#2092=ADVANCED_FACE('',(#196),#24,.F.);
#2093=ADVANCED_FACE('',(#197),#50,.F.);
#2094=ADVANCED_FACE('',(#198),#25,.F.);
#2095=ADVANCED_FACE('',(#199),#51,.F.);
#2096=ADVANCED_FACE('',(#200),#26,.F.);
#2097=ADVANCED_FACE('',(#201),#52,.F.);
#2098=ADVANCED_FACE('',(#202),#27,.F.);
#2099=ADVANCED_FACE('',(#203),#53,.F.);
#2100=ADVANCED_FACE('',(#204),#28,.F.);
#2101=ADVANCED_FACE('',(#205),#54,.F.);
#2102=ADVANCED_FACE('',(#206),#2016,.F.);
#2103=ADVANCED_FACE('',(#207),#2017,.F.);
#2104=ADVANCED_FACE('',(#208),#2018,.F.);
#2105=ADVANCED_FACE('',(#209),#2019,.F.);
#2106=ADVANCED_FACE('',(#210),#2020,.F.);
#2107=ADVANCED_FACE('',(#211),#55,.T.);
#2108=ADVANCED_FACE('',(#212),#2021,.T.);
#2109=ADVANCED_FACE('',(#213),#2022,.T.);
#2110=ADVANCED_FACE('',(#214),#2023,.T.);
#2111=ADVANCED_FACE('',(#215),#29,.F.);
#2112=ADVANCED_FACE('',(#216),#56,.F.);
#2113=ADVANCED_FACE('',(#217),#30,.F.);
#2114=ADVANCED_FACE('',(#218),#2024,.T.);
#2115=ADVANCED_FACE('',(#219),#2025,.F.);
#2116=ADVANCED_FACE('',(#220),#2026,.F.);
#2117=ADVANCED_FACE('',(#221),#15,.F.);
#2118=ADVANCED_FACE('',(#222),#16,.F.);
#2119=ADVANCED_FACE('',(#223),#2027,.F.);
#2120=ADVANCED_FACE('',(#224),#2028,.F.);
#2121=ADVANCED_FACE('',(#225),#2029,.F.);
#2122=ADVANCED_FACE('',(#226),#2030,.F.);
#2123=ADVANCED_FACE('',(#227),#17,.F.);
#2124=ADVANCED_FACE('',(#228),#2031,.T.);
#2125=ADVANCED_FACE('',(#229),#2032,.F.);
#2126=ADVANCED_FACE('',(#230),#2033,.T.);
#2127=ADVANCED_FACE('',(#231),#2034,.F.);
#2128=ADVANCED_FACE('',(#232),#2035,.F.);
#2129=ADVANCED_FACE('',(#233),#57,.F.);
#2130=ADVANCED_FACE('',(#234),#58,.F.);
#2131=ADVANCED_FACE('',(#235),#59,.T.);
#2132=ADVANCED_FACE('',(#236,#69),#2036,.T.);
#2133=ADVANCED_FACE('',(#237),#2037,.F.);
#2134=ADVANCED_FACE('',(#238),#60,.F.);
#2135=ADVANCED_FACE('',(#239),#2038,.F.);
#2136=ADVANCED_FACE('',(#240),#2039,.T.);
#2137=ADVANCED_FACE('',(#241,#70),#2040,.F.);
#2138=ADVANCED_FACE('',(#242),#2041,.T.);
#2139=ADVANCED_FACE('',(#243),#61,.T.);
#2140=ADVANCED_FACE('',(#244),#2042,.T.);
#2141=ADVANCED_FACE('',(#245,#71),#2043,.F.);
#2142=ADVANCED_FACE('',(#246),#62,.F.);
#2143=ADVANCED_FACE('',(#247),#2044,.T.);
#2144=ADVANCED_FACE('',(#248,#72),#2045,.T.);
#2145=ADVANCED_FACE('',(#249),#2046,.F.);
#2146=ADVANCED_FACE('',(#250),#2047,.T.);
#2147=ADVANCED_FACE('',(#251),#2048,.T.);
#2148=ADVANCED_FACE('',(#252),#2049,.T.);
#2149=ADVANCED_FACE('',(#253),#2050,.T.);
#2150=ADVANCED_FACE('',(#254),#2051,.T.);
#2151=ADVANCED_FACE('',(#255),#63,.T.);
#2152=ADVANCED_FACE('',(#256),#18,.T.);
#2153=ADVANCED_FACE('',(#257),#19,.T.);
#2154=ADVANCED_FACE('',(#258,#73),#2052,.T.);
#2155=ADVANCED_FACE('',(#259),#20,.T.);
#2156=ADVANCED_FACE('',(#260),#31,.F.);
#2157=ADVANCED_FACE('',(#261),#2053,.T.);
#2158=ADVANCED_FACE('',(#262,#74,#75),#2054,.F.);
#2159=ADVANCED_FACE('',(#263),#64,.F.);
#2160=ADVANCED_FACE('',(#264),#65,.F.);
#2161=ADVANCED_FACE('',(#265),#2055,.T.);
#2162=ADVANCED_FACE('',(#266),#2056,.T.);
#2163=ADVANCED_FACE('',(#267),#2057,.T.);
#2164=ADVANCED_FACE('',(#268),#2058,.T.);
#2165=ADVANCED_FACE('',(#269,#76,#77),#2059,.T.);
#2166=ADVANCED_FACE('',(#270),#2060,.T.);
#2167=ADVANCED_FACE('',(#271),#2061,.T.);
#2168=ADVANCED_FACE('',(#272),#2062,.T.);
#2169=ADVANCED_FACE('',(#273,#78,#79,#80,#81,#82,#83,#84,#85,#86),#2063,
 .T.);
#2170=ADVANCED_FACE('',(#274),#66,.F.);
#2171=ADVANCED_FACE('',(#275),#2064,.T.);
#2172=ADVANCED_FACE('',(#276,#87),#2065,.T.);
#2173=ADVANCED_FACE('',(#277),#2066,.T.);
#2174=ADVANCED_FACE('',(#278),#2067,.T.);
#2175=CLOSED_SHELL('',(#2068,#2069,#2070,#2071,#2072,#2073,#2074,#2075,
#2076,#2077,#2078,#2079,#2080,#2081,#2082,#2083,#2084,#2085,#2086,#2087,
#2088,#2089,#2090,#2091,#2092,#2093,#2094,#2095,#2096,#2097,#2098,#2099,
#2100,#2101,#2102,#2103,#2104,#2105,#2106,#2107,#2108,#2109,#2110,#2111,
#2112,#2113,#2114,#2115,#2116,#2117,#2118,#2119,#2120,#2121,#2122,#2123,
#2124,#2125,#2126,#2127,#2128,#2129,#2130,#2131,#2132,#2133,#2134,#2135,
#2136,#2137,#2138,#2139,#2140,#2141,#2142,#2143,#2144,#2145,#2146,#2147,
#2148,#2149,#2150,#2151,#2152,#2153,#2154,#2155,#2156,#2157,#2158,#2159,
#2160,#2161,#2162,#2163,#2164,#2165,#2166,#2167,#2168,#2169,#2170,#2171,
#2172,#2173,#2174));
#2176=DERIVED_UNIT_ELEMENT(#2178,1.);
#2177=DERIVED_UNIT_ELEMENT(#3675,-3.);
#2178=(
MASS_UNIT()
NAMED_UNIT(*)
SI_UNIT(.KILO.,.GRAM.)
);
#2179=DERIVED_UNIT((#2176,#2177));
#2180=MEASURE_REPRESENTATION_ITEM('density measure',
POSITIVE_RATIO_MEASURE(7850.),#2179);
#2181=PROPERTY_DEFINITION_REPRESENTATION(#2186,#2183);
#2182=PROPERTY_DEFINITION_REPRESENTATION(#2187,#2184);
#2183=REPRESENTATION('material name',(#2185),#3672);
#2184=REPRESENTATION('density',(#2180),#3672);
#2185=DESCRIPTIVE_REPRESENTATION_ITEM('\X2\92FC\X0\','\X2\92FC\X0\');
#2186=PROPERTY_DEFINITION('material property','material name',#3682);
#2187=PROPERTY_DEFINITION('material property','density of part',#3682);
#2188=AXIS2_PLACEMENT_3D('',#3020,#2394,#2395);
#2189=AXIS2_PLACEMENT_3D('',#3021,#2396,#2397);
#2190=AXIS2_PLACEMENT_3D('',#3030,#2402,#2403);
#2191=AXIS2_PLACEMENT_3D('',#3036,#2407,#2408);
#2192=AXIS2_PLACEMENT_3D('',#3042,#2412,#2413);
#2193=AXIS2_PLACEMENT_3D('',#3052,#2419,#2420);
#2194=AXIS2_PLACEMENT_3D('',#3058,#2424,#2425);
#2195=AXIS2_PLACEMENT_3D('',#3064,#2429,#2430);
#2196=AXIS2_PLACEMENT_3D('',#3066,#2432,#2433);
#2197=AXIS2_PLACEMENT_3D('',#3073,#2437,#2438);
#2198=AXIS2_PLACEMENT_3D('',#3077,#2440,#2441);
#2199=AXIS2_PLACEMENT_3D('',#3081,#2443,#2444);
#2200=AXIS2_PLACEMENT_3D('',#3106,#2457,#2458);
#2201=AXIS2_PLACEMENT_3D('',#3108,#2459,#2460);
#2202=AXIS2_PLACEMENT_3D('',#3109,#2461,#2462);
#2203=AXIS2_PLACEMENT_3D('',#3118,#2467,#2468);
#2204=AXIS2_PLACEMENT_3D('',#3127,#2473,#2474);
#2205=AXIS2_PLACEMENT_3D('',#3132,#2476,#2477);
#2206=AXIS2_PLACEMENT_3D('',#3139,#2481,#2482);
#2207=AXIS2_PLACEMENT_3D('',#3141,#2483,#2484);
#2208=AXIS2_PLACEMENT_3D('',#3168,#2498,#2499);
#2209=AXIS2_PLACEMENT_3D('',#3170,#2500,#2501);
#2210=AXIS2_PLACEMENT_3D('',#3174,#2504,#2505);
#2211=AXIS2_PLACEMENT_3D('',#3177,#2507,#2508);
#2212=AXIS2_PLACEMENT_3D('',#3181,#2510,#2511);
#2213=AXIS2_PLACEMENT_3D('',#3183,#2512,#2513);
#2214=AXIS2_PLACEMENT_3D('',#3194,#2515,#2516);
#2215=AXIS2_PLACEMENT_3D('',#3197,#2518,#2519);
#2216=AXIS2_PLACEMENT_3D('',#3198,#2520,#2521);
#2217=AXIS2_PLACEMENT_3D('',#3204,#2525,#2526);
#2218=AXIS2_PLACEMENT_3D('',#3208,#2529,#2530);
#2219=AXIS2_PLACEMENT_3D('',#3212,#2533,#2534);
#2220=AXIS2_PLACEMENT_3D('',#3213,#2535,#2536);
#2221=AXIS2_PLACEMENT_3D('',#3214,#2537,#2538);
#2222=AXIS2_PLACEMENT_3D('',#3218,#2540,#2541);
#2223=AXIS2_PLACEMENT_3D('',#3225,#2545,#2546);
#2224=AXIS2_PLACEMENT_3D('',#3226,#2547,#2548);
#2225=AXIS2_PLACEMENT_3D('',#3233,#2551,#2552);
#2226=AXIS2_PLACEMENT_3D('',#3236,#2554,#2555);
#2227=AXIS2_PLACEMENT_3D('',#3238,#2556,#2557);
#2228=AXIS2_PLACEMENT_3D('',#3240,#2559,#2560);
#2229=AXIS2_PLACEMENT_3D('',#3246,#2564,#2565);
#2230=AXIS2_PLACEMENT_3D('',#3250,#2568,#2569);
#2231=AXIS2_PLACEMENT_3D('',#3254,#2572,#2573);
#2232=AXIS2_PLACEMENT_3D('',#3255,#2574,#2575);
#2233=AXIS2_PLACEMENT_3D('',#3256,#2576,#2577);
#2234=AXIS2_PLACEMENT_3D('',#3258,#2578,#2579);
#2235=AXIS2_PLACEMENT_3D('',#3261,#2581,#2582);
#2236=AXIS2_PLACEMENT_3D('',#3263,#2583,#2584);
#2237=AXIS2_PLACEMENT_3D('',#3265,#2586,#2587);
#2238=AXIS2_PLACEMENT_3D('',#3267,#2588,#2589);
#2239=AXIS2_PLACEMENT_3D('',#3270,#2591,#2592);
#2240=AXIS2_PLACEMENT_3D('',#3272,#2593,#2594);
#2241=AXIS2_PLACEMENT_3D('',#3274,#2596,#2597);
#2242=AXIS2_PLACEMENT_3D('',#3276,#2598,#2599);
#2243=AXIS2_PLACEMENT_3D('',#3279,#2601,#2602);
#2244=AXIS2_PLACEMENT_3D('',#3281,#2603,#2604);
#2245=AXIS2_PLACEMENT_3D('',#3283,#2606,#2607);
#2246=AXIS2_PLACEMENT_3D('',#3285,#2608,#2609);
#2247=AXIS2_PLACEMENT_3D('',#3288,#2611,#2612);
#2248=AXIS2_PLACEMENT_3D('',#3290,#2613,#2614);
#2249=AXIS2_PLACEMENT_3D('',#3292,#2616,#2617);
#2250=AXIS2_PLACEMENT_3D('',#3294,#2618,#2619);
#2251=AXIS2_PLACEMENT_3D('',#3297,#2621,#2622);
#2252=AXIS2_PLACEMENT_3D('',#3299,#2623,#2624);
#2253=AXIS2_PLACEMENT_3D('',#3301,#2626,#2627);
#2254=AXIS2_PLACEMENT_3D('',#3303,#2628,#2629);
#2255=AXIS2_PLACEMENT_3D('',#3306,#2631,#2632);
#2256=AXIS2_PLACEMENT_3D('',#3308,#2633,#2634);
#2257=AXIS2_PLACEMENT_3D('',#3310,#2636,#2637);
#2258=AXIS2_PLACEMENT_3D('',#3319,#2642,#2643);
#2259=AXIS2_PLACEMENT_3D('',#3325,#2647,#2648);
#2260=AXIS2_PLACEMENT_3D('',#3331,#2652,#2653);
#2261=AXIS2_PLACEMENT_3D('',#3334,#2656,#2657);
#2262=AXIS2_PLACEMENT_3D('',#3335,#2658,#2659);
#2263=AXIS2_PLACEMENT_3D('',#3339,#2661,#2662);
#2264=AXIS2_PLACEMENT_3D('',#3350,#2664,#2665);
#2265=AXIS2_PLACEMENT_3D('',#3352,#2666,#2667);
#2266=AXIS2_PLACEMENT_3D('',#3355,#2669,#2670);
#2267=AXIS2_PLACEMENT_3D('',#3357,#2672,#2673);
#2268=AXIS2_PLACEMENT_3D('',#3364,#2678,#2679);
#2269=AXIS2_PLACEMENT_3D('',#3370,#2681,#2682);
#2270=AXIS2_PLACEMENT_3D('',#3376,#2684,#2685);
#2271=AXIS2_PLACEMENT_3D('',#3380,#2687,#2688);
#2272=AXIS2_PLACEMENT_3D('',#3382,#2690,#2691);
#2273=AXIS2_PLACEMENT_3D('',#3384,#2692,#2693);
#2274=AXIS2_PLACEMENT_3D('',#3388,#2695,#2696);
#2275=AXIS2_PLACEMENT_3D('',#3390,#2697,#2698);
#2276=AXIS2_PLACEMENT_3D('',#3392,#2699,#2700);
#2277=AXIS2_PLACEMENT_3D('',#3394,#2701,#2702);
#2278=AXIS2_PLACEMENT_3D('',#3396,#2703,#2704);
#2279=AXIS2_PLACEMENT_3D('',#3398,#2705,#2706);
#2280=AXIS2_PLACEMENT_3D('',#3400,#2707,#2708);
#2281=AXIS2_PLACEMENT_3D('',#3402,#2709,#2710);
#2282=AXIS2_PLACEMENT_3D('',#3404,#2711,#2712);
#2283=AXIS2_PLACEMENT_3D('',#3406,#2713,#2714);
#2284=AXIS2_PLACEMENT_3D('',#3408,#2715,#2716);
#2285=AXIS2_PLACEMENT_3D('',#3410,#2717,#2718);
#2286=AXIS2_PLACEMENT_3D('',#3411,#2719,#2720);
#2287=AXIS2_PLACEMENT_3D('',#3412,#2721,#2722);
#2288=AXIS2_PLACEMENT_3D('',#3416,#2724,#2725);
#2289=AXIS2_PLACEMENT_3D('',#3418,#2727,#2728);
#2290=AXIS2_PLACEMENT_3D('',#3420,#2730,#2731);
#2291=AXIS2_PLACEMENT_3D('',#3421,#2732,#2733);
#2292=AXIS2_PLACEMENT_3D('',#3425,#2735,#2736);
#2293=AXIS2_PLACEMENT_3D('',#3429,#2739,#2740);
#2294=AXIS2_PLACEMENT_3D('',#3431,#2741,#2742);
#2295=AXIS2_PLACEMENT_3D('',#3435,#2744,#2745);
#2296=AXIS2_PLACEMENT_3D('',#3436,#2746,#2747);
#2297=AXIS2_PLACEMENT_3D('',#3437,#2748,#2749);
#2298=AXIS2_PLACEMENT_3D('',#3438,#2750,#2751);
#2299=AXIS2_PLACEMENT_3D('',#3439,#2752,#2753);
#2300=AXIS2_PLACEMENT_3D('',#3440,#2754,#2755);
#2301=AXIS2_PLACEMENT_3D('',#3442,#2756,#2757);
#2302=AXIS2_PLACEMENT_3D('',#3443,#2758,#2759);
#2303=AXIS2_PLACEMENT_3D('',#3444,#2760,#2761);
#2304=AXIS2_PLACEMENT_3D('',#3446,#2762,#2763);
#2305=AXIS2_PLACEMENT_3D('',#3448,#2764,#2765);
#2306=AXIS2_PLACEMENT_3D('',#3454,#2768,#2769);
#2307=AXIS2_PLACEMENT_3D('',#3456,#2770,#2771);
#2308=AXIS2_PLACEMENT_3D('',#3460,#2774,#2775);
#2309=AXIS2_PLACEMENT_3D('',#3462,#2777,#2778);
#2310=AXIS2_PLACEMENT_3D('',#3468,#2781,#2782);
#2311=AXIS2_PLACEMENT_3D('',#3472,#2785,#2786);
#2312=AXIS2_PLACEMENT_3D('',#3473,#2787,#2788);
#2313=AXIS2_PLACEMENT_3D('',#3474,#2789,#2790);
#2314=AXIS2_PLACEMENT_3D('',#3475,#2791,#2792);
#2315=AXIS2_PLACEMENT_3D('',#3479,#2794,#2795);
#2316=AXIS2_PLACEMENT_3D('',#3481,#2796,#2797);
#2317=AXIS2_PLACEMENT_3D('',#3483,#2799,#2800);
#2318=AXIS2_PLACEMENT_3D('',#3485,#2801,#2802);
#2319=AXIS2_PLACEMENT_3D('',#3487,#2804,#2805);
#2320=AXIS2_PLACEMENT_3D('',#3491,#2807,#2808);
#2321=AXIS2_PLACEMENT_3D('',#3495,#2811,#2812);
#2322=AXIS2_PLACEMENT_3D('',#3497,#2814,#2815);
#2323=AXIS2_PLACEMENT_3D('',#3499,#2817,#2818);
#2324=AXIS2_PLACEMENT_3D('',#3501,#2819,#2820);
#2325=AXIS2_PLACEMENT_3D('',#3503,#2822,#2823);
#2326=AXIS2_PLACEMENT_3D('',#3505,#2824,#2825);
#2327=AXIS2_PLACEMENT_3D('',#3507,#2827,#2828);
#2328=AXIS2_PLACEMENT_3D('',#3510,#2829,#2830);
#2329=AXIS2_PLACEMENT_3D('',#3514,#2832,#2833);
#2330=AXIS2_PLACEMENT_3D('',#3516,#2835,#2836);
#2331=AXIS2_PLACEMENT_3D('',#3522,#2840,#2841);
#2332=AXIS2_PLACEMENT_3D('',#3523,#2842,#2843);
#2333=AXIS2_PLACEMENT_3D('',#3525,#2845,#2846);
#2334=AXIS2_PLACEMENT_3D('',#3528,#2848,#2849);
#2335=AXIS2_PLACEMENT_3D('',#3529,#2850,#2851);
#2336=AXIS2_PLACEMENT_3D('',#3533,#2854,#2855);
#2337=AXIS2_PLACEMENT_3D('',#3545,#2863,#2864);
#2338=AXIS2_PLACEMENT_3D('',#3547,#2866,#2867);
#2339=AXIS2_PLACEMENT_3D('',#3549,#2869,#2870);
#2340=AXIS2_PLACEMENT_3D('',#3552,#2871,#2872);
#2341=AXIS2_PLACEMENT_3D('',#3556,#2874,#2875);
#2342=AXIS2_PLACEMENT_3D('',#3558,#2877,#2878);
#2343=AXIS2_PLACEMENT_3D('',#3561,#2881,#2882);
#2344=AXIS2_PLACEMENT_3D('',#3564,#2884,#2885);
#2345=AXIS2_PLACEMENT_3D('',#3565,#2886,#2887);
#2346=AXIS2_PLACEMENT_3D('',#3568,#2889,#2890);
#2347=AXIS2_PLACEMENT_3D('',#3569,#2891,#2892);
#2348=AXIS2_PLACEMENT_3D('',#3571,#2894,#2895);
#2349=AXIS2_PLACEMENT_3D('',#3573,#2897,#2898);
#2350=AXIS2_PLACEMENT_3D('',#3575,#2900,#2901);
#2351=AXIS2_PLACEMENT_3D('',#3577,#2902,#2903);
#2352=AXIS2_PLACEMENT_3D('',#3579,#2905,#2906);
#2353=AXIS2_PLACEMENT_3D('',#3582,#2908,#2909);
#2354=AXIS2_PLACEMENT_3D('',#3583,#2910,#2911);
#2355=AXIS2_PLACEMENT_3D('',#3585,#2912,#2913);
#2356=AXIS2_PLACEMENT_3D('',#3588,#2916,#2917);
#2357=AXIS2_PLACEMENT_3D('',#3590,#2918,#2919);
#2358=AXIS2_PLACEMENT_3D('',#3593,#2922,#2923);
#2359=AXIS2_PLACEMENT_3D('',#3594,#2924,#2925);
#2360=AXIS2_PLACEMENT_3D('',#3596,#2927,#2928);
#2361=AXIS2_PLACEMENT_3D('',#3598,#2929,#2930);
#2362=AXIS2_PLACEMENT_3D('',#3600,#2932,#2933);
#2363=AXIS2_PLACEMENT_3D('',#3601,#2934,#2935);
#2364=AXIS2_PLACEMENT_3D('',#3602,#2936,#2937);
#2365=AXIS2_PLACEMENT_3D('',#3603,#2938,#2939);
#2366=AXIS2_PLACEMENT_3D('',#3604,#2940,#2941);
#2367=AXIS2_PLACEMENT_3D('',#3605,#2942,#2943);
#2368=AXIS2_PLACEMENT_3D('',#3606,#2944,#2945);
#2369=AXIS2_PLACEMENT_3D('',#3607,#2946,#2947);
#2370=AXIS2_PLACEMENT_3D('',#3608,#2948,#2949);
#2371=AXIS2_PLACEMENT_3D('',#3610,#2951,#2952);
#2372=AXIS2_PLACEMENT_3D('',#3622,#2959,#2960);
#2373=AXIS2_PLACEMENT_3D('',#3624,#2961,#2962);
#2374=AXIS2_PLACEMENT_3D('',#3625,#2963,#2964);
#2375=AXIS2_PLACEMENT_3D('',#3627,#2965,#2966);
#2376=AXIS2_PLACEMENT_3D('',#3629,#2968,#2969);
#2377=AXIS2_PLACEMENT_3D('',#3631,#2970,#2971);
#2378=AXIS2_PLACEMENT_3D('',#3633,#2973,#2974);
#2379=AXIS2_PLACEMENT_3D('',#3635,#2975,#2976);
#2380=AXIS2_PLACEMENT_3D('',#3637,#2977,#2978);
#2381=AXIS2_PLACEMENT_3D('',#3639,#2980,#2981);
#2382=AXIS2_PLACEMENT_3D('',#3643,#2984,#2985);
#2383=AXIS2_PLACEMENT_3D('',#3647,#2988,#2989);
#2384=AXIS2_PLACEMENT_3D('',#3649,#2991,#2992);
#2385=AXIS2_PLACEMENT_3D('',#3652,#2995,#2996);
#2386=AXIS2_PLACEMENT_3D('',#3656,#2999,#3000);
#2387=AXIS2_PLACEMENT_3D('',#3660,#3003,#3004);
#2388=AXIS2_PLACEMENT_3D('',#3662,#3006,#3007);
#2389=AXIS2_PLACEMENT_3D('',#3663,#3008,#3009);
#2390=AXIS2_PLACEMENT_3D('',#3664,#3010,#3011);
#2391=AXIS2_PLACEMENT_3D('',#3666,#3013,#3014);
#2392=AXIS2_PLACEMENT_3D('',#3667,#3015,#3016);
#2393=AXIS2_PLACEMENT_3D('',#3669,#3018,#3019);
#2394=DIRECTION('axis',(0.,0.,1.));
#2395=DIRECTION('refdir',(1.,0.,0.));
#2396=DIRECTION('center_axis',(0.,1.,0.));
#2397=DIRECTION('ref_axis',(0.,0.,-1.));
#2398=DIRECTION('',(0.,0.,1.));
#2399=DIRECTION('',(-1.,0.,0.));
#2400=DIRECTION('',(0.,0.,-1.));
#2401=DIRECTION('',(-1.,0.,0.));
#2402=DIRECTION('center_axis',(0.,0.,1.));
#2403=DIRECTION('ref_axis',(0.,1.,0.));
#2404=DIRECTION('',(0.,-1.,0.));
#2405=DIRECTION('',(0.,1.,0.));
#2406=DIRECTION('',(-1.,0.,0.));
#2407=DIRECTION('center_axis',(0.,0.,-1.));
#2408=DIRECTION('ref_axis',(0.,-1.,0.));
#2409=DIRECTION('',(0.,1.,0.));
#2410=DIRECTION('',(-1.,0.,0.));
#2411=DIRECTION('',(0.,-1.,0.));
#2412=DIRECTION('center_axis',(1.,0.,0.));
#2413=DIRECTION('ref_axis',(0.,0.,-1.));
#2414=DIRECTION('',(0.,0.,1.));
#2415=DIRECTION('',(0.,1.,0.));
#2416=DIRECTION('',(0.,0.,-1.));
#2417=DIRECTION('',(0.,1.,0.));
#2418=DIRECTION('',(0.,0.,1.));
#2419=DIRECTION('center_axis',(0.,0.,-1.));
#2420=DIRECTION('ref_axis',(-1.,0.,0.));
#2421=DIRECTION('',(1.,0.,0.));
#2422=DIRECTION('',(0.,1.,0.));
#2423=DIRECTION('',(-1.,0.,0.));
#2424=DIRECTION('center_axis',(0.,0.,1.));
#2425=DIRECTION('ref_axis',(1.,0.,0.));
#2426=DIRECTION('',(-1.,0.,0.));
#2427=DIRECTION('',(1.,0.,0.));
#2428=DIRECTION('',(0.,1.,0.));
#2429=DIRECTION('center_axis',(0.,1.,0.));
#2430=DIRECTION('ref_axis',(0.,0.,1.));
#2431=DIRECTION('',(0.,0.,1.));
#2432=DIRECTION('center_axis',(0.,1.,0.));
#2433=DIRECTION('ref_axis',(-1.,0.,0.));
#2434=DIRECTION('',(0.,0.,-1.));
#2435=DIRECTION('',(0.,0.,1.));
#2436=DIRECTION('',(0.459020044653618,0.,0.888425910589167));
#2437=DIRECTION('center_axis',(0.,-1.,0.));
#2438=DIRECTION('ref_axis',(1.,1.5061976849345E-14,-4.77394841797641E-15));
#2439=DIRECTION('',(-1.,0.,4.77394841797641E-15));
#2440=DIRECTION('center_axis',(0.,-1.,0.));
#2441=DIRECTION('ref_axis',(-1.,0.,0.));
#2442=DIRECTION('',(-1.,0.,4.77394841797641E-15));
#2443=DIRECTION('center_axis',(0.,-1.,0.));
#2444=DIRECTION('ref_axis',(1.,1.5061976849345E-14,-4.77394841797641E-15));
#2445=DIRECTION('',(0.459020044653616,0.,-0.888425910589168));
#2446=DIRECTION('',(0.,0.,-1.));
#2447=DIRECTION('',(-1.,0.,0.));
#2448=DIRECTION('',(3.20609991166586E-30,0.,-1.));
#2449=DIRECTION('',(-1.,0.,0.));
#2450=DIRECTION('',(3.20609991166586E-30,0.,-1.));
#2451=DIRECTION('',(-1.,0.,0.));
#2452=DIRECTION('',(-2.96059473233372E-16,0.,1.));
#2453=DIRECTION('',(-1.,0.,-2.96059473233375E-16));
#2454=DIRECTION('',(-2.96059473233372E-16,0.,1.));
#2455=DIRECTION('',(-1.,0.,-2.96059473233375E-16));
#2456=DIRECTION('',(0.,0.,1.));
#2457=DIRECTION('center_axis',(0.,-1.,0.));
#2458=DIRECTION('ref_axis',(0.,0.,-1.));
#2459=DIRECTION('center_axis',(0.,-1.,0.));
#2460=DIRECTION('ref_axis',(0.,0.,-1.));
#2461=DIRECTION('center_axis',(0.459020044653645,0.,-0.888425910589153));
#2462=DIRECTION('ref_axis',(0.888425910589153,1.42108547152029E-14,0.459020044653645));
#2463=DIRECTION('',(0.888425910589153,0.,0.459020044653645));
#2464=DIRECTION('',(1.5061976849345E-14,-1.,-1.41058883899699E-29));
#2465=DIRECTION('',(-0.888425910589153,0.,-0.459020044653645));
#2466=DIRECTION('',(0.,1.,0.));
#2467=DIRECTION('center_axis',(-0.459020044653591,0.,-0.888425910589181));
#2468=DIRECTION('ref_axis',(0.888425910589181,0.,-0.459020044653591));
#2469=DIRECTION('',(0.888425910589181,0.,-0.459020044653591));
#2470=DIRECTION('',(0.,-1.,0.));
#2471=DIRECTION('',(-0.888425910589181,0.,0.459020044653591));
#2472=DIRECTION('',(-1.5061976849345E-14,1.,1.41058883899699E-29));
#2473=DIRECTION('center_axis',(0.,1.,0.));
#2474=DIRECTION('ref_axis',(-1.,0.,0.));
#2475=DIRECTION('',(0.0523359562429442,0.,-0.998629534754574));
#2476=DIRECTION('center_axis',(-1.5061976849345E-14,1.,1.41058883899699E-29));
#2477=DIRECTION('ref_axis',(1.,1.5061976849345E-14,-4.77394841797641E-15));
#2478=DIRECTION('',(0.0523359562429442,0.,0.998629534754574));
#2479=DIRECTION('',(1.,0.,-2.8771977226639E-15));
#2480=DIRECTION('',(-0.459020044653618,0.,-0.888425910589167));
#2481=DIRECTION('center_axis',(-1.5061976849345E-14,1.,1.41058883899699E-29));
#2482=DIRECTION('ref_axis',(1.,1.5061976849345E-14,-4.77394841797641E-15));
#2483=DIRECTION('center_axis',(0.,1.,0.));
#2484=DIRECTION('ref_axis',(1.,1.5061976849345E-14,-4.77394841797641E-15));
#2485=DIRECTION('',(-0.459020044653618,0.,-0.888425910589167));
#2486=DIRECTION('',(0.,0.,-1.));
#2487=DIRECTION('',(-1.,0.,-2.96059473233375E-16));
#2488=DIRECTION('',(2.96059473233372E-16,0.,-1.));
#2489=DIRECTION('',(1.,0.,0.));
#2490=DIRECTION('',(2.32199461368897E-17,0.,1.));
#2491=DIRECTION('',(1.,0.,-2.88726733624392E-15));
#2492=DIRECTION('',(-9.90717701840626E-16,0.,-1.));
#2493=DIRECTION('',(1.,0.,0.));
#2494=DIRECTION('',(-3.20609991166586E-30,0.,1.));
#2495=DIRECTION('',(-1.,0.,0.));
#2496=DIRECTION('',(0.,0.,1.));
#2497=DIRECTION('',(0.459020044653616,0.,-0.888425910589168));
#2498=DIRECTION('center_axis',(0.,1.,0.));
#2499=DIRECTION('ref_axis',(1.,1.5061976849345E-14,-4.77394841797641E-15));
#2500=DIRECTION('center_axis',(-1.5061976849345E-14,1.,1.41058883899699E-29));
#2501=DIRECTION('ref_axis',(1.,1.5061976849345E-14,-4.77394841797641E-15));
#2502=DIRECTION('',(-0.459020044653618,0.,0.888425910589167));
#2503=DIRECTION('',(1.,0.,-2.8771977226639E-15));
#2504=DIRECTION('center_axis',(-1.5061976849345E-14,1.,1.41058883899699E-29));
#2505=DIRECTION('ref_axis',(1.,1.5061976849345E-14,-4.77394841797641E-15));
#2506=DIRECTION('',(0.,1.,0.));
#2507=DIRECTION('center_axis',(-3.37569129938591E-15,0.707106781186547,
-0.707106781186548));
#2508=DIRECTION('ref_axis',(7.27473466886075E-15,-0.707106781186548,-0.707106781186547));
#2509=DIRECTION('',(-1.5061976849345E-14,1.,1.41058883899699E-29));
#2510=DIRECTION('center_axis',(-1.5061976849345E-14,1.,1.41058883899699E-29));
#2511=DIRECTION('ref_axis',(1.,1.5061976849345E-14,-4.77394841797641E-15));
#2512=DIRECTION('center_axis',(0.499524110790924,0.0436193873653435,-0.865201139495556));
#2513=DIRECTION('ref_axis',(0.0218096936826829,-0.999048221581857,-0.0377754975558951));
#2514=DIRECTION('',(0.,-1.,0.));
#2515=DIRECTION('center_axis',(-1.35129426091632E-31,1.,2.44231874523449E-31));
#2516=DIRECTION('ref_axis',(0.875000000000002,-1.12782631089643E-43,0.484122918275923));
#2517=DIRECTION('',(1.5061976849345E-14,-1.,-1.41058883899699E-29));
#2518=DIRECTION('center_axis',(0.,-1.,0.));
#2519=DIRECTION('ref_axis',(1.,0.,0.));
#2520=DIRECTION('center_axis',(0.998629534754574,0.,-0.0523359562429442));
#2521=DIRECTION('ref_axis',(0.0523359562429442,0.,0.998629534754574));
#2522=DIRECTION('',(0.,-1.,0.));
#2523=DIRECTION('',(-0.0523359562429442,0.,-0.998629534754574));
#2524=DIRECTION('',(0.,1.,0.));
#2525=DIRECTION('center_axis',(-2.8771977226639E-15,0.,-1.));
#2526=DIRECTION('ref_axis',(1.,0.,-2.8771977226639E-15));
#2527=DIRECTION('',(-1.,0.,2.8771977226639E-15));
#2528=DIRECTION('',(0.,-1.,0.));
#2529=DIRECTION('center_axis',(-0.888425910589167,0.,0.459020044653618));
#2530=DIRECTION('ref_axis',(-0.459020044653618,0.,-0.888425910589167));
#2531=DIRECTION('',(0.459020044653618,0.,0.888425910589167));
#2532=DIRECTION('',(0.,1.,0.));
#2533=DIRECTION('center_axis',(0.,-1.,0.));
#2534=DIRECTION('ref_axis',(1.,0.,0.));
#2535=DIRECTION('center_axis',(0.,1.,0.));
#2536=DIRECTION('ref_axis',(-0.995090602625485,0.,0.0989681391481537));
#2537=DIRECTION('center_axis',(0.,-1.,0.));
#2538=DIRECTION('ref_axis',(1.,0.,0.));
#2539=DIRECTION('',(-1.,0.,1.00734439368499E-14));
#2540=DIRECTION('center_axis',(0.,1.,0.));
#2541=DIRECTION('ref_axis',(0.961318629517493,0.,0.275438727383439));
#2542=DIRECTION('',(-1.,0.,3.80277800937418E-15));
#2543=DIRECTION('',(-4.44089209850064E-15,0.,-1.));
#2544=DIRECTION('',(1.,0.,-5.37392113250868E-15));
#2545=DIRECTION('center_axis',(0.,1.,0.));
#2546=DIRECTION('ref_axis',(-0.995090602625485,0.,0.0989681391481537));
#2547=DIRECTION('center_axis',(0.,-1.,0.));
#2548=DIRECTION('ref_axis',(1.,0.,0.));
#2549=DIRECTION('',(4.44089209850064E-15,0.,1.));
#2550=DIRECTION('',(-1.,0.,5.70416701406126E-15));
#2551=DIRECTION('center_axis',(0.,1.,0.));
#2552=DIRECTION('ref_axis',(-0.821952271322475,0.,0.569556374442271));
#2553=DIRECTION('',(-1.,0.,5.03672196842494E-15));
#2554=DIRECTION('center_axis',(0.,-1.,0.));
#2555=DIRECTION('ref_axis',(-0.874999999999998,0.,0.484122918275931));
#2556=DIRECTION('center_axis',(0.,1.,0.));
#2557=DIRECTION('ref_axis',(-0.995090602625485,0.,0.0989681391481537));
#2558=DIRECTION('',(1.,0.,-3.58261408833912E-15));
#2559=DIRECTION('center_axis',(-2.8771977226639E-15,0.,-1.));
#2560=DIRECTION('ref_axis',(1.,0.,-2.8771977226639E-15));
#2561=DIRECTION('',(0.,-1.,0.));
#2562=DIRECTION('',(-1.,0.,2.8771977226639E-15));
#2563=DIRECTION('',(0.,-1.,0.));
#2564=DIRECTION('center_axis',(-0.998629534754574,0.,-0.0523359562429442));
#2565=DIRECTION('ref_axis',(0.0523359562429442,0.,-0.998629534754574));
#2566=DIRECTION('',(-0.0523359562429442,0.,0.998629534754574));
#2567=DIRECTION('',(0.,1.,0.));
#2568=DIRECTION('center_axis',(0.888425910589167,0.,0.459020044653618));
#2569=DIRECTION('ref_axis',(-0.459020044653618,0.,0.888425910589167));
#2570=DIRECTION('',(0.,-1.,0.));
#2571=DIRECTION('',(0.459020044653618,0.,-0.888425910589167));
#2572=DIRECTION('center_axis',(0.,-1.,0.));
#2573=DIRECTION('ref_axis',(1.,0.,0.));
#2574=DIRECTION('center_axis',(0.,1.,0.));
#2575=DIRECTION('ref_axis',(-0.995090602625485,0.,0.0989681391481537));
#2576=DIRECTION('center_axis',(0.,-1.,0.));
#2577=DIRECTION('ref_axis',(0.,0.,-1.));
#2578=DIRECTION('center_axis',(0.,1.,0.));
#2579=DIRECTION('ref_axis',(0.,0.,-1.));
#2580=DIRECTION('',(-1.04972719113862E-16,0.515038074910054,-0.857167300702112));
#2581=DIRECTION('center_axis',(0.,1.,0.));
#2582=DIRECTION('ref_axis',(0.,0.,-1.));
#2583=DIRECTION('center_axis',(0.,1.,0.));
#2584=DIRECTION('ref_axis',(0.,0.,-1.));
#2585=DIRECTION('',(0.,1.,0.));
#2586=DIRECTION('center_axis',(0.,-1.,0.));
#2587=DIRECTION('ref_axis',(0.,0.,-1.));
#2588=DIRECTION('center_axis',(0.,1.,0.));
#2589=DIRECTION('ref_axis',(0.,0.,-1.));
#2590=DIRECTION('',(-1.04972719113862E-16,0.515038074910054,-0.857167300702112));
#2591=DIRECTION('center_axis',(0.,1.,0.));
#2592=DIRECTION('ref_axis',(0.,0.,-1.));
#2593=DIRECTION('center_axis',(0.,1.,0.));
#2594=DIRECTION('ref_axis',(0.,0.,-1.));
#2595=DIRECTION('',(0.,1.,0.));
#2596=DIRECTION('center_axis',(0.,-1.,0.));
#2597=DIRECTION('ref_axis',(0.,0.,-1.));
#2598=DIRECTION('center_axis',(0.,1.,0.));
#2599=DIRECTION('ref_axis',(0.,0.,-1.));
#2600=DIRECTION('',(-1.04972719113862E-16,0.515038074910054,-0.857167300702112));
#2601=DIRECTION('center_axis',(0.,1.,0.));
#2602=DIRECTION('ref_axis',(0.,0.,-1.));
#2603=DIRECTION('center_axis',(0.,1.,0.));
#2604=DIRECTION('ref_axis',(0.,0.,-1.));
#2605=DIRECTION('',(0.,1.,0.));
#2606=DIRECTION('center_axis',(0.,-1.,0.));
#2607=DIRECTION('ref_axis',(0.,0.,-1.));
#2608=DIRECTION('center_axis',(0.,1.,0.));
#2609=DIRECTION('ref_axis',(0.,0.,-1.));
#2610=DIRECTION('',(-1.04972719113862E-16,0.515038074910054,-0.857167300702112));
#2611=DIRECTION('center_axis',(0.,1.,0.));
#2612=DIRECTION('ref_axis',(0.,0.,-1.));
#2613=DIRECTION('center_axis',(0.,1.,0.));
#2614=DIRECTION('ref_axis',(0.,0.,-1.));
#2615=DIRECTION('',(0.,1.,0.));
#2616=DIRECTION('center_axis',(0.,-1.,0.));
#2617=DIRECTION('ref_axis',(0.,0.,-1.));
#2618=DIRECTION('center_axis',(0.,1.,0.));
#2619=DIRECTION('ref_axis',(0.,0.,-1.));
#2620=DIRECTION('',(-1.04972719113862E-16,0.515038074910054,-0.857167300702112));
#2621=DIRECTION('center_axis',(0.,1.,0.));
#2622=DIRECTION('ref_axis',(0.,0.,-1.));
#2623=DIRECTION('center_axis',(0.,1.,0.));
#2624=DIRECTION('ref_axis',(0.,0.,-1.));
#2625=DIRECTION('',(0.,1.,0.));
#2626=DIRECTION('center_axis',(0.,-1.,0.));
#2627=DIRECTION('ref_axis',(0.,0.,-1.));
#2628=DIRECTION('center_axis',(0.,1.,0.));
#2629=DIRECTION('ref_axis',(0.,0.,-1.));
#2630=DIRECTION('',(-1.04972719113862E-16,0.515038074910054,-0.857167300702112));
#2631=DIRECTION('center_axis',(0.,1.,0.));
#2632=DIRECTION('ref_axis',(0.,0.,-1.));
#2633=DIRECTION('center_axis',(0.,1.,0.));
#2634=DIRECTION('ref_axis',(0.,0.,-1.));
#2635=DIRECTION('',(0.,1.,0.));
#2636=DIRECTION('center_axis',(0.,0.,1.));
#2637=DIRECTION('ref_axis',(1.,0.,0.));
#2638=DIRECTION('',(1.,0.,0.));
#2639=DIRECTION('',(0.,1.,0.));
#2640=DIRECTION('',(1.,0.,0.));
#2641=DIRECTION('',(0.,1.,0.));
#2642=DIRECTION('center_axis',(-1.,0.,-2.1316282072803E-14));
#2643=DIRECTION('ref_axis',(-2.1316282072803E-14,0.,1.));
#2644=DIRECTION('',(-2.1316282072803E-14,0.,1.));
#2645=DIRECTION('',(0.,1.,0.));
#2646=DIRECTION('',(-2.1316282072803E-14,0.,1.));
#2647=DIRECTION('center_axis',(0.,0.,-1.));
#2648=DIRECTION('ref_axis',(-1.,0.,0.));
#2649=DIRECTION('',(-1.,0.,0.));
#2650=DIRECTION('',(0.,1.,0.));
#2651=DIRECTION('',(-1.,0.,0.));
#2652=DIRECTION('center_axis',(1.,0.,2.1316282072803E-14));
#2653=DIRECTION('ref_axis',(2.1316282072803E-14,0.,-1.));
#2654=DIRECTION('',(2.1316282072803E-14,0.,-1.));
#2655=DIRECTION('',(2.1316282072803E-14,0.,-1.));
#2656=DIRECTION('center_axis',(0.,1.,0.));
#2657=DIRECTION('ref_axis',(0.,0.,1.));
#2658=DIRECTION('center_axis',(-1.5061976849345E-14,1.,1.41058883899699E-29));
#2659=DIRECTION('ref_axis',(-0.971197534115494,-1.46281547749885E-14,-0.238275785022278));
#2660=DIRECTION('',(-1.5061976849345E-14,1.,1.41058883899699E-29));
#2661=DIRECTION('center_axis',(-2.85164962181166E-31,1.,-5.37922420614344E-32));
#2662=DIRECTION('ref_axis',(-0.994289292582231,-2.89277086932104E-31,-0.106718333271876));
#2663=DIRECTION('',(0.,-1.,0.));
#2664=DIRECTION('center_axis',(-0.499524110790934,0.0436193873653285,-0.865201139495551));
#2665=DIRECTION('ref_axis',(0.0218096936826532,0.999048221581858,0.0377754975558948));
#2666=DIRECTION('center_axis',(-1.5061976849345E-14,1.,1.41058883899699E-29));
#2667=DIRECTION('ref_axis',(1.,1.5061976849345E-14,-4.77394841797641E-15));
#2668=DIRECTION('',(1.5061976849345E-14,-1.,-1.41058883899699E-29));
#2669=DIRECTION('center_axis',(-3.37569129938591E-15,0.707106781186547,
-0.707106781186548));
#2670=DIRECTION('ref_axis',(7.27473466886075E-15,-0.707106781186548,-0.707106781186547));
#2671=DIRECTION('',(0.,1.,0.));
#2672=DIRECTION('center_axis',(4.77394841797641E-15,5.7799212161558E-29,
1.));
#2673=DIRECTION('ref_axis',(1.,1.5061976849345E-14,-4.77394841797641E-15));
#2674=DIRECTION('',(1.,6.96366867959193E-31,-4.56777472988636E-15));
#2675=DIRECTION('',(-1.5061976849345E-14,1.,1.41058883899699E-29));
#2676=DIRECTION('',(-1.,-1.5061976849345E-14,4.77394841797641E-15));
#2677=DIRECTION('',(-1.5061976849345E-14,1.,1.41058883899699E-29));
#2678=DIRECTION('center_axis',(0.500000000000006,0.,-0.866025403784435));
#2679=DIRECTION('ref_axis',(0.866025403784435,4.60861911907803E-30,0.500000000000006));
#2680=DIRECTION('',(-0.866025403784435,-4.60861911907803E-30,-0.500000000000006));
#2681=DIRECTION('center_axis',(-0.500000000000005,0.,-0.866025403784436));
#2682=DIRECTION('ref_axis',(0.866025403784436,-2.75824942809052E-31,-0.500000000000005));
#2683=DIRECTION('',(-0.866025403784436,2.75824942809052E-31,0.500000000000005));
#2684=DIRECTION('center_axis',(-0.866025403784436,-1.30440545827459E-14,
0.500000000000005));
#2685=DIRECTION('ref_axis',(1.5061976849345E-14,-1.,-1.410588838997E-29));
#2686=DIRECTION('',(-0.414124953114257,-0.86520113949556,0.282714540524004));
#2687=DIRECTION('center_axis',(0.866025403784437,2.75827617901708E-13,-0.500000000000002));
#2688=DIRECTION('ref_axis',(2.45016733571793E-13,-1.,-1.2725394348755E-13));
#2689=DIRECTION('',(0.451900450670152,0.865201139495561,-0.217285459476));
#2690=DIRECTION('center_axis',(1.5061976849345E-14,-1.,-1.410588838997E-29));
#2691=DIRECTION('ref_axis',(-4.77394841797641E-15,-5.7799212161558E-29,
-1.));
#2692=DIRECTION('center_axis',(-1.5061976849345E-14,1.,1.410588838997E-29));
#2693=DIRECTION('ref_axis',(-4.77394841797641E-15,-5.7799212161558E-29,
-1.));
#2694=DIRECTION('',(-1.5061976849345E-14,1.,1.410588838997E-29));
#2695=DIRECTION('center_axis',(-1.5061976849345E-14,1.,1.410588838997E-29));
#2696=DIRECTION('ref_axis',(-4.77394841797641E-15,-5.7799212161558E-29,
-1.));
#2697=DIRECTION('center_axis',(0.499524110790925,-0.0436193873653285,-0.865201139495556));
#2698=DIRECTION('ref_axis',(0.0218096936826528,0.999048221581858,-0.0377754975558951));
#2699=DIRECTION('center_axis',(1.5061976849345E-14,-1.,-1.410588838997E-29));
#2700=DIRECTION('ref_axis',(-4.77394841797641E-15,-5.7799212161558E-29,
-1.));
#2701=DIRECTION('center_axis',(-0.499524110790924,-0.0436193873653435,0.865201139495556));
#2702=DIRECTION('ref_axis',(0.0218096936826829,-0.999048221581857,-0.0377754975558951));
#2703=DIRECTION('center_axis',(-1.5061976849345E-14,1.,1.410588838997E-29));
#2704=DIRECTION('ref_axis',(-4.77394841797641E-15,-5.7799212161558E-29,
-1.));
#2705=DIRECTION('center_axis',(-0.999048221581857,-0.0436193873653511,4.76940467690286E-15));
#2706=DIRECTION('ref_axis',(0.043619387365351,-0.999048221581857,-2.0823670530586E-16));
#2707=DIRECTION('center_axis',(1.5061976849345E-14,-1.,-1.410588838997E-29));
#2708=DIRECTION('ref_axis',(-4.77394841797641E-15,-5.7799212161558E-29,
-1.));
#2709=DIRECTION('center_axis',(0.999048221581858,-0.0436193873653209,-4.76940467690286E-15));
#2710=DIRECTION('ref_axis',(0.043619387365321,0.999048221581858,-2.08236705305832E-16));
#2711=DIRECTION('center_axis',(-1.5061976849345E-14,1.,1.410588838997E-29));
#2712=DIRECTION('ref_axis',(-4.77394841797641E-15,-5.7799212161558E-29,
-1.));
#2713=DIRECTION('center_axis',(0.499524110790934,-0.0436193873653285,0.865201139495551));
#2714=DIRECTION('ref_axis',(-0.0218096936826532,-0.999048221581858,-0.0377754975558948));
#2715=DIRECTION('center_axis',(1.5061976849345E-14,-1.,-1.410588838997E-29));
#2716=DIRECTION('ref_axis',(-4.77394841797641E-15,-5.7799212161558E-29,
-1.));
#2717=DIRECTION('center_axis',(-0.499524110790933,-0.0436193873653435,-0.865201139495551));
#2718=DIRECTION('ref_axis',(-0.0218096936826833,0.999048221581857,-0.0377754975558948));
#2719=DIRECTION('center_axis',(-1.5061976849345E-14,1.,1.410588838997E-29));
#2720=DIRECTION('ref_axis',(-4.77394841797641E-15,-5.7799212161558E-29,
-1.));
#2721=DIRECTION('center_axis',(0.866025403784441,1.30440545827459E-14,0.499999999999996));
#2722=DIRECTION('ref_axis',(1.5061976849345E-14,-1.,-1.410588838997E-29));
#2723=DIRECTION('',(0.451900450670181,-0.865201139495547,0.217285459475996));
#2724=DIRECTION('center_axis',(-0.86602540378444,2.49739508736216E-13,-0.499999999999998));
#2725=DIRECTION('ref_axis',(-2.10120549303847E-13,-1.,-1.35519689298935E-13));
#2726=DIRECTION('',(-0.414124953114286,0.865201139495547,-0.282714540524));
#2727=DIRECTION('center_axis',(-0.499524110790925,0.0436193873653285,0.865201139495556));
#2728=DIRECTION('ref_axis',(0.866025403784441,1.30440545827459E-14,0.499999999999996));
#2729=DIRECTION('',(-0.866025403784441,-1.30440545827459E-14,-0.499999999999996));
#2730=DIRECTION('center_axis',(0.499524110790925,-0.0436193873653285,-0.865201139495556));
#2731=DIRECTION('ref_axis',(0.866025403784441,1.30440545827459E-14,0.499999999999996));
#2732=DIRECTION('center_axis',(1.5061976849345E-14,-1.,-1.410588838997E-29));
#2733=DIRECTION('ref_axis',(-4.77394841797641E-15,-5.7799212161558E-29,
-1.));
#2734=DIRECTION('',(4.77394841797641E-15,5.7799212161558E-29,1.));
#2735=DIRECTION('center_axis',(1.5061976849345E-14,-1.,-1.410588838997E-29));
#2736=DIRECTION('ref_axis',(-4.77394841797641E-15,-5.7799212161558E-29,
-1.));
#2737=DIRECTION('',(0.470588235294007,7.08798910557248E-15,-0.882352941176529));
#2738=DIRECTION('',(-0.866025403784436,-1.30440545827458E-14,0.500000000000005));
#2739=DIRECTION('center_axis',(0.999048221581858,-0.0436193873653209,-4.76940467690286E-15));
#2740=DIRECTION('ref_axis',(-4.77394841797641E-15,-5.7799212161558E-29,
-1.));
#2741=DIRECTION('center_axis',(0.999048221581858,-0.0436193873653209,-4.76940467690286E-15));
#2742=DIRECTION('ref_axis',(-4.77394841797641E-15,-5.7799212161558E-29,
-1.));
#2743=DIRECTION('',(-0.0377754975558843,-0.865201139495554,-0.5));
#2744=DIRECTION('center_axis',(-0.999048221581858,0.0436193873653209,4.76940467690286E-15));
#2745=DIRECTION('ref_axis',(-4.77394841797641E-15,-5.7799212161558E-29,
-1.));
#2746=DIRECTION('center_axis',(0.999048221581858,-0.0436193873653209,-4.76940467690286E-15));
#2747=DIRECTION('ref_axis',(0.0436193873653209,0.999048221581858,-2.08236705305832E-16));
#2748=DIRECTION('center_axis',(0.866025403784441,1.31710360775043E-14,0.499999999999996));
#2749=DIRECTION('ref_axis',(0.499999999999996,7.62533667644985E-15,-0.866025403784441));
#2750=DIRECTION('center_axis',(0.499524110790934,-0.0436193873653285,0.865201139495551));
#2751=DIRECTION('ref_axis',(-0.866025403784436,-1.30440545827459E-14,0.500000000000005));
#2752=DIRECTION('center_axis',(-0.499524110790933,-0.0436193873653435,-0.865201139495551));
#2753=DIRECTION('ref_axis',(-0.866025403784436,-1.30440545827459E-14,0.500000000000005));
#2754=DIRECTION('center_axis',(0.866025403784441,1.31710360775043E-14,0.499999999999996));
#2755=DIRECTION('ref_axis',(0.499999999999996,7.62533667644985E-15,-0.866025403784441));
#2756=DIRECTION('center_axis',(-0.999048221581857,-0.0436193873653511,4.76940467690286E-15));
#2757=DIRECTION('ref_axis',(-4.77394841797641E-15,-5.7799212161558E-29,
-1.));
#2758=DIRECTION('center_axis',(1.90731071551323E-15,2.62783563318962E-13,
1.));
#2759=DIRECTION('ref_axis',(1.02897462800891E-14,-1.,2.62773632786485E-13));
#2760=DIRECTION('center_axis',(-1.5061976849345E-14,1.,1.41058883899699E-29));
#2761=DIRECTION('ref_axis',(1.,1.5061976849345E-14,-4.77394841797641E-15));
#2762=DIRECTION('center_axis',(1.5061976849345E-14,-1.,-1.41058883899699E-29));
#2763=DIRECTION('ref_axis',(1.,1.5061976849345E-14,-4.77394841797641E-15));
#2764=DIRECTION('center_axis',(1.5061976849345E-14,-1.,-1.41058883899699E-29));
#2765=DIRECTION('ref_axis',(1.,1.5061976849345E-14,-4.77394841797641E-15));
#2766=DIRECTION('',(1.,1.5061976849345E-14,-4.77394841797641E-15));
#2767=DIRECTION('',(0.470588235294007,7.08798910557248E-15,-0.882352941176529));
#2768=DIRECTION('center_axis',(1.5061976849345E-14,-1.,-1.41058883899699E-29));
#2769=DIRECTION('ref_axis',(-4.77394841797641E-15,-5.7799212161558E-29,
-1.));
#2770=DIRECTION('center_axis',(1.5061976849345E-14,-1.,-1.41058883899699E-29));
#2771=DIRECTION('ref_axis',(-4.77394841797641E-15,-5.7799212161558E-29,
-1.));
#2772=DIRECTION('',(0.47058823529402,7.08798910557264E-15,0.882352941176523));
#2773=DIRECTION('',(1.,1.5061976849345E-14,-4.77394841797641E-15));
#2774=DIRECTION('center_axis',(1.5061976849345E-14,-1.,-1.410588838997E-29));
#2775=DIRECTION('ref_axis',(-4.77394841797641E-15,-5.7799212161558E-29,
-1.));
#2776=DIRECTION('',(-0.866025403784436,-1.30440545827458E-14,0.500000000000005));
#2777=DIRECTION('center_axis',(-0.499524110790924,-0.0436193873653435,0.865201139495556));
#2778=DIRECTION('ref_axis',(0.866025403784441,1.30440545827459E-14,0.499999999999996));
#2779=DIRECTION('',(-0.866025403784446,-9.91501790611618E-31,-0.499999999999987));
#2780=DIRECTION('',(-0.0869908581424735,0.996209109875851,4.15289869607614E-16));
#2781=DIRECTION('center_axis',(0.499524110790924,0.0436193873653435,-0.865201139495556));
#2782=DIRECTION('ref_axis',(0.866025403784441,1.30440545827459E-14,0.499999999999996));
#2783=DIRECTION('',(0.0387195186281728,0.996609336666008,0.0725990974278715));
#2784=DIRECTION('',(-0.866025403784441,-1.30440545827459E-14,-0.499999999999996));
#2785=DIRECTION('center_axis',(-0.499524110790924,-0.0436193873653435,0.865201139495556));
#2786=DIRECTION('ref_axis',(0.866025403784441,1.30440545827459E-14,0.499999999999996));
#2787=DIRECTION('center_axis',(-0.499524110790933,-0.0436193873653435,-0.865201139495551));
#2788=DIRECTION('ref_axis',(-0.866025403784436,-1.30440545827459E-14,0.500000000000005));
#2789=DIRECTION('center_axis',(0.866025403784441,1.31710360775043E-14,0.499999999999996));
#2790=DIRECTION('ref_axis',(0.499999999999996,7.62533667644985E-15,-0.866025403784441));
#2791=DIRECTION('center_axis',(0.999048221581857,0.0436193873653511,-4.76940467690286E-15));
#2792=DIRECTION('ref_axis',(-4.77394841797641E-15,-5.7799212161558E-29,
-1.));
#2793=DIRECTION('',(-4.77394841797641E-15,-5.7799212161558E-29,-1.));
#2794=DIRECTION('center_axis',(-0.999048221581857,-0.0436193873653511,4.76940467690286E-15));
#2795=DIRECTION('ref_axis',(0.043619387365351,-0.999048221581857,-2.0823670530586E-16));
#2796=DIRECTION('center_axis',(0.999048221581857,0.0436193873653511,-4.76940467690286E-15));
#2797=DIRECTION('ref_axis',(-4.77394841797641E-15,-5.7799212161558E-29,
-1.));
#2798=DIRECTION('',(-0.0377754975559056,0.865201139495553,0.5));
#2799=DIRECTION('center_axis',(1.5061976849345E-14,-1.,-1.410588838997E-29));
#2800=DIRECTION('ref_axis',(-4.77394841797641E-15,-5.7799212161558E-29,
-1.));
#2801=DIRECTION('center_axis',(1.5061976849345E-14,-1.,-1.410588838997E-29));
#2802=DIRECTION('ref_axis',(-4.77394841797641E-15,-5.7799212161558E-29,
-1.));
#2803=DIRECTION('',(0.47058823529402,7.08798910557264E-15,0.882352941176523));
#2804=DIRECTION('center_axis',(-0.499524110790934,0.0436193873653285,-0.865201139495551));
#2805=DIRECTION('ref_axis',(-0.866025403784436,-1.30440545827459E-14,0.500000000000005));
#2806=DIRECTION('',(0.0387195186282015,-0.996609336666007,-0.0725990974278716));
#2807=DIRECTION('center_axis',(-0.499524110790934,0.0436193873653285,-0.865201139495551));
#2808=DIRECTION('ref_axis',(-0.866025403784436,-1.30440545827459E-14,0.500000000000005));
#2809=DIRECTION('',(-0.0869908581424433,-0.996209109875854,4.15289869607586E-16));
#2810=DIRECTION('',(-0.866025403784434,-6.69886483430536E-30,0.500000000000009));
#2811=DIRECTION('center_axis',(1.5061976849345E-14,-1.,-1.410588838997E-29));
#2812=DIRECTION('ref_axis',(-4.77394841797641E-15,-5.7799212161558E-29,
-1.));
#2813=DIRECTION('',(-1.,-1.5061976849345E-14,4.77394841797641E-15));
#2814=DIRECTION('center_axis',(1.5061976849345E-14,-1.,-1.410588838997E-29));
#2815=DIRECTION('ref_axis',(-4.77394841797641E-15,-5.7799212161558E-29,
-1.));
#2816=DIRECTION('',(-1.,-1.5061976849345E-14,4.77394841797641E-15));
#2817=DIRECTION('center_axis',(0.,1.,0.));
#2818=DIRECTION('ref_axis',(0.,0.,-1.));
#2819=DIRECTION('center_axis',(0.,1.,0.));
#2820=DIRECTION('ref_axis',(0.,0.,-1.));
#2821=DIRECTION('',(0.,1.,0.));
#2822=DIRECTION('center_axis',(0.,1.,0.));
#2823=DIRECTION('ref_axis',(0.,0.,-1.));
#2824=DIRECTION('center_axis',(0.,1.,0.));
#2825=DIRECTION('ref_axis',(0.,0.,-1.));
#2826=DIRECTION('',(0.,1.,0.));
#2827=DIRECTION('center_axis',(1.,0.,2.96059473233375E-16));
#2828=DIRECTION('ref_axis',(-2.12616687113428E-16,0.707106781186547,0.707106781186548));
#2829=DIRECTION('center_axis',(-1.,5.07543427682881E-30,-2.96059473233372E-16));
#2830=DIRECTION('ref_axis',(-2.12616687113428E-16,0.707106781186547,0.707106781186548));
#2831=DIRECTION('',(-1.,0.,-2.96059473233375E-16));
#2832=DIRECTION('center_axis',(1.,-5.07543427682881E-30,2.96059473233372E-16));
#2833=DIRECTION('ref_axis',(-2.12616687113428E-16,0.707106781186547,0.707106781186548));
#2834=DIRECTION('',(1.,0.,2.96059473233375E-16));
#2835=DIRECTION('center_axis',(1.,-5.07543427682881E-30,2.96059473233372E-16));
#2836=DIRECTION('ref_axis',(2.96059473233372E-16,0.,-1.));
#2837=DIRECTION('',(-1.8140086579047E-29,1.,-4.44089209850063E-16));
#2838=DIRECTION('',(-1.82715633965838E-29,-1.,-5.40946943434281E-45));
#2839=DIRECTION('',(2.96059473233375E-16,0.,-1.));
#2840=DIRECTION('center_axis',(1.,0.,2.96059473233375E-16));
#2841=DIRECTION('ref_axis',(2.96059473233375E-16,0.,-1.));
#2842=DIRECTION('center_axis',(2.96059473233375E-16,-4.44089209850063E-16,
-1.));
#2843=DIRECTION('ref_axis',(-1.8140086579047E-29,1.,-4.44089209850063E-16));
#2844=DIRECTION('',(-1.8140086579047E-29,1.,-4.44089209850063E-16));
#2845=DIRECTION('center_axis',(-1.,0.,-2.96059473233375E-16));
#2846=DIRECTION('ref_axis',(2.96059473233375E-16,0.,-1.));
#2847=DIRECTION('',(-1.,0.,-2.96059473233375E-16));
#2848=DIRECTION('center_axis',(-1.,0.,-2.96059473233375E-16));
#2849=DIRECTION('ref_axis',(2.96059473233375E-16,0.,-1.));
#2850=DIRECTION('center_axis',(0.,-1.,0.));
#2851=DIRECTION('ref_axis',(2.96059473233375E-16,0.,-1.));
#2852=DIRECTION('',(1.,0.,2.96059473233375E-16));
#2853=DIRECTION('',(2.96059473233375E-16,0.,-1.));
#2854=DIRECTION('center_axis',(0.,0.,-1.));
#2855=DIRECTION('ref_axis',(-1.,0.,0.));
#2856=DIRECTION('',(5.07543427682881E-30,1.,0.));
#2857=DIRECTION('',(1.82715633965838E-29,-1.,0.));
#2858=DIRECTION('',(-1.,0.,0.));
#2859=DIRECTION('',(5.07543427682881E-30,-1.,0.));
#2860=DIRECTION('',(0.,-1.,0.));
#2861=DIRECTION('',(1.,0.,0.));
#2862=DIRECTION('',(0.,-1.,0.));
#2863=DIRECTION('center_axis',(1.,-5.07543427682881E-30,2.96059473233372E-16));
#2864=DIRECTION('ref_axis',(2.96059473233372E-16,0.,-1.));
#2865=DIRECTION('',(-5.20691109436565E-30,-1.,4.44089209850063E-16));
#2866=DIRECTION('center_axis',(2.96059473233375E-16,-4.44089209850063E-16,
-1.));
#2867=DIRECTION('ref_axis',(-1.8140086579047E-29,1.,-4.44089209850063E-16));
#2868=DIRECTION('',(0.,-1.,4.44089209850063E-16));
#2869=DIRECTION('center_axis',(-1.,0.,0.));
#2870=DIRECTION('ref_axis',(0.,0.707106781186547,0.707106781186548));
#2871=DIRECTION('center_axis',(1.,5.07543427682881E-30,3.20609991166586E-30));
#2872=DIRECTION('ref_axis',(0.,0.707106781186547,0.707106781186548));
#2873=DIRECTION('',(1.,0.,0.));
#2874=DIRECTION('center_axis',(-1.,-5.07543427682881E-30,-3.20609991166586E-30));
#2875=DIRECTION('ref_axis',(0.,0.707106781186547,0.707106781186548));
#2876=DIRECTION('',(-1.,0.,0.));
#2877=DIRECTION('center_axis',(0.,4.44089209850063E-16,1.));
#2878=DIRECTION('ref_axis',(1.82715633965838E-29,1.,-4.44089209850063E-16));
#2879=DIRECTION('',(1.82715633965838E-29,1.,-4.44089209850063E-16));
#2880=DIRECTION('',(1.82715633965838E-29,1.,-4.44089209850063E-16));
#2881=DIRECTION('center_axis',(1.,5.07543427682881E-30,3.20609991166586E-30));
#2882=DIRECTION('ref_axis',(3.20609991166586E-30,0.,-1.));
#2883=DIRECTION('',(0.,0.,-1.));
#2884=DIRECTION('center_axis',(1.,0.,0.));
#2885=DIRECTION('ref_axis',(0.,0.,-1.));
#2886=DIRECTION('center_axis',(-1.,0.,0.));
#2887=DIRECTION('ref_axis',(0.,0.,-1.));
#2888=DIRECTION('',(1.,0.,0.));
#2889=DIRECTION('center_axis',(-1.,0.,0.));
#2890=DIRECTION('ref_axis',(0.,0.,-1.));
#2891=DIRECTION('center_axis',(0.,1.,0.));
#2892=DIRECTION('ref_axis',(0.,0.,-1.));
#2893=DIRECTION('',(0.,0.,-1.));
#2894=DIRECTION('center_axis',(1.,5.07543427682881E-30,3.20609991166586E-30));
#2895=DIRECTION('ref_axis',(3.20609991166586E-30,0.,-1.));
#2896=DIRECTION('',(-5.07543427682881E-30,1.,-4.44089209850063E-16));
#2897=DIRECTION('center_axis',(0.,4.44089209850063E-16,1.));
#2898=DIRECTION('ref_axis',(1.82715633965838E-29,1.,-4.44089209850063E-16));
#2899=DIRECTION('',(0.,1.,-4.44089209850063E-16));
#2900=DIRECTION('center_axis',(-3.37569129938591E-15,0.707106781186547,
-0.707106781186548));
#2901=DIRECTION('ref_axis',(-1.,0.,4.77394841797641E-15));
#2902=DIRECTION('center_axis',(3.37569129938591E-15,-0.707106781186547,
0.707106781186548));
#2903=DIRECTION('ref_axis',(0.,0.707106781186548,0.707106781186547));
#2904=DIRECTION('',(1.,0.,-4.77394841797641E-15));
#2905=DIRECTION('center_axis',(-3.37569129938591E-15,0.707106781186547,
-0.707106781186548));
#2906=DIRECTION('ref_axis',(-1.,0.,4.77394841797641E-15));
#2907=DIRECTION('',(1.,0.,-4.77394841797641E-15));
#2908=DIRECTION('center_axis',(3.37569129938591E-15,-0.707106781186547,
0.707106781186548));
#2909=DIRECTION('ref_axis',(0.,0.707106781186548,0.707106781186547));
#2910=DIRECTION('center_axis',(-4.77394841797641E-15,-5.7799212161558E-29,
-1.));
#2911=DIRECTION('ref_axis',(-1.,-1.5061976849345E-14,4.77394841797641E-15));
#2912=DIRECTION('center_axis',(4.77394841797641E-15,5.7799212161558E-29,
1.));
#2913=DIRECTION('ref_axis',(1.5061976849345E-14,-1.,-1.41058883899699E-29));
#2914=DIRECTION('',(1.5061976849345E-14,-1.,-1.41058883899699E-29));
#2915=DIRECTION('',(-1.5061976849345E-14,1.,1.41058883899699E-29));
#2916=DIRECTION('center_axis',(0.882352941176523,1.32899795729523E-14,-0.47058823529402));
#2917=DIRECTION('ref_axis',(0.47058823529402,7.08798910557264E-15,0.882352941176523));
#2918=DIRECTION('center_axis',(0.882352941176523,1.32899795729523E-14,-0.47058823529402));
#2919=DIRECTION('ref_axis',(0.47058823529402,7.08798910557264E-15,0.882352941176523));
#2920=DIRECTION('',(-1.5061976849345E-14,1.,1.41058883899699E-29));
#2921=DIRECTION('',(1.5061976849345E-14,-1.,-1.410588838997E-29));
#2922=DIRECTION('center_axis',(-0.882352941176529,-1.32899795729524E-14,
-0.470588235294007));
#2923=DIRECTION('ref_axis',(0.470588235294007,7.08798910557248E-15,-0.882352941176529));
#2924=DIRECTION('center_axis',(-0.882352941176529,-1.32899795729524E-14,
-0.470588235294007));
#2925=DIRECTION('ref_axis',(0.470588235294007,7.08798910557248E-15,-0.882352941176529));
#2926=DIRECTION('',(1.5061976849345E-14,-1.,-1.410588838997E-29));
#2927=DIRECTION('center_axis',(1.5061976849345E-14,-1.,-1.410588838997E-29));
#2928=DIRECTION('ref_axis',(-4.77394841797641E-15,-5.7799212161558E-29,
-1.));
#2929=DIRECTION('center_axis',(1.5061976849345E-14,-1.,-1.410588838997E-29));
#2930=DIRECTION('ref_axis',(-4.77394841797641E-15,-5.7799212161558E-29,
-1.));
#2931=DIRECTION('',(-1.5061976849345E-14,1.,1.410588838997E-29));
#2932=DIRECTION('center_axis',(-1.5061976849345E-14,1.,1.410588838997E-29));
#2933=DIRECTION('ref_axis',(-4.77394841797641E-15,-5.7799212161558E-29,
-1.));
#2934=DIRECTION('center_axis',(0.866025403784441,1.29189588320018E-14,0.499999999999996));
#2935=DIRECTION('ref_axis',(0.499999999999996,7.42840132840105E-15,-0.866025403784441));
#2936=DIRECTION('center_axis',(0.866025403784441,1.29189588320018E-14,0.499999999999996));
#2937=DIRECTION('ref_axis',(0.499999999999996,7.42840132840105E-15,-0.866025403784441));
#2938=DIRECTION('center_axis',(4.77394841797641E-15,5.7799212161558E-29,
1.));
#2939=DIRECTION('ref_axis',(1.5061976849345E-14,-1.,-1.41058883899699E-29));
#2940=DIRECTION('center_axis',(1.5061976849345E-14,-1.,-1.410588838997E-29));
#2941=DIRECTION('ref_axis',(-4.77394841797641E-15,-5.7799212161558E-29,
-1.));
#2942=DIRECTION('center_axis',(0.866025403784441,1.29189588320018E-14,0.499999999999996));
#2943=DIRECTION('ref_axis',(0.499999999999996,7.42840132840105E-15,-0.866025403784441));
#2944=DIRECTION('center_axis',(2.10276328613414E-15,2.44866502183635E-13,
1.));
#2945=DIRECTION('ref_axis',(1.458852012732E-14,-1.,2.44857248732804E-13));
#2946=DIRECTION('center_axis',(-4.77394841797641E-15,-5.7799212161558E-29,
-1.));
#2947=DIRECTION('ref_axis',(1.5061976849345E-14,-1.,-1.410588838997E-29));
#2948=DIRECTION('center_axis',(-4.77394841797641E-15,-5.7799212161558E-29,
-1.));
#2949=DIRECTION('ref_axis',(-1.,-1.5061976849345E-14,4.77394841797641E-15));
#2950=DIRECTION('',(-1.5061976849345E-14,1.,1.41058883899699E-29));
#2951=DIRECTION('center_axis',(4.77394841797641E-15,5.7799212161558E-29,
1.));
#2952=DIRECTION('ref_axis',(1.,1.5061976849345E-14,-4.77394841797641E-15));
#2953=DIRECTION('',(-1.5061976849345E-14,1.,1.41058883899699E-29));
#2954=DIRECTION('',(1.,1.5061976849345E-14,-4.77394841797641E-15));
#2955=DIRECTION('',(1.33226762955019E-14,-1.,0.));
#2956=DIRECTION('',(1.5061976849345E-14,-1.,-1.41058883899699E-29));
#2957=DIRECTION('',(1.,1.5061976849345E-14,-4.77394841797641E-15));
#2958=DIRECTION('',(1.55431223447522E-14,-1.,0.));
#2959=DIRECTION('center_axis',(-4.77394841797641E-15,-5.7799212161558E-29,
-1.));
#2960=DIRECTION('ref_axis',(1.,1.5061976849345E-14,-4.77394841797641E-15));
#2961=DIRECTION('center_axis',(-4.77394841797641E-15,-5.7799212161558E-29,
-1.));
#2962=DIRECTION('ref_axis',(1.,1.5061976849345E-14,-4.77394841797641E-15));
#2963=DIRECTION('center_axis',(4.77394841797641E-15,5.7799212161558E-29,
1.));
#2964=DIRECTION('ref_axis',(1.,1.5061976849345E-14,-4.77394841797641E-15));
#2965=DIRECTION('center_axis',(-4.77394841797641E-15,-5.7799212161558E-29,
-1.));
#2966=DIRECTION('ref_axis',(1.,1.5061976849345E-14,-4.77394841797641E-15));
#2967=DIRECTION('',(-4.77394841797641E-15,-5.7799212161558E-29,-1.));
#2968=DIRECTION('center_axis',(4.77394841797641E-15,5.7799212161558E-29,
1.));
#2969=DIRECTION('ref_axis',(1.,1.5061976849345E-14,-4.77394841797641E-15));
#2970=DIRECTION('center_axis',(-4.77394841797641E-15,-5.7799212161558E-29,
-1.));
#2971=DIRECTION('ref_axis',(1.,1.5061976849345E-14,-4.77394841797641E-15));
#2972=DIRECTION('',(-4.77394841797641E-15,-5.7799212161558E-29,-1.));
#2973=DIRECTION('center_axis',(-1.5061976849345E-14,1.,1.41058883899699E-29));
#2974=DIRECTION('ref_axis',(-1.,-1.5061976849345E-14,4.77394841797641E-15));
#2975=DIRECTION('center_axis',(1.5061976849345E-14,-1.,-1.41058883899699E-29));
#2976=DIRECTION('ref_axis',(1.,1.5061976849345E-14,-4.77394841797641E-15));
#2977=DIRECTION('center_axis',(1.5061976849345E-14,-1.,-1.41058883899699E-29));
#2978=DIRECTION('ref_axis',(1.,1.5061976849345E-14,-4.77394841797641E-15));
#2979=DIRECTION('',(-1.,-1.5061976849345E-14,4.77394841797641E-15));
#2980=DIRECTION('center_axis',(-1.,-1.5061976849345E-14,4.77394841797641E-15));
#2981=DIRECTION('ref_axis',(1.5061976849345E-14,-1.,-1.41058883899699E-29));
#2982=DIRECTION('',(1.5061976849345E-14,-1.,-1.41058883899699E-29));
#2983=DIRECTION('',(4.77394841797641E-15,5.7799212161558E-29,1.));
#2984=DIRECTION('center_axis',(1.5061976849345E-14,-1.,-1.41058883899699E-29));
#2985=DIRECTION('ref_axis',(1.,1.5061976849345E-14,-4.77394841797641E-15));
#2986=DIRECTION('',(1.,1.5061976849345E-14,-4.77394841797641E-15));
#2987=DIRECTION('',(4.77394841797641E-15,5.7799212161558E-29,1.));
#2988=DIRECTION('center_axis',(1.,1.5061976849345E-14,-4.77394841797641E-15));
#2989=DIRECTION('ref_axis',(-1.5061976849345E-14,1.,1.41058883899699E-29));
#2990=DIRECTION('',(1.55431223447522E-14,-1.,0.));
#2991=DIRECTION('center_axis',(4.77394841797641E-15,5.7799212161558E-29,
1.));
#2992=DIRECTION('ref_axis',(1.,1.5061976849345E-14,-4.77394841797641E-15));
#2993=DIRECTION('',(-1.5061976849345E-14,1.,1.41058883899699E-29));
#2994=DIRECTION('',(1.55431223447522E-14,-1.,0.));
#2995=DIRECTION('center_axis',(1.,0.,-9.90717701840626E-16));
#2996=DIRECTION('ref_axis',(9.90717701840626E-16,0.,1.));
#2997=DIRECTION('',(0.,-1.,0.));
#2998=DIRECTION('',(9.90717701840626E-16,0.,1.));
#2999=DIRECTION('center_axis',(-1.,0.,2.32199461368897E-17));
#3000=DIRECTION('ref_axis',(-2.32199461368897E-17,0.,-1.));
#3001=DIRECTION('',(-2.32199461368897E-17,0.,-1.));
#3002=DIRECTION('',(0.,-1.,0.));
#3003=DIRECTION('center_axis',(2.88726733624392E-15,0.,1.));
#3004=DIRECTION('ref_axis',(-1.,0.,2.88726733624392E-15));
#3005=DIRECTION('',(-1.,0.,2.88726733624392E-15));
#3006=DIRECTION('center_axis',(0.,-1.,0.));
#3007=DIRECTION('ref_axis',(0.,0.,-1.));
#3008=DIRECTION('center_axis',(0.,1.,0.));
#3009=DIRECTION('ref_axis',(1.88354438335747E-14,0.,-1.));
#3010=DIRECTION('center_axis',(-0.888425910589167,0.,0.459020044653618));
#3011=DIRECTION('ref_axis',(0.459020044653618,0.,0.888425910589167));
#3012=DIRECTION('',(0.,1.,0.));
#3013=DIRECTION('center_axis',(-1.,0.,0.));
#3014=DIRECTION('ref_axis',(0.,0.,1.));
#3015=DIRECTION('center_axis',(1.,0.,0.));
#3016=DIRECTION('ref_axis',(0.,0.,-1.));
#3017=DIRECTION('',(0.,1.,0.));
#3018=DIRECTION('center_axis',(0.888425910589168,0.,0.459020044653616));
#3019=DIRECTION('ref_axis',(0.459020044653616,0.,-0.888425910589168));
#3020=CARTESIAN_POINT('',(0.,0.,0.));
#3021=CARTESIAN_POINT('Origin',(2.04614103438416E-12,36.,44.0999999999999));
#3022=CARTESIAN_POINT('',(-2.99999999999795,36.,41.0999999999999));
#3023=CARTESIAN_POINT('',(-2.99999999999795,36.,44.0999999999999));
#3024=CARTESIAN_POINT('',(-2.99999999999795,36.,32.0499999999999));
#3025=CARTESIAN_POINT('',(2.04614103438416E-12,36.,41.0999999999999));
#3026=CARTESIAN_POINT('',(2.04614103438416E-12,36.,41.0999999999999));
#3027=CARTESIAN_POINT('',(2.04614103438416E-12,36.,44.0999999999999));
#3028=CARTESIAN_POINT('',(2.04614103438416E-12,36.,44.5999999999999));
#3029=CARTESIAN_POINT('',(2.04614103438416E-12,36.,44.0999999999999));
#3030=CARTESIAN_POINT('Origin',(2.04614103438416E-12,34.,44.0999999999999));
#3031=CARTESIAN_POINT('',(-2.99999999999795,34.,44.0999999999999));
#3032=CARTESIAN_POINT('',(-2.99999999999795,33.,44.0999999999999));
#3033=CARTESIAN_POINT('',(2.04614103438416E-12,34.,44.0999999999999));
#3034=CARTESIAN_POINT('',(2.04614103438416E-12,34.,44.0999999999999));
#3035=CARTESIAN_POINT('',(2.04614103438416E-12,34.,44.0999999999999));
#3036=CARTESIAN_POINT('Origin',(2.04614103438416E-12,36.,41.0999999999999));
#3037=CARTESIAN_POINT('',(-2.99999999999795,34.,41.0999999999999));
#3038=CARTESIAN_POINT('',(-2.99999999999795,34.,41.0999999999999));
#3039=CARTESIAN_POINT('',(2.04614103438416E-12,34.,41.0999999999999));
#3040=CARTESIAN_POINT('',(2.04614103438416E-12,34.,41.0999999999999));
#3041=CARTESIAN_POINT('',(2.04614103438416E-12,35.,41.0999999999999));
#3042=CARTESIAN_POINT('Origin',(2.04614103438416E-12,34.,45.0999999999999));
#3043=CARTESIAN_POINT('',(2.04614103438416E-12,34.,40.0999999999999));
#3044=CARTESIAN_POINT('',(2.04725125740879E-12,34.,54.2974999999999));
#3045=CARTESIAN_POINT('',(2.04614103438416E-12,37.,40.0999999999999));
#3046=CARTESIAN_POINT('',(2.04614103438416E-12,34.,40.0999999999999));
#3047=CARTESIAN_POINT('',(2.04614103438416E-12,37.,45.0999999999999));
#3048=CARTESIAN_POINT('',(2.04614103438416E-12,37.,40.0999999999999));
#3049=CARTESIAN_POINT('',(2.04614103438416E-12,34.,45.0999999999999));
#3050=CARTESIAN_POINT('',(2.04614103438416E-12,34.,45.0999999999999));
#3051=CARTESIAN_POINT('',(2.04725125740879E-12,34.,54.2974999999999));
#3052=CARTESIAN_POINT('Origin',(2.04614103438416E-12,34.,40.0999999999999));
#3053=CARTESIAN_POINT('',(-2.99999999999795,34.,40.0999999999999));
#3054=CARTESIAN_POINT('',(16.2499998455021,34.,40.0999999999999));
#3055=CARTESIAN_POINT('',(-2.99999999999795,37.,40.0999999999999));
#3056=CARTESIAN_POINT('',(-2.99999999999795,34.,40.0999999999999));
#3057=CARTESIAN_POINT('',(-2.99999999999795,37.,40.0999999999999));
#3058=CARTESIAN_POINT('Origin',(-2.99999999999795,34.,45.0999999999999));
#3059=CARTESIAN_POINT('',(-2.99999999999795,34.,45.0999999999999));
#3060=CARTESIAN_POINT('',(14.7499998455021,34.,45.0999999999999));
#3061=CARTESIAN_POINT('',(-2.99999999999795,37.,45.0999999999999));
#3062=CARTESIAN_POINT('',(2.04614103438416E-12,37.,45.0999999999999));
#3063=CARTESIAN_POINT('',(-2.99999999999795,34.,45.0999999999999));
#3064=CARTESIAN_POINT('Origin',(-1.49999999999795,37.,42.5999999999999));
#3065=CARTESIAN_POINT('',(-2.99999999999795,37.,45.0999999999999));
#3066=CARTESIAN_POINT('Origin',(32.4999996910021,34.,63.495));
#3067=CARTESIAN_POINT('',(-2.99999999999795,34.,30.5499999999999));
#3068=CARTESIAN_POINT('',(-2.99999999999795,34.,76.9900000000002));
#3069=CARTESIAN_POINT('',(-2.99999999999795,34.,76.99));
#3070=CARTESIAN_POINT('',(12.4999996910021,34.,106.99));
#3071=CARTESIAN_POINT('',(12.4999996910021,34.,106.99));
#3072=CARTESIAN_POINT('',(21.4684275962029,34.,90.3075416344817));
#3073=CARTESIAN_POINT('Origin',(32.4999996910017,34.,106.99));
#3074=CARTESIAN_POINT('',(29.2295894900118,34.,90.3075416344816));
#3075=CARTESIAN_POINT('',(25.5134053847608,34.,90.3075416344816));
#3076=CARTESIAN_POINT('',(35.7704098919921,34.,90.3075416344816));
#3077=CARTESIAN_POINT('Origin',(32.4999996910021,34.,106.99));
#3078=CARTESIAN_POINT('',(43.5315717858003,34.,90.3075416344815));
#3079=CARTESIAN_POINT('',(25.5134053847608,34.,90.3075416344816));
#3080=CARTESIAN_POINT('',(52.4999996910021,34.,106.99));
#3081=CARTESIAN_POINT('Origin',(32.4999996910017,34.,106.99));
#3082=CARTESIAN_POINT('',(67.9999993820021,34.,76.99));
#3083=CARTESIAN_POINT('',(52.4999996910021,34.,106.99));
#3084=CARTESIAN_POINT('',(67.9999993820021,34.,30.0999999999999));
#3085=CARTESIAN_POINT('',(67.9999993820021,34.,20.));
#3086=CARTESIAN_POINT('',(64.899999382002,34.,30.0999999999999));
#3087=CARTESIAN_POINT('',(50.249999536502,34.,30.0999999999999));
#3088=CARTESIAN_POINT('',(64.899999382002,34.,29.9999999999999));
#3089=CARTESIAN_POINT('',(64.899999382002,34.,44.2475));
#3090=CARTESIAN_POINT('',(61.899999382002,34.,29.9999999999999));
#3091=CARTESIAN_POINT('',(48.699999536502,34.,29.9999999999999));
#3092=CARTESIAN_POINT('',(61.899999382002,34.,19.9999999999999));
#3093=CARTESIAN_POINT('',(61.899999382002,34.,44.2475));
#3094=CARTESIAN_POINT('',(3.1000000000021,34.,19.9999999999999));
#3095=CARTESIAN_POINT('',(-2.99999999999795,34.,20.));
#3096=CARTESIAN_POINT('',(3.1000000000021,34.,29.9999999999999));
#3097=CARTESIAN_POINT('',(3.10000000000209,34.,44.2475));
#3098=CARTESIAN_POINT('',(0.1000000000021,34.,29.9999999999999));
#3099=CARTESIAN_POINT('',(16.2999998455021,34.,29.9999999999999));
#3100=CARTESIAN_POINT('',(0.1000000000021,34.,30.0999999999999));
#3101=CARTESIAN_POINT('',(0.100000000002096,34.,44.2475));
#3102=CARTESIAN_POINT('',(-2.99999999999795,34.,30.0999999999999));
#3103=CARTESIAN_POINT('',(14.7499998455021,34.,30.0999999999999));
#3104=CARTESIAN_POINT('',(-2.99999999999795,34.,76.99));
#3105=CARTESIAN_POINT('',(32.499999691002,34.,65.4400000000001));
#3106=CARTESIAN_POINT('Origin',(32.499999691002,34.,63.7900000000001));
#3107=CARTESIAN_POINT('',(32.499999691002,34.,50.4400000000001));
#3108=CARTESIAN_POINT('Origin',(32.499999691002,34.,48.7900000000001));
#3109=CARTESIAN_POINT('Origin',(49.3338243412248,31.9999999999999,105.579260021013));
#3110=CARTESIAN_POINT('',(52.4987400219511,32.,107.214466423457));
#3111=CARTESIAN_POINT('',(49.4460939514821,32.0000000000002,105.637265985157));
#3112=CARTESIAN_POINT('',(34.1092582388248,32.,97.7132343582524));
#3113=CARTESIAN_POINT('',(52.4987400219511,31.,107.214466423457));
#3114=CARTESIAN_POINT('',(52.498740021951,39.0000000000003,107.214466423457));
#3115=CARTESIAN_POINT('',(49.4460939514821,31.,105.637265985157));
#3116=CARTESIAN_POINT('',(49.1309804782891,31.,105.474457360586));
#3117=CARTESIAN_POINT('',(49.4460939514824,32.,105.637265985157));
#3118=CARTESIAN_POINT('Origin',(12.5918036999324,32.,107.167685182118));
#3119=CARTESIAN_POINT('',(15.5539054305213,31.9999999999997,105.637265985157));
#3120=CARTESIAN_POINT('',(12.5012593600524,32.,107.214466423457));
#3121=CARTESIAN_POINT('',(29.3535554727555,32.,98.5074469388061));
#3122=CARTESIAN_POINT('',(15.5539054305213,31.,105.637265985157));
#3123=CARTESIAN_POINT('',(15.5539054305217,32.,105.637265985157));
#3124=CARTESIAN_POINT('',(12.5012593600523,31.,107.214466423457));
#3125=CARTESIAN_POINT('',(14.3318332332915,31.,106.268669941138));
#3126=CARTESIAN_POINT('',(12.5012593600522,38.9999999999997,107.214466423457));
#3127=CARTESIAN_POINT('Origin',(32.4999996910021,32.,63.495));
#3128=CARTESIAN_POINT('',(34.2620259828363,32.,77.1900000000001));
#3129=CARTESIAN_POINT('',(33.5893752802391,32.,90.0249399993522));
#3130=CARTESIAN_POINT('',(34.2811976034746,32.,76.8241836860741));
#3131=CARTESIAN_POINT('',(31.410624101765,32.,90.0249399993522));
#3132=CARTESIAN_POINT('Origin',(32.4999996910017,32.,106.99));
#3133=CARTESIAN_POINT('',(30.7379733991678,32.,77.1900000000001));
#3134=CARTESIAN_POINT('',(30.3775407173489,32.,70.3125347314879));
#3135=CARTESIAN_POINT('',(2.95638189505665,32.,77.1900000000002));
#3136=CARTESIAN_POINT('',(17.5639655011661,32.,77.1900000000002));
#3137=CARTESIAN_POINT('',(16.0794292563271,31.9999999999997,102.589447012035));
#3138=CARTESIAN_POINT('',(9.88917147863361,32.,90.6083026873269));
#3139=CARTESIAN_POINT('Origin',(32.4999996910017,32.,106.99));
#3140=CARTESIAN_POINT('',(12.4999996910017,32.,106.989999999999));
#3141=CARTESIAN_POINT('Origin',(32.4999996910017,32.,106.99));
#3142=CARTESIAN_POINT('',(-2.99999999999795,32.,76.9900000000002));
#3143=CARTESIAN_POINT('',(12.4999996910021,32.,106.99));
#3144=CARTESIAN_POINT('',(-2.99999999999795,32.,30.0999999999999));
#3145=CARTESIAN_POINT('',(-2.99999999999795,32.,76.99));
#3146=CARTESIAN_POINT('',(0.1000000000021,32.,30.0999999999999));
#3147=CARTESIAN_POINT('',(14.7499998455021,32.,30.0999999999999));
#3148=CARTESIAN_POINT('',(0.100000000002103,32.,19.9999999999999));
#3149=CARTESIAN_POINT('',(0.100000000002096,32.,44.2475));
#3150=CARTESIAN_POINT('',(0.200000000002046,32.,20.));
#3151=CARTESIAN_POINT('',(-2.99999999999795,32.,20.));
#3152=CARTESIAN_POINT('',(0.200000000002047,32.,73.7900000000002));
#3153=CARTESIAN_POINT('',(0.200000000002047,32.,68.6425000000001));
#3154=CARTESIAN_POINT('',(64.7999993820021,32.,73.79));
#3155=CARTESIAN_POINT('',(48.6499995365021,32.,73.7900000000001));
#3156=CARTESIAN_POINT('',(64.799999382002,32.,20.));
#3157=CARTESIAN_POINT('',(64.7999993820021,32.,41.7475));
#3158=CARTESIAN_POINT('',(64.899999382002,32.,19.9999999999999));
#3159=CARTESIAN_POINT('',(-2.99999999999795,32.,20.));
#3160=CARTESIAN_POINT('',(64.899999382002,32.,30.0999999999999));
#3161=CARTESIAN_POINT('',(64.899999382002,32.,44.2475));
#3162=CARTESIAN_POINT('',(67.9999993820021,32.,30.0999999999999));
#3163=CARTESIAN_POINT('',(50.249999536502,32.,30.0999999999999));
#3164=CARTESIAN_POINT('',(67.9999993820021,32.,76.99));
#3165=CARTESIAN_POINT('',(67.9999993820021,32.,20.));
#3166=CARTESIAN_POINT('',(52.4999996910021,32.,106.99));
#3167=CARTESIAN_POINT('',(52.4999996910021,32.,106.99));
#3168=CARTESIAN_POINT('Origin',(32.4999996910017,32.,106.99));
#3169=CARTESIAN_POINT('',(48.9205701256766,32.0000000000002,102.589447012036));
#3170=CARTESIAN_POINT('Origin',(32.4999996910017,32.,106.99));
#3171=CARTESIAN_POINT('',(62.0436174869476,32.,77.1900000000001));
#3172=CARTESIAN_POINT('',(61.7990356950704,32.,77.6633841227479));
#3173=CARTESIAN_POINT('',(33.2861163802477,32.,77.1900000000001));
#3174=CARTESIAN_POINT('Origin',(32.4999996910016,39.,106.99));
#3175=CARTESIAN_POINT('',(52.4999996910021,32.,106.99));
#3176=CARTESIAN_POINT('',(49.9999996910015,41.,97.3075416344815));
#3177=CARTESIAN_POINT('Origin',(32.4999996910014,50.6824583655186,106.99));
#3178=CARTESIAN_POINT('',(49.9999996910009,82.0000000000002,97.3075416344815));
#3179=CARTESIAN_POINT('',(49.9999996910016,39.0000000000002,97.3075416344815));
#3180=CARTESIAN_POINT('',(51.2667094411189,82.,100.075478674928));
#3181=CARTESIAN_POINT('Origin',(32.499999691001,82.,106.99));
#3182=CARTESIAN_POINT('',(51.3776640612591,86.8571355705882,100.384412371039));
#3183=CARTESIAN_POINT('Origin',(32.4999996909957,434.065369494873,106.99));
#3184=CARTESIAN_POINT('',(52.3857855426468,81.4768981154516,104.855633334563));
#3185=CARTESIAN_POINT('Ctrl Pts',(52.3857855426457,81.4768981154525,104.855633334564));
#3186=CARTESIAN_POINT('Ctrl Pts',(52.2973461589113,82.295078127971,104.031648086727));
#3187=CARTESIAN_POINT('Ctrl Pts',(52.1630444619807,83.1498256241091,103.265166865992));
#3188=CARTESIAN_POINT('Ctrl Pts',(51.832132814724,84.9105279722578,101.805238702524));
#3189=CARTESIAN_POINT('Ctrl Pts',(51.6207477526341,85.8690074063509,101.079104894615));
#3190=CARTESIAN_POINT('Ctrl Pts',(51.3776640612598,86.8571355705855,100.384412371041));
#3191=CARTESIAN_POINT('',(52.3857855426468,82.,104.855633334563));
#3192=CARTESIAN_POINT('',(52.3857855426468,82.,104.855633334563));
#3193=CARTESIAN_POINT('',(49.9999996910022,82.,116.672458365519));
#3194=CARTESIAN_POINT('Origin',(32.4999996910022,82.,106.99));
#3195=CARTESIAN_POINT('',(49.9999996910017,31.,116.672458365519));
#3196=CARTESIAN_POINT('',(49.9999996910016,39.0000000000002,116.672458365519));
#3197=CARTESIAN_POINT('Origin',(32.4999996910017,31.,106.99));
#3198=CARTESIAN_POINT('Origin',(30.7280404055599,32.,77.0004671912487));
#3199=CARTESIAN_POINT('',(31.410624101765,31.,90.0249399993522));
#3200=CARTESIAN_POINT('',(31.410624101765,32.,90.0249399993525));
#3201=CARTESIAN_POINT('',(30.7379733991678,31.,77.1900000000001));
#3202=CARTESIAN_POINT('',(31.0474072005303,31.,83.0943486596011));
#3203=CARTESIAN_POINT('',(30.7379733991678,32.,77.1900000000001));
#3204=CARTESIAN_POINT('Origin',(2.62793131133019,32.,77.1900000000002));
#3205=CARTESIAN_POINT('',(2.95638189505665,31.,77.1900000000002));
#3206=CARTESIAN_POINT('',(9.87352059221563,31.,77.1900000000002));
#3207=CARTESIAN_POINT('',(2.95638189505664,32.,77.1900000000002));
#3208=CARTESIAN_POINT('Origin',(16.1820320768477,32.,102.788033120227));
#3209=CARTESIAN_POINT('',(16.0794292563271,31.,102.589447012035));
#3210=CARTESIAN_POINT('',(13.6599688161714,31.,97.906620260315));
#3211=CARTESIAN_POINT('',(16.0794292563273,32.,102.589447012035));
#3212=CARTESIAN_POINT('Origin',(17.1191098731011,31.,89.9349185645791));
#3213=CARTESIAN_POINT('Origin',(32.4999996910017,31.,106.99));
#3214=CARTESIAN_POINT('Origin',(45.9999996910017,31.,111.037016602207));
#3215=CARTESIAN_POINT('',(46.4731883034839,31.,116.672458365519));
#3216=CARTESIAN_POINT('',(49.9999996910017,31.,116.672458365519));
#3217=CARTESIAN_POINT('',(48.8424163927991,31.,111.672458365519));
#3218=CARTESIAN_POINT('Origin',(32.4999996910017,31.,106.99));
#3219=CARTESIAN_POINT('',(39.4999996910017,31.,111.672458365519));
#3220=CARTESIAN_POINT('',(48.8424163927991,31.,111.672458365519));
#3221=CARTESIAN_POINT('',(39.4999996910017,31.,108.672458365519));
#3222=CARTESIAN_POINT('',(39.4999996910017,31.,111.672458365519));
#3223=CARTESIAN_POINT('',(49.416539935635,31.,108.672458365519));
#3224=CARTESIAN_POINT('',(39.4999996910017,31.,108.672458365519));
#3225=CARTESIAN_POINT('Origin',(32.4999996910017,31.,106.99));
#3226=CARTESIAN_POINT('Origin',(18.9999996910017,31.,111.037016602207));
#3227=CARTESIAN_POINT('',(25.4999996910017,31.,108.672458365519));
#3228=CARTESIAN_POINT('',(25.4999996910017,31.,111.672458365519));
#3229=CARTESIAN_POINT('',(25.4999996910017,31.,108.672458365519));
#3230=CARTESIAN_POINT('',(16.1575829892044,31.,111.672458365519));
#3231=CARTESIAN_POINT('',(25.4999996910017,31.,111.672458365519));
#3232=CARTESIAN_POINT('',(18.5268110785196,31.,116.672458365519));
#3233=CARTESIAN_POINT('Origin',(32.4999996910017,31.,106.99));
#3234=CARTESIAN_POINT('',(14.9999996910018,31.,116.672458365519));
#3235=CARTESIAN_POINT('',(18.5268110785196,31.,116.672458365519));
#3236=CARTESIAN_POINT('Origin',(32.4999996910017,31.,106.99));
#3237=CARTESIAN_POINT('',(15.5834594463685,31.,108.672458365519));
#3238=CARTESIAN_POINT('Origin',(32.4999996910017,31.,106.99));
#3239=CARTESIAN_POINT('',(15.5834594463685,31.,108.672458365519));
#3240=CARTESIAN_POINT('Origin',(34.0722330694933,32.,77.1900000000001));
#3241=CARTESIAN_POINT('',(62.0436174869476,31.,77.1900000000001));
#3242=CARTESIAN_POINT('',(62.0436174869476,32.,77.19));
#3243=CARTESIAN_POINT('',(34.2620259828363,31.,77.1900000000001));
#3244=CARTESIAN_POINT('',(40.9765612891982,31.,77.1900000000001));
#3245=CARTESIAN_POINT('',(34.2620259828363,32.,77.1900000000001));
#3246=CARTESIAN_POINT('Origin',(33.589436854083,32.,90.0237651004211));
#3247=CARTESIAN_POINT('',(33.5893752802391,31.,90.0249399993522));
#3248=CARTESIAN_POINT('',(33.6113311202932,31.,89.6059976141875));
#3249=CARTESIAN_POINT('',(33.5893752802391,32.,90.0249399993525));
#3250=CARTESIAN_POINT('Origin',(62.1943828885562,32.,76.8981959910693));
#3251=CARTESIAN_POINT('',(48.9205701256766,31.,102.589447012036));
#3252=CARTESIAN_POINT('',(48.9205701256768,32.,102.589447012035));
#3253=CARTESIAN_POINT('',(58.0282383575325,31.,84.9617016957361));
#3254=CARTESIAN_POINT('Origin',(47.8808895089031,31.,89.9349185645796));
#3255=CARTESIAN_POINT('Origin',(32.4999996910017,31.,106.99));
#3256=CARTESIAN_POINT('Origin',(49.499999691002,32.3004303095138,51.7900000000003));
#3257=CARTESIAN_POINT('',(49.499999691002,32.,52.7900000000003));
#3258=CARTESIAN_POINT('Origin',(49.499999691002,32.,51.7900000000003));
#3259=CARTESIAN_POINT('',(49.499999691002,32.6008606190276,51.7900000000003));
#3260=CARTESIAN_POINT('',(49.499999691002,32.3004303095138,52.2900000000003));
#3261=CARTESIAN_POINT('Origin',(49.499999691002,31.5,51.7900000000003));
#3262=CARTESIAN_POINT('',(49.499999691002,31.,52.7900000000003));
#3263=CARTESIAN_POINT('Origin',(49.499999691002,31.,51.7900000000003));
#3264=CARTESIAN_POINT('',(49.499999691002,31.5,52.7900000000003));
#3265=CARTESIAN_POINT('Origin',(44.4999996910013,32.3004303095138,56.7900000000002));
#3266=CARTESIAN_POINT('',(44.4999996910013,32.,57.7900000000002));
#3267=CARTESIAN_POINT('Origin',(44.4999996910013,32.,56.7900000000002));
#3268=CARTESIAN_POINT('',(44.4999996910013,32.6008606190276,56.7900000000002));
#3269=CARTESIAN_POINT('',(44.4999996910013,32.3004303095138,57.2900000000002));
#3270=CARTESIAN_POINT('Origin',(44.4999996910013,31.5,56.7900000000002));
#3271=CARTESIAN_POINT('',(44.4999996910013,31.,57.7900000000002));
#3272=CARTESIAN_POINT('Origin',(44.4999996910013,31.,56.7900000000002));
#3273=CARTESIAN_POINT('',(44.4999996910013,31.5,57.7900000000002));
#3274=CARTESIAN_POINT('Origin',(49.499999691002,32.3004303095138,61.7900000000002));
#3275=CARTESIAN_POINT('',(49.499999691002,32.,62.7900000000002));
#3276=CARTESIAN_POINT('Origin',(49.499999691002,32.,61.7900000000002));
#3277=CARTESIAN_POINT('',(49.499999691002,32.6008606190276,61.7900000000002));
#3278=CARTESIAN_POINT('',(49.499999691002,32.3004303095138,62.2900000000002));
#3279=CARTESIAN_POINT('Origin',(49.499999691002,31.5,61.7900000000002));
#3280=CARTESIAN_POINT('',(49.499999691002,31.,62.7900000000002));
#3281=CARTESIAN_POINT('Origin',(49.499999691002,31.,61.7900000000002));
#3282=CARTESIAN_POINT('',(49.499999691002,31.5,62.7900000000002));
#3283=CARTESIAN_POINT('Origin',(44.499999691002,32.3004303095138,61.7900000000002));
#3284=CARTESIAN_POINT('',(44.499999691002,32.,62.7900000000002));
#3285=CARTESIAN_POINT('Origin',(44.499999691002,32.,61.7900000000002));
#3286=CARTESIAN_POINT('',(44.499999691002,32.6008606190276,61.7900000000002));
#3287=CARTESIAN_POINT('',(44.499999691002,32.3004303095138,62.2900000000002));
#3288=CARTESIAN_POINT('Origin',(44.499999691002,31.5,61.7900000000002));
#3289=CARTESIAN_POINT('',(44.499999691002,31.,62.7900000000002));
#3290=CARTESIAN_POINT('Origin',(44.499999691002,31.,61.7900000000002));
#3291=CARTESIAN_POINT('',(44.499999691002,31.5,62.7900000000002));
#3292=CARTESIAN_POINT('Origin',(44.499999691002,32.3004303095138,51.7900000000002));
#3293=CARTESIAN_POINT('',(44.499999691002,32.,52.7900000000002));
#3294=CARTESIAN_POINT('Origin',(44.499999691002,32.,51.7900000000002));
#3295=CARTESIAN_POINT('',(44.499999691002,32.6008606190276,51.7900000000002));
#3296=CARTESIAN_POINT('',(44.499999691002,32.3004303095138,52.2900000000002));
#3297=CARTESIAN_POINT('Origin',(44.499999691002,31.5,51.7900000000002));
#3298=CARTESIAN_POINT('',(44.499999691002,31.,52.7900000000002));
#3299=CARTESIAN_POINT('Origin',(44.499999691002,31.,51.7900000000002));
#3300=CARTESIAN_POINT('',(44.499999691002,31.5,52.7900000000002));
#3301=CARTESIAN_POINT('Origin',(49.499999691002,32.3004303095138,56.7900000000003));
#3302=CARTESIAN_POINT('',(49.499999691002,32.,57.7900000000003));
#3303=CARTESIAN_POINT('Origin',(49.499999691002,32.,56.7900000000003));
#3304=CARTESIAN_POINT('',(49.499999691002,32.6008606190276,56.7900000000003));
#3305=CARTESIAN_POINT('',(49.499999691002,32.3004303095138,57.2900000000003));
#3306=CARTESIAN_POINT('Origin',(49.499999691002,31.5,56.7900000000003));
#3307=CARTESIAN_POINT('',(49.499999691002,31.,57.7900000000003));
#3308=CARTESIAN_POINT('Origin',(49.499999691002,31.,56.7900000000003));
#3309=CARTESIAN_POINT('',(49.499999691002,31.5,57.7900000000003));
#3310=CARTESIAN_POINT('Origin',(35.499999691002,31.,66.2900000000001));
#3311=CARTESIAN_POINT('',(35.499999691002,31.,66.2900000000001));
#3312=CARTESIAN_POINT('',(40.499999691002,31.,66.2900000000001));
#3313=CARTESIAN_POINT('',(33.999999691002,31.,66.2900000000001));
#3314=CARTESIAN_POINT('',(35.499999691002,33.,66.2900000000001));
#3315=CARTESIAN_POINT('',(35.499999691002,31.,66.2900000000001));
#3316=CARTESIAN_POINT('',(40.499999691002,33.,66.2900000000001));
#3317=CARTESIAN_POINT('',(40.499999691002,33.,66.2900000000001));
#3318=CARTESIAN_POINT('',(40.499999691002,31.,66.2900000000001));
#3319=CARTESIAN_POINT('Origin',(35.4999996910021,31.,61.2900000000001));
#3320=CARTESIAN_POINT('',(35.4999996910021,31.,61.2900000000001));
#3321=CARTESIAN_POINT('',(35.4999996910022,31.,54.0925000000001));
#3322=CARTESIAN_POINT('',(35.4999996910021,33.,61.2900000000001));
#3323=CARTESIAN_POINT('',(35.4999996910021,31.,61.2900000000001));
#3324=CARTESIAN_POINT('',(35.499999691002,33.,66.2900000000001));
#3325=CARTESIAN_POINT('Origin',(40.4999996910021,31.,61.2900000000001));
#3326=CARTESIAN_POINT('',(40.4999996910021,31.,61.2900000000001));
#3327=CARTESIAN_POINT('',(36.4999996910021,31.,61.2900000000001));
#3328=CARTESIAN_POINT('',(40.4999996910021,33.,61.2900000000001));
#3329=CARTESIAN_POINT('',(40.4999996910021,31.,61.2900000000001));
#3330=CARTESIAN_POINT('',(35.4999996910021,33.,61.2900000000001));
#3331=CARTESIAN_POINT('Origin',(40.499999691002,31.,66.2900000000001));
#3332=CARTESIAN_POINT('',(40.4999996910022,31.,56.5925000000002));
#3333=CARTESIAN_POINT('',(40.4999996910021,33.,61.2900000000001));
#3334=CARTESIAN_POINT('Origin',(37.999999691002,33.,63.7900000000001));
#3335=CARTESIAN_POINT('Origin',(32.4999996910016,39.,106.99));
#3336=CARTESIAN_POINT('',(14.9999996910022,82.,116.672458365519));
#3337=CARTESIAN_POINT('',(14.9999996910016,38.9999999999997,116.672458365519));
#3338=CARTESIAN_POINT('',(12.6142138393588,82.,104.855633334563));
#3339=CARTESIAN_POINT('Origin',(32.4999996910022,82.,106.99));
#3340=CARTESIAN_POINT('',(12.6142138393588,81.4768981154567,104.855633334563));
#3341=CARTESIAN_POINT('',(12.6142138393588,82.,104.855633334563));
#3342=CARTESIAN_POINT('',(13.6223353207426,86.8571355705876,100.384412371039));
#3343=CARTESIAN_POINT('Ctrl Pts',(13.6223353207426,86.8571355705876,100.384412371039));
#3344=CARTESIAN_POINT('Ctrl Pts',(13.381379177567,85.8776558281542,101.073024717786));
#3345=CARTESIAN_POINT('Ctrl Pts',(13.1695390734193,84.9194269805423,101.797859878479));
#3346=CARTESIAN_POINT('Ctrl Pts',(12.8369549200214,83.1498256241095,103.265166865991));
#3347=CARTESIAN_POINT('Ctrl Pts',(12.7026532230909,82.2950781279725,104.031648086726));
#3348=CARTESIAN_POINT('Ctrl Pts',(12.6142138393566,81.476898115455,104.855633334561));
#3349=CARTESIAN_POINT('',(13.7332899408854,82.,100.075478674928));
#3350=CARTESIAN_POINT('Origin',(32.4999996909957,434.065369494873,106.99));
#3351=CARTESIAN_POINT('',(14.9999996910009,81.9999999999997,97.3075416344817));
#3352=CARTESIAN_POINT('Origin',(32.499999691001,82.,106.99));
#3353=CARTESIAN_POINT('',(14.9999996910015,41.,97.3075416344817));
#3354=CARTESIAN_POINT('',(14.9999996910016,38.9999999999997,97.3075416344817));
#3355=CARTESIAN_POINT('Origin',(32.4999996910014,50.6824583655186,106.99));
#3356=CARTESIAN_POINT('',(12.4999996910021,32.,106.99));
#3357=CARTESIAN_POINT('Origin',(14.9999996910016,38.9999999999997,116.672458365519));
#3358=CARTESIAN_POINT('',(14.9999996910022,82.,116.672458365519));
#3359=CARTESIAN_POINT('',(18.5268110785189,78.9999999999998,116.672458365519));
#3360=CARTESIAN_POINT('',(18.5268110785195,38.9999999999998,116.672458365519));
#3361=CARTESIAN_POINT('',(46.4731883034832,79.0000000000002,116.672458365519));
#3362=CARTESIAN_POINT('',(49.999999691001,79.0000000000003,116.672458365519));
#3363=CARTESIAN_POINT('',(46.4731883034838,39.0000000000002,116.672458365519));
#3364=CARTESIAN_POINT('Origin',(34.7027980162207,82.,94.6463557261036));
#3365=CARTESIAN_POINT('',(52.1244804072246,82.0000000000003,104.704768744287));
#3366=CARTESIAN_POINT('Ctrl Pts',(52.1244804072246,82.0000000000003,104.704768744287));
#3367=CARTESIAN_POINT('Ctrl Pts',(52.2543047873982,81.7401038761313,104.779722885127));
#3368=CARTESIAN_POINT('Ctrl Pts',(52.3857855426468,81.4768981154516,104.855633334563));
#3369=CARTESIAN_POINT('',(52.3857855426468,82.,104.855633334563));
#3370=CARTESIAN_POINT('Origin',(12.6142138393585,82.,104.855633334562));
#3371=CARTESIAN_POINT('',(12.8755189747774,81.9999999999997,104.704768744287));
#3372=CARTESIAN_POINT('Ctrl Pts',(12.6142138393583,81.4768981154563,104.855633334562));
#3373=CARTESIAN_POINT('Ctrl Pts',(12.7456945946061,81.7401038761354,104.779722885126));
#3374=CARTESIAN_POINT('Ctrl Pts',(12.8755189747774,81.9999999999997,104.704768744287));
#3375=CARTESIAN_POINT('',(30.2972013657836,82.,94.6463557261037));
#3376=CARTESIAN_POINT('Origin',(14.096959860581,123.,101.932541634482));
#3377=CARTESIAN_POINT('',(15.5208766133157,87.526753280682,102.898837795966));
#3378=CARTESIAN_POINT('',(15.5208766133157,87.526753280682,102.898837795966));
#3379=CARTESIAN_POINT('',(13.972081213524,87.526753280682,100.216245472998));
#3380=CARTESIAN_POINT('Origin',(14.7464789134112,122.999999999997,101.557541634486));
#3381=CARTESIAN_POINT('',(13.972081213524,87.526753280682,100.216245472998));
#3382=CARTESIAN_POINT('Origin',(32.4999996910009,82.,91.3075416344816));
#3383=CARTESIAN_POINT('',(32.4999996910011,72.,95.3075416344816));
#3384=CARTESIAN_POINT('Origin',(32.499999691001,72.,91.3075416344816));
#3385=CARTESIAN_POINT('',(32.4999996910009,82.,95.3075416344816));
#3386=CARTESIAN_POINT('',(32.4999996910009,82.,95.3075416344816));
#3387=CARTESIAN_POINT('',(34.7027980162194,82.,94.6463557261037));
#3388=CARTESIAN_POINT('Origin',(32.4999996910009,82.,91.3075416344816));
#3389=CARTESIAN_POINT('',(34.710757740883,82.1955884737937,94.6410906209046));
#3390=CARTESIAN_POINT('Origin',(32.4999996910003,123.,91.3075416344816));
#3391=CARTESIAN_POINT('',(36.4923168229441,82.1955884737937,91.5553397740889));
#3392=CARTESIAN_POINT('Origin',(32.4999996910009,82.1955884737936,91.3075416344816));
#3393=CARTESIAN_POINT('',(36.4928966754684,82.,91.5458138977235));
#3394=CARTESIAN_POINT('Origin',(32.4999996910003,123.,91.3075416344816));
#3395=CARTESIAN_POINT('',(34.2900983502499,82.,87.7304552796175));
#3396=CARTESIAN_POINT('Origin',(32.4999996910009,82.,91.3075416344816));
#3397=CARTESIAN_POINT('',(34.281558773062,82.1955884737937,87.7261945084513));
#3398=CARTESIAN_POINT('Origin',(32.4999996910003,123.,91.3075416344816));
#3399=CARTESIAN_POINT('',(30.7184406089397,82.1955884737936,87.7261945084513));
#3400=CARTESIAN_POINT('Origin',(32.4999996910009,82.1955884737936,91.3075416344816));
#3401=CARTESIAN_POINT('',(30.7099010317519,82.,87.7304552796175));
#3402=CARTESIAN_POINT('Origin',(32.4999996910003,123.,91.3075416344816));
#3403=CARTESIAN_POINT('',(28.5071027065334,81.9999999999999,91.5458138977236));
#3404=CARTESIAN_POINT('Origin',(32.4999996910009,82.,91.3075416344816));
#3405=CARTESIAN_POINT('',(28.5076825590577,82.1955884737936,91.5553397740889));
#3406=CARTESIAN_POINT('Origin',(32.4999996910003,123.,91.3075416344816));
#3407=CARTESIAN_POINT('',(30.2892416411188,82.1955884737936,94.6410906209046));
#3408=CARTESIAN_POINT('Origin',(32.4999996910009,82.1955884737936,91.3075416344816));
#3409=CARTESIAN_POINT('',(30.2972013657824,81.9999999999999,94.6463557261038));
#3410=CARTESIAN_POINT('Origin',(32.4999996910003,123.,91.3075416344816));
#3411=CARTESIAN_POINT('Origin',(32.4999996910009,82.,91.3075416344816));
#3412=CARTESIAN_POINT('Origin',(50.9030395214196,123.,101.932541634482));
#3413=CARTESIAN_POINT('',(51.0279181684777,87.5267532806825,100.216245472997));
#3414=CARTESIAN_POINT('',(51.0279181684777,87.5267532806825,100.216245472997));
#3415=CARTESIAN_POINT('',(49.479122768686,87.5267532806825,102.898837795966));
#3416=CARTESIAN_POINT('Origin',(50.2535204685893,122.999999999997,101.557541634486));
#3417=CARTESIAN_POINT('',(49.479122768686,87.5267532806825,102.898837795966));
#3418=CARTESIAN_POINT('Origin',(41.1592670216631,83.2843157655404,98.3092506614533));
#3419=CARTESIAN_POINT('',(36.3680900821908,82.,95.6078125486717));
#3420=CARTESIAN_POINT('Origin',(32.4999996910003,123.,91.3075416344816));
#3421=CARTESIAN_POINT('Origin',(32.4999996910009,82.,91.3075416344816));
#3422=CARTESIAN_POINT('',(30.7099010317519,82.,85.5808020044517));
#3423=CARTESIAN_POINT('',(30.7099010317519,82.,85.8075416344816));
#3424=CARTESIAN_POINT('',(27.2058820439416,81.9999999999999,88.4840122227153));
#3425=CARTESIAN_POINT('Origin',(32.4999996910009,82.,91.3075416344816));
#3426=CARTESIAN_POINT('',(24.2674452036334,81.9999999999999,93.9935812982947));
#3427=CARTESIAN_POINT('',(22.4999996910009,81.9999999999998,97.3075416344817));
#3428=CARTESIAN_POINT('',(24.6229476243282,81.9999999999999,93.788331880009));
#3429=CARTESIAN_POINT('Origin',(30.7659754690676,83.2843157655402,80.3075416344816));
#3430=CARTESIAN_POINT('',(30.951204291209,87.5267532806822,70.8075416344816));
#3431=CARTESIAN_POINT('Origin',(32.4999996910003,123.,91.3075416344816));
#3432=CARTESIAN_POINT('',(30.8378777985413,84.9311498621956,69.3075416344816));
#3433=CARTESIAN_POINT('',(30.951204291209,87.5267532806822,70.8075416344816));
#3434=CARTESIAN_POINT('',(30.5968633118219,79.4110105645932,85.6173683574851));
#3435=CARTESIAN_POINT('Origin',(32.4999996910003,123.,91.3075416344816));
#3436=CARTESIAN_POINT('Origin',(32.4999996910003,123.,91.3075416344816));
#3437=CARTESIAN_POINT('Origin',(32.4999996910003,123.,91.3075416344816));
#3438=CARTESIAN_POINT('Origin',(32.4999996910003,123.,91.3075416344816));
#3439=CARTESIAN_POINT('Origin',(32.4999996910003,123.,91.3075416344816));
#3440=CARTESIAN_POINT('Origin',(32.4999996910003,123.,91.3075416344816));
#3441=CARTESIAN_POINT('',(34.0487950907924,87.5267532806823,70.8075416344816));
#3442=CARTESIAN_POINT('Origin',(32.4999996910003,123.,91.3075416344816));
#3443=CARTESIAN_POINT('Origin',(32.4999996910003,122.999999999997,70.8075416344723));
#3444=CARTESIAN_POINT('Origin',(32.499999691001,79.,106.99));
#3445=CARTESIAN_POINT('',(46.4731883034831,79.0000000000002,97.3075416344815));
#3446=CARTESIAN_POINT('Origin',(32.499999691001,79.,106.99));
#3447=CARTESIAN_POINT('',(18.5268110785188,78.9999999999998,97.3075416344817));
#3448=CARTESIAN_POINT('Origin',(32.499999691001,79.,106.99));
#3449=CARTESIAN_POINT('',(22.499999691001,78.9999999999998,97.3075416344817));
#3450=CARTESIAN_POINT('',(14.999999691001,78.9999999999997,97.3075416344817));
#3451=CARTESIAN_POINT('',(27.2058820439416,78.9999999999999,88.4840122227153));
#3452=CARTESIAN_POINT('',(22.499999691001,78.9999999999998,97.3075416344817));
#3453=CARTESIAN_POINT('',(32.499999691001,79.,97.3075416344816));
#3454=CARTESIAN_POINT('Origin',(32.4999996910009,79.,91.3075416344816));
#3455=CARTESIAN_POINT('',(37.7941173380602,79.0000000000001,88.4840122227153));
#3456=CARTESIAN_POINT('Origin',(32.4999996910009,79.,91.3075416344816));
#3457=CARTESIAN_POINT('',(42.499999691001,79.0000000000001,97.3075416344816));
#3458=CARTESIAN_POINT('',(37.7941173380602,79.0000000000001,88.4840122227153));
#3459=CARTESIAN_POINT('',(14.999999691001,78.9999999999997,97.3075416344817));
#3460=CARTESIAN_POINT('Origin',(32.4999996910009,82.,91.3075416344816));
#3461=CARTESIAN_POINT('',(25.2365574652283,81.9999999999999,97.5681198443615));
#3462=CARTESIAN_POINT('Origin',(42.8932912435963,83.2843157655404,95.3058326075098));
#3463=CARTESIAN_POINT('',(46.4725018549122,82.0000000000002,97.3075416344815));
#3464=CARTESIAN_POINT('',(51.2667094411189,82.,100.075478674928));
#3465=CARTESIAN_POINT('',(46.4970001884812,81.7194479558046,97.3075416344815));
#3466=CARTESIAN_POINT('',(48.1607841734522,62.665988798302,97.3075416344815));
#3467=CARTESIAN_POINT('',(40.6484443025691,79.835079295993,93.835875281171));
#3468=CARTESIAN_POINT('Origin',(32.4999996910003,123.,91.3075416344816));
#3469=CARTESIAN_POINT('',(40.7325541783684,82.0000000000001,93.9935812982946));
#3470=CARTESIAN_POINT('',(40.750851618143,82.4709614159106,94.0278889978721));
#3471=CARTESIAN_POINT('',(40.3770517694129,82.0000000000001,93.7883318867866));
#3472=CARTESIAN_POINT('Origin',(32.4999996910003,123.,91.3075416344816));
#3473=CARTESIAN_POINT('Origin',(23.8407323603387,83.2843157655401,98.3092506614534));
#3474=CARTESIAN_POINT('Origin',(32.4999996910003,123.,91.3075416344816));
#3475=CARTESIAN_POINT('Origin',(34.234023912934,83.2843157655403,80.3075416344816));
#3476=CARTESIAN_POINT('',(34.2900983502498,82.,85.5808020044517));
#3477=CARTESIAN_POINT('',(34.2900983502498,82.,85.8075416344816));
#3478=CARTESIAN_POINT('',(34.4031360701799,79.4110105645933,85.6173683574851));
#3479=CARTESIAN_POINT('Origin',(32.4999996910003,123.,91.3075416344816));
#3480=CARTESIAN_POINT('',(34.1621215834601,84.9311498621956,69.3075416344816));
#3481=CARTESIAN_POINT('Origin',(32.4999996910003,123.,91.3075416344816));
#3482=CARTESIAN_POINT('',(34.0487950907924,87.5267532806823,70.8075416344816));
#3483=CARTESIAN_POINT('Origin',(32.4999996910009,82.,91.3075416344816));
#3484=CARTESIAN_POINT('',(37.7941173380601,82.0000000000001,88.4840122227153));
#3485=CARTESIAN_POINT('Origin',(32.4999996910009,82.,91.3075416344816));
#3486=CARTESIAN_POINT('',(37.7941173380601,82.0000000000001,88.4840122227153));
#3487=CARTESIAN_POINT('Origin',(22.1067081384054,83.2843157655401,95.3058326075099));
#3488=CARTESIAN_POINT('',(24.3515550794327,79.8350792959927,93.8358752811711));
#3489=CARTESIAN_POINT('',(24.233218751929,82.8809613997812,94.0577558952405));
#3490=CARTESIAN_POINT('',(18.5029991935207,81.7194479558042,97.3075416344817));
#3491=CARTESIAN_POINT('Origin',(32.4999996910003,123.,91.3075416344816));
#3492=CARTESIAN_POINT('',(18.5274975270897,81.9999999999998,97.3075416344817));
#3493=CARTESIAN_POINT('',(16.7334743696911,61.4550571072397,97.3075416344817));
#3494=CARTESIAN_POINT('',(17.8628013266518,81.9999999999997,97.6913041647345));
#3495=CARTESIAN_POINT('Origin',(32.4999996910009,82.,91.3075416344816));
#3496=CARTESIAN_POINT('',(14.9999996910009,81.9999999999997,97.3075416344817));
#3497=CARTESIAN_POINT('Origin',(32.4999996910009,82.,91.3075416344816));
#3498=CARTESIAN_POINT('',(14.9999996910009,81.9999999999997,97.3075416344817));
#3499=CARTESIAN_POINT('Origin',(32.499999691002,62.0897143043754,63.7900000000001));
#3500=CARTESIAN_POINT('',(32.499999691002,31.,65.4400000000001));
#3501=CARTESIAN_POINT('Origin',(32.499999691002,31.,63.7900000000001));
#3502=CARTESIAN_POINT('',(32.499999691002,62.0897143043754,65.4400000000001));
#3503=CARTESIAN_POINT('Origin',(32.499999691002,62.0897143043754,48.7900000000001));
#3504=CARTESIAN_POINT('',(32.499999691002,31.,50.4400000000001));
#3505=CARTESIAN_POINT('Origin',(32.499999691002,31.,48.7900000000001));
#3506=CARTESIAN_POINT('',(32.499999691002,62.0897143043754,50.4400000000001));
#3507=CARTESIAN_POINT('Origin',(0.100000000002104,39.,26.9999999999999));
#3508=CARTESIAN_POINT('',(3.1000000000021,39.,29.9999999999999));
#3509=CARTESIAN_POINT('',(3.1000000000021,42.,26.9999999999999));
#3510=CARTESIAN_POINT('Origin',(3.1000000000021,39.,26.9999999999999));
#3511=CARTESIAN_POINT('',(0.100000000002104,42.,26.9999999999999));
#3512=CARTESIAN_POINT('',(0.100000000002104,42.,26.9999999999999));
#3513=CARTESIAN_POINT('',(0.100000000002103,39.,29.9999999999999));
#3514=CARTESIAN_POINT('Origin',(0.100000000002102,39.,26.9999999999999));
#3515=CARTESIAN_POINT('',(0.100000000002103,39.,29.9999999999999));
#3516=CARTESIAN_POINT('Origin',(3.1000000000021,37.,24.9999999999999));
#3517=CARTESIAN_POINT('',(3.1000000000021,32.,29.9999999999999));
#3518=CARTESIAN_POINT('',(3.1000000000021,42.,19.9999999999999));
#3519=CARTESIAN_POINT('',(3.1000000000021,42.,19.9999999999999));
#3520=CARTESIAN_POINT('',(3.1000000000021,42.,29.9999999999999));
#3521=CARTESIAN_POINT('',(3.1000000000021,39.,28.6499999999999));
#3522=CARTESIAN_POINT('Origin',(3.1000000000021,39.,26.9999999999999));
#3523=CARTESIAN_POINT('Origin',(0.100000000002103,32.,29.9999999999999));
#3524=CARTESIAN_POINT('',(0.100000000002103,32.,29.9999999999999));
#3525=CARTESIAN_POINT('Origin',(0.100000000002103,39.,26.9999999999999));
#3526=CARTESIAN_POINT('',(0.100000000002103,39.,28.6499999999999));
#3527=CARTESIAN_POINT('',(0.100000000002102,39.,28.6499999999999));
#3528=CARTESIAN_POINT('Origin',(0.100000000002103,39.,26.9999999999999));
#3529=CARTESIAN_POINT('Origin',(0.100000000002103,42.,29.9999999999999));
#3530=CARTESIAN_POINT('',(0.100000000002103,42.,19.9999999999999));
#3531=CARTESIAN_POINT('',(0.100000000002103,42.,19.9999999999999));
#3532=CARTESIAN_POINT('',(0.100000000002103,42.,29.9999999999999));
#3533=CARTESIAN_POINT('Origin',(67.9999993820021,32.,20.));
#3534=CARTESIAN_POINT('',(0.100000000002104,34.5,20.));
#3535=CARTESIAN_POINT('',(61.899999382002,42.,19.9999999999999));
#3536=CARTESIAN_POINT('',(61.899999382002,42.,19.9999999999999));
#3537=CARTESIAN_POINT('',(64.899999382002,42.,19.9999999999999));
#3538=CARTESIAN_POINT('',(64.899999382002,42.,19.9999999999999));
#3539=CARTESIAN_POINT('',(64.899999382002,34.5,20.));
#3540=CARTESIAN_POINT('',(64.799999382002,31.,20.));
#3541=CARTESIAN_POINT('',(64.799999382002,32.,20.));
#3542=CARTESIAN_POINT('',(0.200000000002047,31.,20.));
#3543=CARTESIAN_POINT('',(-2.99999999999795,31.,20.));
#3544=CARTESIAN_POINT('',(0.200000000002046,32.,20.));
#3545=CARTESIAN_POINT('Origin',(0.100000000002103,37.,24.9999999999999));
#3546=CARTESIAN_POINT('',(0.100000000002101,34.5,30.0999999999999));
#3547=CARTESIAN_POINT('Origin',(-2.9999999999979,32.,30.0999999999999));
#3548=CARTESIAN_POINT('',(-2.99999999999795,32.,30.0999999999999));
#3549=CARTESIAN_POINT('Origin',(64.899999382002,39.,26.9999999999999));
#3550=CARTESIAN_POINT('',(61.899999382002,42.,26.9999999999999));
#3551=CARTESIAN_POINT('',(61.899999382002,39.,29.9999999999999));
#3552=CARTESIAN_POINT('Origin',(61.899999382002,39.,26.9999999999999));
#3553=CARTESIAN_POINT('',(64.899999382002,39.,29.9999999999999));
#3554=CARTESIAN_POINT('',(64.899999382002,39.,29.9999999999999));
#3555=CARTESIAN_POINT('',(64.899999382002,42.,26.9999999999999));
#3556=CARTESIAN_POINT('Origin',(64.899999382002,39.,26.9999999999999));
#3557=CARTESIAN_POINT('',(64.899999382002,42.,26.9999999999999));
#3558=CARTESIAN_POINT('Origin',(64.899999382002,32.,29.9999999999999));
#3559=CARTESIAN_POINT('',(61.899999382002,32.,29.9999999999999));
#3560=CARTESIAN_POINT('',(64.899999382002,32.,29.9999999999999));
#3561=CARTESIAN_POINT('Origin',(61.899999382002,37.,24.9999999999999));
#3562=CARTESIAN_POINT('',(61.899999382002,42.,29.9999999999999));
#3563=CARTESIAN_POINT('',(61.899999382002,39.,28.6499999999999));
#3564=CARTESIAN_POINT('Origin',(61.899999382002,39.,26.9999999999999));
#3565=CARTESIAN_POINT('Origin',(64.899999382002,39.,26.9999999999999));
#3566=CARTESIAN_POINT('',(64.899999382002,39.,28.6499999999999));
#3567=CARTESIAN_POINT('',(64.899999382002,39.,28.6499999999999));
#3568=CARTESIAN_POINT('Origin',(64.899999382002,39.,26.9999999999999));
#3569=CARTESIAN_POINT('Origin',(64.899999382002,42.,29.9999999999999));
#3570=CARTESIAN_POINT('',(64.899999382002,42.,29.9999999999999));
#3571=CARTESIAN_POINT('Origin',(64.899999382002,37.,24.9999999999999));
#3572=CARTESIAN_POINT('',(64.899999382002,34.5,30.0999999999999));
#3573=CARTESIAN_POINT('Origin',(67.999999382002,32.,30.0999999999999));
#3574=CARTESIAN_POINT('',(67.9999993820021,32.,30.0999999999999));
#3575=CARTESIAN_POINT('Origin',(25.5134053847608,37.5,93.8075416344816));
#3576=CARTESIAN_POINT('',(46.4731883034837,41.,97.3075416344815));
#3577=CARTESIAN_POINT('Origin',(32.4999996910021,50.6824583655186,106.99));
#3578=CARTESIAN_POINT('',(25.5134053847608,41.,97.3075416344816));
#3579=CARTESIAN_POINT('Origin',(25.5134053847608,37.5,93.8075416344816));
#3580=CARTESIAN_POINT('',(18.5268110785194,41.,97.3075416344817));
#3581=CARTESIAN_POINT('',(25.5134053847608,41.,97.3075416344816));
#3582=CARTESIAN_POINT('Origin',(32.4999996910021,50.6824583655186,106.99));
#3583=CARTESIAN_POINT('Origin',(18.5268110785194,38.9999999999998,97.3075416344817));
#3584=CARTESIAN_POINT('',(22.4999996910009,80.573593128807,97.3075416344817));
#3585=CARTESIAN_POINT('Origin',(32.4999996910003,123.,97.3075416344816));
#3586=CARTESIAN_POINT('',(22.4999996910012,60.4999999999998,97.3075416344817));
#3587=CARTESIAN_POINT('',(18.5268110785194,38.9999999999998,97.3075416344817));
#3588=CARTESIAN_POINT('Origin',(37.7941173380601,82.0000000000001,88.4840122227153));
#3589=CARTESIAN_POINT('',(42.4999996910009,80.5735931288073,97.3075416344816));
#3590=CARTESIAN_POINT('Origin',(37.7941173380604,123.,88.4840122227169));
#3591=CARTESIAN_POINT('',(42.4999996910012,60.5000000000001,97.3075416344816));
#3592=CARTESIAN_POINT('',(37.794117338061,82.0000000000001,88.4840122227169));
#3593=CARTESIAN_POINT('Origin',(22.4999996910009,81.9999999999998,97.3075416344817));
#3594=CARTESIAN_POINT('Origin',(27.20588204394,123.,88.484012222717));
#3595=CARTESIAN_POINT('',(27.2058820439406,81.9999999999999,88.484012222717));
#3596=CARTESIAN_POINT('Origin',(32.4999996910009,82.,91.3075416344816));
#3597=CARTESIAN_POINT('',(32.4999996910011,72.,97.3075416344816));
#3598=CARTESIAN_POINT('Origin',(32.499999691001,72.,91.3075416344816));
#3599=CARTESIAN_POINT('',(32.4999996910009,82.,97.3075416344816));
#3600=CARTESIAN_POINT('Origin',(32.4999996910009,79.4110105645932,91.3075416344816));
#3601=CARTESIAN_POINT('Origin',(32.4999996910003,123.,91.3075416344816));
#3602=CARTESIAN_POINT('Origin',(32.4999996910003,123.,91.3075416344816));
#3603=CARTESIAN_POINT('Origin',(32.4999996910003,123.,97.3075416344816));
#3604=CARTESIAN_POINT('Origin',(32.499999691001,72.,91.3075416344816));
#3605=CARTESIAN_POINT('Origin',(32.4999996910003,123.,91.3075416344816));
#3606=CARTESIAN_POINT('Origin',(32.4999996910002,123.000000000006,69.3075416344723));
#3607=CARTESIAN_POINT('Origin',(32.4999996910002,123.,70.0575416344816));
#3608=CARTESIAN_POINT('Origin',(18.5268110785194,38.9999999999998,97.3075416344817));
#3609=CARTESIAN_POINT('',(46.4731883034837,39.0000000000002,97.3075416344815));
#3610=CARTESIAN_POINT('Origin',(32.4999996910016,39.,108.672458365519));
#3611=CARTESIAN_POINT('',(15.5834594463683,43.9999999999997,108.672458365519));
#3612=CARTESIAN_POINT('',(15.5834594463684,38.9999999999997,108.672458365519));
#3613=CARTESIAN_POINT('',(49.4165399356348,44.0000000000002,108.672458365519));
#3614=CARTESIAN_POINT('',(12.4999996910015,43.9999999999997,108.672458365519));
#3615=CARTESIAN_POINT('',(49.416539935635,34.0000000000002,108.672458365519));
#3616=CARTESIAN_POINT('',(39.4999996910016,41.0000000000001,108.672458365519));
#3617=CARTESIAN_POINT('',(39.4999996910016,41.0000000000001,108.672458365519));
#3618=CARTESIAN_POINT('',(25.4999996910016,40.9999999999999,108.672458365519));
#3619=CARTESIAN_POINT('',(25.4999996910016,40.9999999999999,108.672458365519));
#3620=CARTESIAN_POINT('',(25.4999996910017,33.9999999999999,108.672458365519));
#3621=CARTESIAN_POINT('',(21.2499996910016,38.9999999999998,108.672458365519));
#3622=CARTESIAN_POINT('Origin',(22.4999996910016,38.9999999999998,108.672458365519));
#3623=CARTESIAN_POINT('',(41.2499996910016,39.0000000000001,108.672458365519));
#3624=CARTESIAN_POINT('Origin',(42.4999996910016,39.0000000000001,108.672458365519));
#3625=CARTESIAN_POINT('Origin',(42.4999996910016,39.0000000000001,108.672458365519));
#3626=CARTESIAN_POINT('',(41.2499996910016,39.0000000000001,111.672458365519));
#3627=CARTESIAN_POINT('Origin',(42.4999996910016,39.0000000000001,111.672458365519));
#3628=CARTESIAN_POINT('',(41.2499996910016,39.0000000000001,108.672458365519));
#3629=CARTESIAN_POINT('Origin',(22.4999996910016,38.9999999999998,108.672458365519));
#3630=CARTESIAN_POINT('',(21.2499996910016,38.9999999999998,111.672458365519));
#3631=CARTESIAN_POINT('Origin',(22.4999996910016,38.9999999999998,111.672458365519));
#3632=CARTESIAN_POINT('',(21.2499996910016,38.9999999999998,108.672458365519));
#3633=CARTESIAN_POINT('Origin',(52.4999996910015,44.0000000000003,108.672458365519));
#3634=CARTESIAN_POINT('',(48.8424163927989,44.0000000000002,111.672458365519));
#3635=CARTESIAN_POINT('Origin',(32.4999996910015,44.,106.99));
#3636=CARTESIAN_POINT('',(16.1575829892042,43.9999999999997,111.672458365519));
#3637=CARTESIAN_POINT('Origin',(32.4999996910015,44.,106.99));
#3638=CARTESIAN_POINT('',(12.4999996910016,43.9999999999997,111.672458365519));
#3639=CARTESIAN_POINT('Origin',(39.4999996910016,41.0000000000001,108.672458365519));
#3640=CARTESIAN_POINT('',(39.4999996910016,41.0000000000001,111.672458365519));
#3641=CARTESIAN_POINT('',(39.4999996910016,41.0000000000001,111.672458365519));
#3642=CARTESIAN_POINT('',(39.4999996910016,41.0000000000001,108.672458365519));
#3643=CARTESIAN_POINT('Origin',(25.4999996910016,40.9999999999999,108.672458365519));
#3644=CARTESIAN_POINT('',(25.4999996910016,40.9999999999999,111.672458365519));
#3645=CARTESIAN_POINT('',(25.4999996910016,40.9999999999999,111.672458365519));
#3646=CARTESIAN_POINT('',(25.4999996910016,40.9999999999999,108.672458365519));
#3647=CARTESIAN_POINT('Origin',(25.4999996910017,33.9999999999999,108.672458365519));
#3648=CARTESIAN_POINT('',(25.4999996910017,33.9999999999999,111.672458365519));
#3649=CARTESIAN_POINT('Origin',(32.4999996910016,39.,111.672458365519));
#3650=CARTESIAN_POINT('',(48.842416392799,39.0000000000002,111.672458365519));
#3651=CARTESIAN_POINT('',(16.1575829892043,33.9999999999997,111.672458365519));
#3652=CARTESIAN_POINT('Origin',(64.799999382002,32.,20.));
#3653=CARTESIAN_POINT('',(64.7999993820021,31.,73.79));
#3654=CARTESIAN_POINT('',(64.7999993820021,32.,73.79));
#3655=CARTESIAN_POINT('',(64.799999382002,31.,19.9999999999998));
#3656=CARTESIAN_POINT('Origin',(0.200000000002047,32.,73.7900000000002));
#3657=CARTESIAN_POINT('',(0.200000000002047,31.,73.7900000000002));
#3658=CARTESIAN_POINT('',(0.200000000002047,31.,73.7900000000002));
#3659=CARTESIAN_POINT('',(0.200000000002047,32.,73.7900000000002));
#3660=CARTESIAN_POINT('Origin',(64.7999993820021,32.,73.79));
#3661=CARTESIAN_POINT('',(64.7999993820021,31.,73.79));
#3662=CARTESIAN_POINT('Origin',(32.4999996910021,31.,46.895));
#3663=CARTESIAN_POINT('Origin',(32.4999996910021,32.,106.99));
#3664=CARTESIAN_POINT('Origin',(-2.99999999999795,32.,76.9900000000002));
#3665=CARTESIAN_POINT('',(-2.99999999999795,32.,76.9900000000002));
#3666=CARTESIAN_POINT('Origin',(-2.99999999999795,32.,20.));
#3667=CARTESIAN_POINT('Origin',(67.9999993820021,32.,76.99));
#3668=CARTESIAN_POINT('',(67.9999993820021,32.,76.99));
#3669=CARTESIAN_POINT('Origin',(52.4999996910021,32.,106.99));
#3670=UNCERTAINTY_MEASURE_WITH_UNIT(LENGTH_MEASURE(0.01),#3674,
'DISTANCE_ACCURACY_VALUE',
'Maximum model space distance between geometric entities at asserted c
onnectivities');
#3671=UNCERTAINTY_MEASURE_WITH_UNIT(LENGTH_MEASURE(0.01),#3674,
'DISTANCE_ACCURACY_VALUE',
'Maximum model space distance between geometric entities at asserted c
onnectivities');
#3672=(
GEOMETRIC_REPRESENTATION_CONTEXT(3)
GLOBAL_UNCERTAINTY_ASSIGNED_CONTEXT((#3670))
GLOBAL_UNIT_ASSIGNED_CONTEXT((#3674,#3676,#3677))
REPRESENTATION_CONTEXT('','3D')
);
#3673=(
GEOMETRIC_REPRESENTATION_CONTEXT(3)
GLOBAL_UNCERTAINTY_ASSIGNED_CONTEXT((#3671))
GLOBAL_UNIT_ASSIGNED_CONTEXT((#3674,#3676,#3677))
REPRESENTATION_CONTEXT('','3D')
);
#3674=(
LENGTH_UNIT()
NAMED_UNIT(*)
SI_UNIT(.MILLI.,.METRE.)
);
#3675=(
LENGTH_UNIT()
NAMED_UNIT(*)
SI_UNIT($,.METRE.)
);
#3676=(
NAMED_UNIT(*)
PLANE_ANGLE_UNIT()
SI_UNIT($,.RADIAN.)
);
#3677=(
NAMED_UNIT(*)
SI_UNIT($,.STERADIAN.)
SOLID_ANGLE_UNIT()
);
#3678=SHAPE_DEFINITION_REPRESENTATION(#3679,#3680);
#3679=PRODUCT_DEFINITION_SHAPE('',$,#3682);
#3680=SHAPE_REPRESENTATION('',(#2188),#3672);
#3681=PRODUCT_DEFINITION_CONTEXT('part definition',#3686,'design');
#3682=PRODUCT_DEFINITION('Fusion \X2\30B330F330DD30FC30CD30F330C8\X0\',
'Fusion \X2\30B330F330DD30FC30CD30F330C8\X0\',#3683,#3681);
#3683=PRODUCT_DEFINITION_FORMATION('',$,#3688);
#3684=PRODUCT_RELATED_PRODUCT_CATEGORY('Fusion \X2\30B330F330DD30FC30CD30F330C8\X0\',
'Fusion \X2\30B330F330DD30FC30CD30F330C8\X0\',(#3688));
#3685=APPLICATION_PROTOCOL_DEFINITION('international standard',
'automotive_design',2009,#3686);
#3686=APPLICATION_CONTEXT(
'Core Data for Automotive Mechanical Design Process');
#3687=PRODUCT_CONTEXT('part definition',#3686,'mechanical');
#3688=PRODUCT('Fusion \X2\30B330F330DD30FC30CD30F330C8\X0\',
'Fusion \X2\30B330F330DD30FC30CD30F330C8\X0\',$,(#3687));
#3689=PRESENTATION_STYLE_ASSIGNMENT((#3690));
#3690=SURFACE_STYLE_USAGE(.BOTH.,#3691);
#3691=SURFACE_SIDE_STYLE('',(#3692));
#3692=SURFACE_STYLE_FILL_AREA(#3693);
#3693=FILL_AREA_STYLE('\X2\92FC\X0\ - \X2\30B530C630F3\X0\',(#3694));
#3694=FILL_AREA_STYLE_COLOUR('\X2\92FC\X0\ - \X2\30B530C630F3\X0\',#3695);
#3695=COLOUR_RGB('\X2\92FC\X0\ - \X2\30B530C630F3\X0\',0.627450980392157,
0.627450980392157,0.627450980392157);
ENDSEC;
END-ISO-10303-21;
