ISO-10303-21;
HEADER;
/* Generated by software containing ST-Developer
 * from STEP Tools, Inc. (www.steptools.com) 
 */

FILE_DESCRIPTION(
/* description */ (''),
/* implementation_level */ '2;1');

FILE_NAME(
/* name */ '',
/* time_stamp */ '2026-10-07T11:07:43+09:00',
/* author */ (''),
/* organization */ (''),
/* preprocessor_version */ 'ST-DEVELOPER v20.2',
/* originating_system */ 'Autodesk Translation Framework v15.15.0.0',
/* authorisation */ '');

FILE_SCHEMA (('AUTOMOTIVE_DESIGN { 1 0 10303 214 3 1 1 }'));
ENDSEC;

DATA;
#10=MECHANICAL_DESIGN_GEOMETRIC_PRESENTATION_REPRESENTATION('',(#13),#4361);
#11=SHAPE_REPRESENTATION_RELATIONSHIP('SRR','None',#4367,#12);
#12=ADVANCED_BREP_SHAPE_REPRESENTATION('',(#14),#4360);
#13=STYLED_ITEM('',(#4376),#14);
#14=MANIFOLD_SOLID_BREP('\X2\30DC30C730A3\X0\2',#2734);
#15=CONICAL_SURFACE('',#2828,23.7499999999998,0.349065850398866);
#16=(
BOUNDED_CURVE()
B_SPLINE_CURVE(2,(#4127,#4128,#4129),.UNSPECIFIED.,.F.,.F.)
B_SPLINE_CURVE_WITH_KNOTS((3,3),(0.403604681360427,0.730188210530986),
 .UNSPECIFIED.)
CURVE()
GEOMETRIC_REPRESENTATION_ITEM()
RATIONAL_B_SPLINE_CURVE((1.00764191665753,1.0090247500092,1.00764191665753))
REPRESENTATION_ITEM('')
);
#17=(
BOUNDED_SURFACE()
B_SPLINE_SURFACE(1,2,((#4000,#4001,#4002,#4003,#4004,#4005,#4006,#4007,
#4008),(#4009,#4010,#4011,#4012,#4013,#4014,#4015,#4016,#4017)),
 .UNSPECIFIED.,.F.,.T.,.F.)
B_SPLINE_SURFACE_WITH_KNOTS((2,2),(3,2,2,2,3),(-4.804210519E-15,0.405679513184589),
(-3.14159265358979,-1.5707963267949,0.,1.5707963267949,3.14159265358979),
 .UNSPECIFIED.)
GEOMETRIC_REPRESENTATION_ITEM()
RATIONAL_B_SPLINE_SURFACE(((1.,0.707106781186548,1.,0.707106781186548,1.,
0.707106781186548,1.,0.707106781186548,1.),(1.,0.707106781186548,1.,0.707106781186548,
1.,0.707106781186548,1.,0.707106781186548,1.)))
REPRESENTATION_ITEM('')
SURFACE()
);
#18=CYLINDRICAL_SURFACE('',#2777,3.);
#19=CYLINDRICAL_SURFACE('',#2790,2.5);
#20=CYLINDRICAL_SURFACE('',#2793,2.5);
#21=CYLINDRICAL_SURFACE('',#2799,3.);
#22=CYLINDRICAL_SURFACE('',#2805,1.65);
#23=CYLINDRICAL_SURFACE('',#2809,3.);
#24=CYLINDRICAL_SURFACE('',#2811,1.65);
#25=CYLINDRICAL_SURFACE('',#2880,1.65);
#26=CYLINDRICAL_SURFACE('',#2882,1.65);
#27=CYLINDRICAL_SURFACE('',#2884,1.65);
#28=ELLIPSE('',#2766,7.395,7.25000000000001);
#29=ELLIPSE('',#2771,7.395,7.25000000000001);
#30=CIRCLE('',#2764,3.);
#31=CIRCLE('',#2765,1.65);
#32=CIRCLE('',#2769,3.);
#33=CIRCLE('',#2770,1.65);
#34=CIRCLE('',#2778,3.);
#35=CIRCLE('',#2779,3.);
#36=CIRCLE('',#2785,2.5);
#37=CIRCLE('',#2786,2.5);
#38=CIRCLE('',#2787,1.65);
#39=CIRCLE('',#2788,1.65);
#40=CIRCLE('',#2789,1.65);
#41=CIRCLE('',#2791,2.5);
#42=CIRCLE('',#2794,2.5);
#43=CIRCLE('',#2800,3.);
#44=CIRCLE('',#2801,3.);
#45=CIRCLE('',#2803,1.65);
#46=CIRCLE('',#2806,1.65);
#47=CIRCLE('',#2818,17.0000000000353);
#48=CIRCLE('',#2881,1.65);
#49=CIRCLE('',#2883,1.65);
#50=CIRCLE('',#2885,1.65);
#51=FACE_BOUND('',#229,.T.);
#52=FACE_BOUND('',#230,.T.);
#53=FACE_BOUND('',#242,.T.);
#54=FACE_BOUND('',#243,.T.);
#55=FACE_BOUND('',#246,.T.);
#56=FACE_BOUND('',#247,.T.);
#57=FACE_BOUND('',#259,.T.);
#58=FACE_BOUND('',#260,.T.);
#59=FACE_BOUND('',#261,.T.);
#60=FACE_BOUND('',#262,.T.);
#61=FACE_BOUND('',#263,.T.);
#62=FACE_BOUND('',#264,.T.);
#63=FACE_BOUND('',#265,.T.);
#64=FACE_BOUND('',#266,.T.);
#65=FACE_BOUND('',#267,.T.);
#66=FACE_BOUND('',#268,.T.);
#67=FACE_BOUND('',#269,.T.);
#68=FACE_BOUND('',#270,.T.);
#69=FACE_BOUND('',#271,.T.);
#70=FACE_BOUND('',#282,.T.);
#71=FACE_BOUND('',#366,.T.);
#72=FACE_BOUND('',#367,.T.);
#73=FACE_BOUND('',#368,.T.);
#74=FACE_BOUND('',#372,.T.);
#75=FACE_OUTER_BOUND('',#212,.T.);
#76=FACE_OUTER_BOUND('',#213,.T.);
#77=FACE_OUTER_BOUND('',#214,.T.);
#78=FACE_OUTER_BOUND('',#215,.T.);
#79=FACE_OUTER_BOUND('',#216,.T.);
#80=FACE_OUTER_BOUND('',#217,.T.);
#81=FACE_OUTER_BOUND('',#218,.T.);
#82=FACE_OUTER_BOUND('',#219,.T.);
#83=FACE_OUTER_BOUND('',#220,.T.);
#84=FACE_OUTER_BOUND('',#221,.T.);
#85=FACE_OUTER_BOUND('',#222,.T.);
#86=FACE_OUTER_BOUND('',#223,.T.);
#87=FACE_OUTER_BOUND('',#224,.T.);
#88=FACE_OUTER_BOUND('',#225,.T.);
#89=FACE_OUTER_BOUND('',#226,.T.);
#90=FACE_OUTER_BOUND('',#227,.T.);
#91=FACE_OUTER_BOUND('',#228,.T.);
#92=FACE_OUTER_BOUND('',#231,.T.);
#93=FACE_OUTER_BOUND('',#232,.T.);
#94=FACE_OUTER_BOUND('',#233,.T.);
#95=FACE_OUTER_BOUND('',#234,.T.);
#96=FACE_OUTER_BOUND('',#235,.T.);
#97=FACE_OUTER_BOUND('',#236,.T.);
#98=FACE_OUTER_BOUND('',#237,.T.);
#99=FACE_OUTER_BOUND('',#238,.T.);
#100=FACE_OUTER_BOUND('',#239,.T.);
#101=FACE_OUTER_BOUND('',#240,.T.);
#102=FACE_OUTER_BOUND('',#241,.T.);
#103=FACE_OUTER_BOUND('',#244,.T.);
#104=FACE_OUTER_BOUND('',#245,.T.);
#105=FACE_OUTER_BOUND('',#248,.T.);
#106=FACE_OUTER_BOUND('',#249,.T.);
#107=FACE_OUTER_BOUND('',#250,.T.);
#108=FACE_OUTER_BOUND('',#251,.T.);
#109=FACE_OUTER_BOUND('',#252,.T.);
#110=FACE_OUTER_BOUND('',#253,.T.);
#111=FACE_OUTER_BOUND('',#254,.T.);
#112=FACE_OUTER_BOUND('',#255,.T.);
#113=FACE_OUTER_BOUND('',#256,.T.);
#114=FACE_OUTER_BOUND('',#257,.T.);
#115=FACE_OUTER_BOUND('',#258,.T.);
#116=FACE_OUTER_BOUND('',#272,.T.);
#117=FACE_OUTER_BOUND('',#273,.T.);
#118=FACE_OUTER_BOUND('',#274,.T.);
#119=FACE_OUTER_BOUND('',#275,.T.);
#120=FACE_OUTER_BOUND('',#276,.T.);
#121=FACE_OUTER_BOUND('',#277,.T.);
#122=FACE_OUTER_BOUND('',#278,.T.);
#123=FACE_OUTER_BOUND('',#279,.T.);
#124=FACE_OUTER_BOUND('',#280,.T.);
#125=FACE_OUTER_BOUND('',#281,.T.);
#126=FACE_OUTER_BOUND('',#283,.T.);
#127=FACE_OUTER_BOUND('',#284,.T.);
#128=FACE_OUTER_BOUND('',#285,.T.);
#129=FACE_OUTER_BOUND('',#286,.T.);
#130=FACE_OUTER_BOUND('',#287,.T.);
#131=FACE_OUTER_BOUND('',#288,.T.);
#132=FACE_OUTER_BOUND('',#289,.T.);
#133=FACE_OUTER_BOUND('',#290,.T.);
#134=FACE_OUTER_BOUND('',#291,.T.);
#135=FACE_OUTER_BOUND('',#292,.T.);
#136=FACE_OUTER_BOUND('',#293,.T.);
#137=FACE_OUTER_BOUND('',#294,.T.);
#138=FACE_OUTER_BOUND('',#295,.T.);
#139=FACE_OUTER_BOUND('',#296,.T.);
#140=FACE_OUTER_BOUND('',#297,.T.);
#141=FACE_OUTER_BOUND('',#298,.T.);
#142=FACE_OUTER_BOUND('',#299,.T.);
#143=FACE_OUTER_BOUND('',#300,.T.);
#144=FACE_OUTER_BOUND('',#301,.T.);
#145=FACE_OUTER_BOUND('',#302,.T.);
#146=FACE_OUTER_BOUND('',#303,.T.);
#147=FACE_OUTER_BOUND('',#304,.T.);
#148=FACE_OUTER_BOUND('',#305,.T.);
#149=FACE_OUTER_BOUND('',#306,.T.);
#150=FACE_OUTER_BOUND('',#307,.T.);
#151=FACE_OUTER_BOUND('',#308,.T.);
#152=FACE_OUTER_BOUND('',#309,.T.);
#153=FACE_OUTER_BOUND('',#310,.T.);
#154=FACE_OUTER_BOUND('',#311,.T.);
#155=FACE_OUTER_BOUND('',#312,.T.);
#156=FACE_OUTER_BOUND('',#313,.T.);
#157=FACE_OUTER_BOUND('',#314,.T.);
#158=FACE_OUTER_BOUND('',#315,.T.);
#159=FACE_OUTER_BOUND('',#316,.T.);
#160=FACE_OUTER_BOUND('',#317,.T.);
#161=FACE_OUTER_BOUND('',#318,.T.);
#162=FACE_OUTER_BOUND('',#319,.T.);
#163=FACE_OUTER_BOUND('',#320,.T.);
#164=FACE_OUTER_BOUND('',#321,.T.);
#165=FACE_OUTER_BOUND('',#322,.T.);
#166=FACE_OUTER_BOUND('',#323,.T.);
#167=FACE_OUTER_BOUND('',#324,.T.);
#168=FACE_OUTER_BOUND('',#325,.T.);
#169=FACE_OUTER_BOUND('',#326,.T.);
#170=FACE_OUTER_BOUND('',#327,.T.);
#171=FACE_OUTER_BOUND('',#328,.T.);
#172=FACE_OUTER_BOUND('',#329,.T.);
#173=FACE_OUTER_BOUND('',#330,.T.);
#174=FACE_OUTER_BOUND('',#331,.T.);
#175=FACE_OUTER_BOUND('',#332,.T.);
#176=FACE_OUTER_BOUND('',#333,.T.);
#177=FACE_OUTER_BOUND('',#334,.T.);
#178=FACE_OUTER_BOUND('',#335,.T.);
#179=FACE_OUTER_BOUND('',#336,.T.);
#180=FACE_OUTER_BOUND('',#337,.T.);
#181=FACE_OUTER_BOUND('',#338,.T.);
#182=FACE_OUTER_BOUND('',#339,.T.);
#183=FACE_OUTER_BOUND('',#340,.T.);
#184=FACE_OUTER_BOUND('',#341,.T.);
#185=FACE_OUTER_BOUND('',#342,.T.);
#186=FACE_OUTER_BOUND('',#343,.T.);
#187=FACE_OUTER_BOUND('',#344,.T.);
#188=FACE_OUTER_BOUND('',#345,.T.);
#189=FACE_OUTER_BOUND('',#346,.T.);
#190=FACE_OUTER_BOUND('',#347,.T.);
#191=FACE_OUTER_BOUND('',#348,.T.);
#192=FACE_OUTER_BOUND('',#349,.T.);
#193=FACE_OUTER_BOUND('',#350,.T.);
#194=FACE_OUTER_BOUND('',#351,.T.);
#195=FACE_OUTER_BOUND('',#352,.T.);
#196=FACE_OUTER_BOUND('',#353,.T.);
#197=FACE_OUTER_BOUND('',#354,.T.);
#198=FACE_OUTER_BOUND('',#355,.T.);
#199=FACE_OUTER_BOUND('',#356,.T.);
#200=FACE_OUTER_BOUND('',#357,.T.);
#201=FACE_OUTER_BOUND('',#358,.T.);
#202=FACE_OUTER_BOUND('',#359,.T.);
#203=FACE_OUTER_BOUND('',#360,.T.);
#204=FACE_OUTER_BOUND('',#361,.T.);
#205=FACE_OUTER_BOUND('',#362,.T.);
#206=FACE_OUTER_BOUND('',#363,.T.);
#207=FACE_OUTER_BOUND('',#364,.T.);
#208=FACE_OUTER_BOUND('',#365,.T.);
#209=FACE_OUTER_BOUND('',#369,.T.);
#210=FACE_OUTER_BOUND('',#370,.T.);
#211=FACE_OUTER_BOUND('',#371,.T.);
#212=EDGE_LOOP('',(#1714,#1715,#1716,#1717,#1718,#1719));
#213=EDGE_LOOP('',(#1720,#1721,#1722,#1723));
#214=EDGE_LOOP('',(#1724,#1725,#1726,#1727));
#215=EDGE_LOOP('',(#1728,#1729,#1730,#1731,#1732));
#216=EDGE_LOOP('',(#1733,#1734,#1735,#1736));
#217=EDGE_LOOP('',(#1737,#1738,#1739,#1740));
#218=EDGE_LOOP('',(#1741,#1742,#1743,#1744));
#219=EDGE_LOOP('',(#1745,#1746,#1747,#1748));
#220=EDGE_LOOP('',(#1749,#1750,#1751,#1752));
#221=EDGE_LOOP('',(#1753,#1754,#1755,#1756));
#222=EDGE_LOOP('',(#1757,#1758,#1759,#1760));
#223=EDGE_LOOP('',(#1761,#1762,#1763,#1764));
#224=EDGE_LOOP('',(#1765,#1766,#1767,#1768,#1769,#1770,#1771,#1772,#1773,
#1774));
#225=EDGE_LOOP('',(#1775,#1776,#1777,#1778,#1779,#1780,#1781,#1782,#1783,
#1784));
#226=EDGE_LOOP('',(#1785,#1786,#1787,#1788));
#227=EDGE_LOOP('',(#1789,#1790,#1791,#1792));
#228=EDGE_LOOP('',(#1793,#1794,#1795,#1796,#1797,#1798,#1799,#1800,#1801,
#1802,#1803,#1804,#1805));
#229=EDGE_LOOP('',(#1806,#1807,#1808,#1809));
#230=EDGE_LOOP('',(#1810,#1811,#1812,#1813));
#231=EDGE_LOOP('',(#1814,#1815,#1816,#1817));
#232=EDGE_LOOP('',(#1818,#1819,#1820,#1821));
#233=EDGE_LOOP('',(#1822,#1823,#1824,#1825));
#234=EDGE_LOOP('',(#1826,#1827,#1828,#1829));
#235=EDGE_LOOP('',(#1830,#1831,#1832,#1833));
#236=EDGE_LOOP('',(#1834,#1835,#1836,#1837,#1838,#1839,#1840,#1841,#1842,
#1843));
#237=EDGE_LOOP('',(#1844,#1845,#1846,#1847));
#238=EDGE_LOOP('',(#1848,#1849,#1850,#1851,#1852,#1853,#1854,#1855,#1856,
#1857));
#239=EDGE_LOOP('',(#1858,#1859,#1860,#1861));
#240=EDGE_LOOP('',(#1862,#1863,#1864,#1865,#1866,#1867,#1868,#1869,#1870,
#1871,#1872,#1873,#1874,#1875,#1876,#1877,#1878,#1879,#1880,#1881));
#241=EDGE_LOOP('',(#1882,#1883,#1884,#1885,#1886,#1887,#1888,#1889,#1890,
#1891,#1892,#1893,#1894,#1895));
#242=EDGE_LOOP('',(#1896));
#243=EDGE_LOOP('',(#1897));
#244=EDGE_LOOP('',(#1898,#1899,#1900,#1901));
#245=EDGE_LOOP('',(#1902,#1903,#1904,#1905,#1906,#1907,#1908,#1909,#1910,
#1911,#1912));
#246=EDGE_LOOP('',(#1913));
#247=EDGE_LOOP('',(#1914));
#248=EDGE_LOOP('',(#1915,#1916,#1917,#1918,#1919,#1920));
#249=EDGE_LOOP('',(#1921,#1922,#1923,#1924));
#250=EDGE_LOOP('',(#1925,#1926,#1927,#1928,#1929,#1930));
#251=EDGE_LOOP('',(#1931,#1932,#1933,#1934));
#252=EDGE_LOOP('',(#1935,#1936,#1937,#1938,#1939,#1940,#1941,#1942));
#253=EDGE_LOOP('',(#1943,#1944,#1945,#1946));
#254=EDGE_LOOP('',(#1947,#1948,#1949,#1950,#1951,#1952));
#255=EDGE_LOOP('',(#1953,#1954,#1955,#1956,#1957));
#256=EDGE_LOOP('',(#1958,#1959,#1960,#1961));
#257=EDGE_LOOP('',(#1962,#1963,#1964,#1965,#1966,#1967));
#258=EDGE_LOOP('',(#1968,#1969,#1970,#1971,#1972,#1973,#1974,#1975,#1976,
#1977,#1978,#1979,#1980,#1981,#1982));
#259=EDGE_LOOP('',(#1983,#1984,#1985,#1986));
#260=EDGE_LOOP('',(#1987,#1988,#1989,#1990));
#261=EDGE_LOOP('',(#1991,#1992,#1993,#1994));
#262=EDGE_LOOP('',(#1995,#1996,#1997,#1998));
#263=EDGE_LOOP('',(#1999,#2000,#2001,#2002));
#264=EDGE_LOOP('',(#2003,#2004,#2005,#2006));
#265=EDGE_LOOP('',(#2007,#2008,#2009,#2010));
#266=EDGE_LOOP('',(#2011,#2012,#2013,#2014));
#267=EDGE_LOOP('',(#2015,#2016,#2017,#2018));
#268=EDGE_LOOP('',(#2019,#2020,#2021,#2022));
#269=EDGE_LOOP('',(#2023));
#270=EDGE_LOOP('',(#2024));
#271=EDGE_LOOP('',(#2025));
#272=EDGE_LOOP('',(#2026,#2027,#2028,#2029));
#273=EDGE_LOOP('',(#2030,#2031,#2032,#2033));
#274=EDGE_LOOP('',(#2034,#2035,#2036,#2037,#2038));
#275=EDGE_LOOP('',(#2039,#2040,#2041,#2042,#2043,#2044));
#276=EDGE_LOOP('',(#2045,#2046,#2047,#2048,#2049,#2050));
#277=EDGE_LOOP('',(#2051,#2052,#2053,#2054));
#278=EDGE_LOOP('',(#2055,#2056,#2057,#2058));
#279=EDGE_LOOP('',(#2059,#2060,#2061,#2062));
#280=EDGE_LOOP('',(#2063,#2064,#2065,#2066));
#281=EDGE_LOOP('',(#2067,#2068,#2069,#2070,#2071,#2072,#2073,#2074,#2075,
#2076,#2077));
#282=EDGE_LOOP('',(#2078));
#283=EDGE_LOOP('',(#2079,#2080,#2081,#2082));
#284=EDGE_LOOP('',(#2083,#2084,#2085,#2086));
#285=EDGE_LOOP('',(#2087,#2088,#2089,#2090));
#286=EDGE_LOOP('',(#2091,#2092,#2093,#2094));
#287=EDGE_LOOP('',(#2095,#2096,#2097,#2098));
#288=EDGE_LOOP('',(#2099,#2100,#2101,#2102));
#289=EDGE_LOOP('',(#2103,#2104,#2105,#2106));
#290=EDGE_LOOP('',(#2107,#2108,#2109,#2110));
#291=EDGE_LOOP('',(#2111,#2112,#2113,#2114));
#292=EDGE_LOOP('',(#2115,#2116,#2117,#2118));
#293=EDGE_LOOP('',(#2119,#2120,#2121,#2122,#2123));
#294=EDGE_LOOP('',(#2124,#2125,#2126,#2127));
#295=EDGE_LOOP('',(#2128,#2129,#2130,#2131,#2132,#2133,#2134,#2135,#2136,
#2137,#2138,#2139,#2140));
#296=EDGE_LOOP('',(#2141,#2142,#2143,#2144,#2145,#2146,#2147,#2148,#2149));
#297=EDGE_LOOP('',(#2150,#2151,#2152,#2153,#2154,#2155,#2156,#2157,#2158,
#2159,#2160,#2161,#2162,#2163));
#298=EDGE_LOOP('',(#2164,#2165,#2166,#2167));
#299=EDGE_LOOP('',(#2168,#2169,#2170,#2171));
#300=EDGE_LOOP('',(#2172,#2173,#2174));
#301=EDGE_LOOP('',(#2175,#2176,#2177));
#302=EDGE_LOOP('',(#2178,#2179,#2180,#2181));
#303=EDGE_LOOP('',(#2182,#2183,#2184));
#304=EDGE_LOOP('',(#2185,#2186,#2187));
#305=EDGE_LOOP('',(#2188,#2189,#2190,#2191));
#306=EDGE_LOOP('',(#2192,#2193,#2194));
#307=EDGE_LOOP('',(#2195,#2196,#2197,#2198));
#308=EDGE_LOOP('',(#2199,#2200,#2201,#2202));
#309=EDGE_LOOP('',(#2203,#2204,#2205,#2206));
#310=EDGE_LOOP('',(#2207,#2208,#2209,#2210));
#311=EDGE_LOOP('',(#2211,#2212,#2213,#2214));
#312=EDGE_LOOP('',(#2215,#2216,#2217,#2218));
#313=EDGE_LOOP('',(#2219,#2220,#2221,#2222));
#314=EDGE_LOOP('',(#2223,#2224,#2225,#2226));
#315=EDGE_LOOP('',(#2227,#2228,#2229,#2230));
#316=EDGE_LOOP('',(#2231,#2232,#2233,#2234));
#317=EDGE_LOOP('',(#2235,#2236,#2237,#2238));
#318=EDGE_LOOP('',(#2239,#2240,#2241,#2242));
#319=EDGE_LOOP('',(#2243,#2244,#2245,#2246));
#320=EDGE_LOOP('',(#2247,#2248,#2249,#2250));
#321=EDGE_LOOP('',(#2251,#2252,#2253,#2254));
#322=EDGE_LOOP('',(#2255,#2256,#2257,#2258));
#323=EDGE_LOOP('',(#2259,#2260,#2261,#2262));
#324=EDGE_LOOP('',(#2263,#2264,#2265,#2266));
#325=EDGE_LOOP('',(#2267,#2268,#2269,#2270));
#326=EDGE_LOOP('',(#2271,#2272,#2273,#2274));
#327=EDGE_LOOP('',(#2275,#2276,#2277,#2278));
#328=EDGE_LOOP('',(#2279,#2280,#2281,#2282));
#329=EDGE_LOOP('',(#2283,#2284,#2285,#2286));
#330=EDGE_LOOP('',(#2287,#2288,#2289,#2290));
#331=EDGE_LOOP('',(#2291,#2292,#2293,#2294));
#332=EDGE_LOOP('',(#2295,#2296,#2297,#2298));
#333=EDGE_LOOP('',(#2299,#2300,#2301,#2302));
#334=EDGE_LOOP('',(#2303,#2304,#2305,#2306));
#335=EDGE_LOOP('',(#2307,#2308,#2309,#2310));
#336=EDGE_LOOP('',(#2311,#2312,#2313,#2314));
#337=EDGE_LOOP('',(#2315,#2316,#2317,#2318));
#338=EDGE_LOOP('',(#2319,#2320,#2321,#2322));
#339=EDGE_LOOP('',(#2323,#2324,#2325,#2326));
#340=EDGE_LOOP('',(#2327,#2328,#2329,#2330));
#341=EDGE_LOOP('',(#2331,#2332,#2333,#2334));
#342=EDGE_LOOP('',(#2335,#2336,#2337,#2338));
#343=EDGE_LOOP('',(#2339,#2340,#2341,#2342));
#344=EDGE_LOOP('',(#2343,#2344,#2345,#2346));
#345=EDGE_LOOP('',(#2347,#2348,#2349,#2350));
#346=EDGE_LOOP('',(#2351,#2352,#2353,#2354));
#347=EDGE_LOOP('',(#2355,#2356,#2357,#2358));
#348=EDGE_LOOP('',(#2359,#2360,#2361,#2362));
#349=EDGE_LOOP('',(#2363,#2364,#2365,#2366));
#350=EDGE_LOOP('',(#2367,#2368,#2369,#2370));
#351=EDGE_LOOP('',(#2371,#2372,#2373,#2374));
#352=EDGE_LOOP('',(#2375,#2376,#2377,#2378));
#353=EDGE_LOOP('',(#2379,#2380,#2381,#2382));
#354=EDGE_LOOP('',(#2383,#2384,#2385,#2386));
#355=EDGE_LOOP('',(#2387,#2388,#2389,#2390));
#356=EDGE_LOOP('',(#2391,#2392,#2393,#2394));
#357=EDGE_LOOP('',(#2395,#2396,#2397,#2398));
#358=EDGE_LOOP('',(#2399,#2400,#2401,#2402));
#359=EDGE_LOOP('',(#2403,#2404,#2405,#2406));
#360=EDGE_LOOP('',(#2407,#2408,#2409,#2410,#2411));
#361=EDGE_LOOP('',(#2412,#2413,#2414,#2415));
#362=EDGE_LOOP('',(#2416,#2417,#2418,#2419));
#363=EDGE_LOOP('',(#2420,#2421,#2422,#2423));
#364=EDGE_LOOP('',(#2424,#2425,#2426,#2427,#2428,#2429));
#365=EDGE_LOOP('',(#2430,#2431,#2432,#2433,#2434,#2435,#2436,#2437,#2438,
#2439,#2440,#2441,#2442));
#366=EDGE_LOOP('',(#2443));
#367=EDGE_LOOP('',(#2444));
#368=EDGE_LOOP('',(#2445));
#369=EDGE_LOOP('',(#2446,#2447,#2448,#2449,#2450,#2451,#2452));
#370=EDGE_LOOP('',(#2453,#2454,#2455,#2456,#2457,#2458,#2459,#2460));
#371=EDGE_LOOP('',(#2461,#2462,#2463,#2464,#2465,#2466,#2467,#2468,#2469,
#2470));
#372=EDGE_LOOP('',(#2471));
#373=LINE('',#3574,#728);
#374=LINE('',#3576,#729);
#375=LINE('',#3578,#730);
#376=LINE('',#3580,#731);
#377=LINE('',#3582,#732);
#378=LINE('',#3583,#733);
#379=LINE('',#3586,#734);
#380=LINE('',#3588,#735);
#381=LINE('',#3589,#736);
#382=LINE('',#3593,#737);
#383=LINE('',#3595,#738);
#384=LINE('',#3597,#739);
#385=LINE('',#3598,#740);
#386=LINE('',#3601,#741);
#387=LINE('',#3603,#742);
#388=LINE('',#3605,#743);
#389=LINE('',#3606,#744);
#390=LINE('',#3609,#745);
#391=LINE('',#3611,#746);
#392=LINE('',#3612,#747);
#393=LINE('',#3615,#748);
#394=LINE('',#3617,#749);
#395=LINE('',#3618,#750);
#396=LINE('',#3621,#751);
#397=LINE('',#3623,#752);
#398=LINE('',#3624,#753);
#399=LINE('',#3628,#754);
#400=LINE('',#3630,#755);
#401=LINE('',#3632,#756);
#402=LINE('',#3633,#757);
#403=LINE('',#3636,#758);
#404=LINE('',#3638,#759);
#405=LINE('',#3639,#760);
#406=LINE('',#3642,#761);
#407=LINE('',#3644,#762);
#408=LINE('',#3645,#763);
#409=LINE('',#3648,#764);
#410=LINE('',#3650,#765);
#411=LINE('',#3651,#766);
#412=LINE('',#3654,#767);
#413=LINE('',#3656,#768);
#414=LINE('',#3657,#769);
#415=LINE('',#3660,#770);
#416=LINE('',#3662,#771);
#417=LINE('',#3664,#772);
#418=LINE('',#3666,#773);
#419=LINE('',#3667,#774);
#420=LINE('',#3670,#775);
#421=LINE('',#3672,#776);
#422=LINE('',#3674,#777);
#423=LINE('',#3676,#778);
#424=LINE('',#3677,#779);
#425=LINE('',#3679,#780);
#426=LINE('',#3680,#781);
#427=LINE('',#3682,#782);
#428=LINE('',#3685,#783);
#429=LINE('',#3687,#784);
#430=LINE('',#3689,#785);
#431=LINE('',#3691,#786);
#432=LINE('',#3693,#787);
#433=LINE('',#3695,#788);
#434=LINE('',#3697,#789);
#435=LINE('',#3699,#790);
#436=LINE('',#3701,#791);
#437=LINE('',#3702,#792);
#438=LINE('',#3705,#793);
#439=LINE('',#3707,#794);
#440=LINE('',#3709,#795);
#441=LINE('',#3710,#796);
#442=LINE('',#3714,#797);
#443=LINE('',#3716,#798);
#444=LINE('',#3718,#799);
#445=LINE('',#3719,#800);
#446=LINE('',#3722,#801);
#447=LINE('',#3724,#802);
#448=LINE('',#3725,#803);
#449=LINE('',#3728,#804);
#450=LINE('',#3730,#805);
#451=LINE('',#3731,#806);
#452=LINE('',#3733,#807);
#453=LINE('',#3734,#808);
#454=LINE('',#3736,#809);
#455=LINE('',#3737,#810);
#456=LINE('',#3740,#811);
#457=LINE('',#3742,#812);
#458=LINE('',#3743,#813);
#459=LINE('',#3746,#814);
#460=LINE('',#3747,#815);
#461=LINE('',#3750,#816);
#462=LINE('',#3751,#817);
#463=LINE('',#3753,#818);
#464=LINE('',#3757,#819);
#465=LINE('',#3759,#820);
#466=LINE('',#3761,#821);
#467=LINE('',#3763,#822);
#468=LINE('',#3765,#823);
#469=LINE('',#3767,#824);
#470=LINE('',#3769,#825);
#471=LINE('',#3771,#826);
#472=LINE('',#3772,#827);
#473=LINE('',#3774,#828);
#474=LINE('',#3776,#829);
#475=LINE('',#3777,#830);
#476=LINE('',#3779,#831);
#477=LINE('',#3780,#832);
#478=LINE('',#3783,#833);
#479=LINE('',#3785,#834);
#480=LINE('',#3789,#835);
#481=LINE('',#3791,#836);
#482=LINE('',#3793,#837);
#483=LINE('',#3795,#838);
#484=LINE('',#3797,#839);
#485=LINE('',#3799,#840);
#486=LINE('',#3801,#841);
#487=LINE('',#3803,#842);
#488=LINE('',#3804,#843);
#489=LINE('',#3811,#844);
#490=LINE('',#3812,#845);
#491=LINE('',#3814,#846);
#492=LINE('',#3816,#847);
#493=LINE('',#3818,#848);
#494=LINE('',#3820,#849);
#495=LINE('',#3822,#850);
#496=LINE('',#3825,#851);
#497=LINE('',#3832,#852);
#498=LINE('',#3834,#853);
#499=LINE('',#3835,#854);
#500=LINE('',#3838,#855);
#501=LINE('',#3839,#856);
#502=LINE('',#3842,#857);
#503=LINE('',#3844,#858);
#504=LINE('',#3846,#859);
#505=LINE('',#3847,#860);
#506=LINE('',#3850,#861);
#507=LINE('',#3851,#862);
#508=LINE('',#3854,#863);
#509=LINE('',#3856,#864);
#510=LINE('',#3858,#865);
#511=LINE('',#3860,#866);
#512=LINE('',#3862,#867);
#513=LINE('',#3863,#868);
#514=LINE('',#3869,#869);
#515=LINE('',#3872,#870);
#516=LINE('',#3874,#871);
#517=LINE('',#3875,#872);
#518=LINE('',#3878,#873);
#519=LINE('',#3879,#874);
#520=LINE('',#3881,#875);
#521=LINE('',#3883,#876);
#522=LINE('',#3884,#877);
#523=LINE('',#3889,#878);
#524=LINE('',#3891,#879);
#525=LINE('',#3893,#880);
#526=LINE('',#3894,#881);
#527=LINE('',#3897,#882);
#528=LINE('',#3899,#883);
#529=LINE('',#3901,#884);
#530=LINE('',#3902,#885);
#531=LINE('',#3905,#886);
#532=LINE('',#3907,#887);
#533=LINE('',#3909,#888);
#534=LINE('',#3910,#889);
#535=LINE('',#3913,#890);
#536=LINE('',#3915,#891);
#537=LINE('',#3917,#892);
#538=LINE('',#3918,#893);
#539=LINE('',#3921,#894);
#540=LINE('',#3923,#895);
#541=LINE('',#3925,#896);
#542=LINE('',#3926,#897);
#543=LINE('',#3929,#898);
#544=LINE('',#3931,#899);
#545=LINE('',#3933,#900);
#546=LINE('',#3934,#901);
#547=LINE('',#3937,#902);
#548=LINE('',#3939,#903);
#549=LINE('',#3941,#904);
#550=LINE('',#3942,#905);
#551=LINE('',#3945,#906);
#552=LINE('',#3947,#907);
#553=LINE('',#3949,#908);
#554=LINE('',#3950,#909);
#555=LINE('',#3953,#910);
#556=LINE('',#3955,#911);
#557=LINE('',#3957,#912);
#558=LINE('',#3958,#913);
#559=LINE('',#3961,#914);
#560=LINE('',#3963,#915);
#561=LINE('',#3965,#916);
#562=LINE('',#3966,#917);
#563=LINE('',#3969,#918);
#564=LINE('',#3971,#919);
#565=LINE('',#3973,#920);
#566=LINE('',#3974,#921);
#567=LINE('',#3984,#922);
#568=LINE('',#3987,#923);
#569=LINE('',#3988,#924);
#570=LINE('',#3992,#925);
#571=LINE('',#3996,#926);
#572=LINE('',#3997,#927);
#573=LINE('',#3999,#928);
#574=LINE('',#4018,#929);
#575=LINE('',#4022,#930);
#576=LINE('',#4024,#931);
#577=LINE('',#4026,#932);
#578=LINE('',#4027,#933);
#579=LINE('',#4033,#934);
#580=LINE('',#4036,#935);
#581=LINE('',#4039,#936);
#582=LINE('',#4040,#937);
#583=LINE('',#4042,#938);
#584=LINE('',#4044,#939);
#585=LINE('',#4045,#940);
#586=LINE('',#4050,#941);
#587=LINE('',#4051,#942);
#588=LINE('',#4054,#943);
#589=LINE('',#4058,#944);
#590=LINE('',#4059,#945);
#591=LINE('',#4061,#946);
#592=LINE('',#4063,#947);
#593=LINE('',#4064,#948);
#594=LINE('',#4066,#949);
#595=LINE('',#4068,#950);
#596=LINE('',#4073,#951);
#597=LINE('',#4075,#952);
#598=LINE('',#4077,#953);
#599=LINE('',#4078,#954);
#600=LINE('',#4082,#955);
#601=LINE('',#4084,#956);
#602=LINE('',#4086,#957);
#603=LINE('',#4087,#958);
#604=LINE('',#4089,#959);
#605=LINE('',#4091,#960);
#606=LINE('',#4092,#961);
#607=LINE('',#4095,#962);
#608=LINE('',#4096,#963);
#609=LINE('',#4099,#964);
#610=LINE('',#4101,#965);
#611=LINE('',#4103,#966);
#612=LINE('',#4105,#967);
#613=LINE('',#4107,#968);
#614=LINE('',#4109,#969);
#615=LINE('',#4113,#970);
#616=LINE('',#4114,#971);
#617=LINE('',#4115,#972);
#618=LINE('',#4117,#973);
#619=LINE('',#4119,#974);
#620=LINE('',#4121,#975);
#621=LINE('',#4122,#976);
#622=LINE('',#4125,#977);
#623=LINE('',#4130,#978);
#624=LINE('',#4132,#979);
#625=LINE('',#4134,#980);
#626=LINE('',#4136,#981);
#627=LINE('',#4137,#982);
#628=LINE('',#4139,#983);
#629=LINE('',#4140,#984);
#630=LINE('',#4142,#985);
#631=LINE('',#4144,#986);
#632=LINE('',#4147,#987);
#633=LINE('',#4149,#988);
#634=LINE('',#4151,#989);
#635=LINE('',#4153,#990);
#636=LINE('',#4155,#991);
#637=LINE('',#4159,#992);
#638=LINE('',#4161,#993);
#639=LINE('',#4162,#994);
#640=LINE('',#4165,#995);
#641=LINE('',#4166,#996);
#642=LINE('',#4169,#997);
#643=LINE('',#4170,#998);
#644=LINE('',#4172,#999);
#645=LINE('',#4176,#1000);
#646=LINE('',#4178,#1001);
#647=LINE('',#4179,#1002);
#648=LINE('',#4182,#1003);
#649=LINE('',#4183,#1004);
#650=LINE('',#4186,#1005);
#651=LINE('',#4187,#1006);
#652=LINE('',#4189,#1007);
#653=LINE('',#4193,#1008);
#654=LINE('',#4195,#1009);
#655=LINE('',#4196,#1010);
#656=LINE('',#4199,#1011);
#657=LINE('',#4200,#1012);
#658=LINE('',#4203,#1013);
#659=LINE('',#4204,#1014);
#660=LINE('',#4206,#1015);
#661=LINE('',#4210,#1016);
#662=LINE('',#4212,#1017);
#663=LINE('',#4213,#1018);
#664=LINE('',#4216,#1019);
#665=LINE('',#4217,#1020);
#666=LINE('',#4220,#1021);
#667=LINE('',#4221,#1022);
#668=LINE('',#4223,#1023);
#669=LINE('',#4227,#1024);
#670=LINE('',#4229,#1025);
#671=LINE('',#4230,#1026);
#672=LINE('',#4233,#1027);
#673=LINE('',#4234,#1028);
#674=LINE('',#4237,#1029);
#675=LINE('',#4238,#1030);
#676=LINE('',#4240,#1031);
#677=LINE('',#4244,#1032);
#678=LINE('',#4246,#1033);
#679=LINE('',#4247,#1034);
#680=LINE('',#4250,#1035);
#681=LINE('',#4251,#1036);
#682=LINE('',#4254,#1037);
#683=LINE('',#4255,#1038);
#684=LINE('',#4257,#1039);
#685=LINE('',#4261,#1040);
#686=LINE('',#4263,#1041);
#687=LINE('',#4264,#1042);
#688=LINE('',#4267,#1043);
#689=LINE('',#4268,#1044);
#690=LINE('',#4271,#1045);
#691=LINE('',#4272,#1046);
#692=LINE('',#4274,#1047);
#693=LINE('',#4278,#1048);
#694=LINE('',#4280,#1049);
#695=LINE('',#4281,#1050);
#696=LINE('',#4284,#1051);
#697=LINE('',#4285,#1052);
#698=LINE('',#4288,#1053);
#699=LINE('',#4289,#1054);
#700=LINE('',#4291,#1055);
#701=LINE('',#4295,#1056);
#702=LINE('',#4297,#1057);
#703=LINE('',#4298,#1058);
#704=LINE('',#4301,#1059);
#705=LINE('',#4302,#1060);
#706=LINE('',#4305,#1061);
#707=LINE('',#4306,#1062);
#708=LINE('',#4308,#1063);
#709=LINE('',#4312,#1064);
#710=LINE('',#4314,#1065);
#711=LINE('',#4315,#1066);
#712=LINE('',#4318,#1067);
#713=LINE('',#4319,#1068);
#714=LINE('',#4322,#1069);
#715=LINE('',#4323,#1070);
#716=LINE('',#4325,#1071);
#717=LINE('',#4330,#1072);
#718=LINE('',#4334,#1073);
#719=LINE('',#4338,#1074);
#720=LINE('',#4340,#1075);
#721=LINE('',#4341,#1076);
#722=LINE('',#4344,#1077);
#723=LINE('',#4346,#1078);
#724=LINE('',#4347,#1079);
#725=LINE('',#4350,#1080);
#726=LINE('',#4353,#1081);
#727=LINE('',#4354,#1082);
#728=VECTOR('',#2899,10.);
#729=VECTOR('',#2900,10.);
#730=VECTOR('',#2901,10.);
#731=VECTOR('',#2902,10.);
#732=VECTOR('',#2903,10.);
#733=VECTOR('',#2904,10.);
#734=VECTOR('',#2907,10.);
#735=VECTOR('',#2908,10.);
#736=VECTOR('',#2909,10.);
#737=VECTOR('',#2912,10.);
#738=VECTOR('',#2913,10.);
#739=VECTOR('',#2914,10.);
#740=VECTOR('',#2915,10.);
#741=VECTOR('',#2918,10.);
#742=VECTOR('',#2919,10.);
#743=VECTOR('',#2920,10.);
#744=VECTOR('',#2921,10.);
#745=VECTOR('',#2924,10.);
#746=VECTOR('',#2925,10.);
#747=VECTOR('',#2926,10.);
#748=VECTOR('',#2929,10.);
#749=VECTOR('',#2930,10.);
#750=VECTOR('',#2931,10.);
#751=VECTOR('',#2934,10.);
#752=VECTOR('',#2935,10.);
#753=VECTOR('',#2936,10.);
#754=VECTOR('',#2939,10.);
#755=VECTOR('',#2940,10.);
#756=VECTOR('',#2941,10.);
#757=VECTOR('',#2942,10.);
#758=VECTOR('',#2945,10.);
#759=VECTOR('',#2946,10.);
#760=VECTOR('',#2947,10.);
#761=VECTOR('',#2950,10.);
#762=VECTOR('',#2951,10.);
#763=VECTOR('',#2952,10.);
#764=VECTOR('',#2955,10.);
#765=VECTOR('',#2956,10.);
#766=VECTOR('',#2957,10.);
#767=VECTOR('',#2960,10.);
#768=VECTOR('',#2961,10.);
#769=VECTOR('',#2962,10.);
#770=VECTOR('',#2965,10.);
#771=VECTOR('',#2966,10.);
#772=VECTOR('',#2967,10.);
#773=VECTOR('',#2968,10.);
#774=VECTOR('',#2969,10.);
#775=VECTOR('',#2972,10.);
#776=VECTOR('',#2973,10.);
#777=VECTOR('',#2974,10.);
#778=VECTOR('',#2975,10.);
#779=VECTOR('',#2976,10.);
#780=VECTOR('',#2979,10.);
#781=VECTOR('',#2980,10.);
#782=VECTOR('',#2983,10.);
#783=VECTOR('',#2986,10.);
#784=VECTOR('',#2987,10.);
#785=VECTOR('',#2988,10.);
#786=VECTOR('',#2989,10.);
#787=VECTOR('',#2990,10.);
#788=VECTOR('',#2991,10.);
#789=VECTOR('',#2992,10.);
#790=VECTOR('',#2993,10.);
#791=VECTOR('',#2994,10.);
#792=VECTOR('',#2995,10.);
#793=VECTOR('',#2996,10.);
#794=VECTOR('',#2997,10.);
#795=VECTOR('',#2998,10.);
#796=VECTOR('',#2999,10.);
#797=VECTOR('',#3002,10.);
#798=VECTOR('',#3003,10.);
#799=VECTOR('',#3004,10.);
#800=VECTOR('',#3005,10.);
#801=VECTOR('',#3008,10.);
#802=VECTOR('',#3009,10.);
#803=VECTOR('',#3010,10.);
#804=VECTOR('',#3013,10.);
#805=VECTOR('',#3014,10.);
#806=VECTOR('',#3015,10.);
#807=VECTOR('',#3018,10.);
#808=VECTOR('',#3019,10.);
#809=VECTOR('',#3022,10.);
#810=VECTOR('',#3023,10.);
#811=VECTOR('',#3026,10.);
#812=VECTOR('',#3027,10.);
#813=VECTOR('',#3028,10.);
#814=VECTOR('',#3031,10.);
#815=VECTOR('',#3032,10.);
#816=VECTOR('',#3035,10.);
#817=VECTOR('',#3036,10.);
#818=VECTOR('',#3039,10.);
#819=VECTOR('',#3042,10.);
#820=VECTOR('',#3043,10.);
#821=VECTOR('',#3044,10.);
#822=VECTOR('',#3045,10.);
#823=VECTOR('',#3046,10.);
#824=VECTOR('',#3047,10.);
#825=VECTOR('',#3048,10.);
#826=VECTOR('',#3049,10.);
#827=VECTOR('',#3050,10.);
#828=VECTOR('',#3051,10.);
#829=VECTOR('',#3052,10.);
#830=VECTOR('',#3053,10.);
#831=VECTOR('',#3054,10.);
#832=VECTOR('',#3055,10.);
#833=VECTOR('',#3058,10.);
#834=VECTOR('',#3059,10.);
#835=VECTOR('',#3062,10.);
#836=VECTOR('',#3063,10.);
#837=VECTOR('',#3064,10.);
#838=VECTOR('',#3065,10.);
#839=VECTOR('',#3066,10.);
#840=VECTOR('',#3067,10.);
#841=VECTOR('',#3068,10.);
#842=VECTOR('',#3069,10.);
#843=VECTOR('',#3070,10.);
#844=VECTOR('',#3077,10.);
#845=VECTOR('',#3078,10.);
#846=VECTOR('',#3081,10.);
#847=VECTOR('',#3082,10.);
#848=VECTOR('',#3083,10.);
#849=VECTOR('',#3084,10.);
#850=VECTOR('',#3085,10.);
#851=VECTOR('',#3088,10.);
#852=VECTOR('',#3095,10.);
#853=VECTOR('',#3096,10.);
#854=VECTOR('',#3097,10.);
#855=VECTOR('',#3100,10.);
#856=VECTOR('',#3101,10.);
#857=VECTOR('',#3104,10.);
#858=VECTOR('',#3105,10.);
#859=VECTOR('',#3106,10.);
#860=VECTOR('',#3107,10.);
#861=VECTOR('',#3110,10.);
#862=VECTOR('',#3111,10.);
#863=VECTOR('',#3114,10.);
#864=VECTOR('',#3115,10.);
#865=VECTOR('',#3116,10.);
#866=VECTOR('',#3117,10.);
#867=VECTOR('',#3118,10.);
#868=VECTOR('',#3119,10.);
#869=VECTOR('',#3124,10.);
#870=VECTOR('',#3127,10.);
#871=VECTOR('',#3130,10.);
#872=VECTOR('',#3131,10.);
#873=VECTOR('',#3134,10.);
#874=VECTOR('',#3135,10.);
#875=VECTOR('',#3138,10.);
#876=VECTOR('',#3141,10.);
#877=VECTOR('',#3142,10.);
#878=VECTOR('',#3147,10.);
#879=VECTOR('',#3150,10.);
#880=VECTOR('',#3151,10.);
#881=VECTOR('',#3152,10.);
#882=VECTOR('',#3153,10.);
#883=VECTOR('',#3154,10.);
#884=VECTOR('',#3155,10.);
#885=VECTOR('',#3156,10.);
#886=VECTOR('',#3157,10.);
#887=VECTOR('',#3158,10.);
#888=VECTOR('',#3159,10.);
#889=VECTOR('',#3160,10.);
#890=VECTOR('',#3161,10.);
#891=VECTOR('',#3162,10.);
#892=VECTOR('',#3163,10.);
#893=VECTOR('',#3164,10.);
#894=VECTOR('',#3165,10.);
#895=VECTOR('',#3166,10.);
#896=VECTOR('',#3167,10.);
#897=VECTOR('',#3168,10.);
#898=VECTOR('',#3169,10.);
#899=VECTOR('',#3170,10.);
#900=VECTOR('',#3171,10.);
#901=VECTOR('',#3172,10.);
#902=VECTOR('',#3173,10.);
#903=VECTOR('',#3174,10.);
#904=VECTOR('',#3175,10.);
#905=VECTOR('',#3176,10.);
#906=VECTOR('',#3177,10.);
#907=VECTOR('',#3178,10.);
#908=VECTOR('',#3179,10.);
#909=VECTOR('',#3180,10.);
#910=VECTOR('',#3181,10.);
#911=VECTOR('',#3182,10.);
#912=VECTOR('',#3183,10.);
#913=VECTOR('',#3184,10.);
#914=VECTOR('',#3185,10.);
#915=VECTOR('',#3186,10.);
#916=VECTOR('',#3187,10.);
#917=VECTOR('',#3188,10.);
#918=VECTOR('',#3189,10.);
#919=VECTOR('',#3190,10.);
#920=VECTOR('',#3191,10.);
#921=VECTOR('',#3192,10.);
#922=VECTOR('',#3203,10.);
#923=VECTOR('',#3206,10.);
#924=VECTOR('',#3207,10.);
#925=VECTOR('',#3212,10.);
#926=VECTOR('',#3217,10.);
#927=VECTOR('',#3218,10.);
#928=VECTOR('',#3221,10.);
#929=VECTOR('',#3222,7.395);
#930=VECTOR('',#3225,10.);
#931=VECTOR('',#3226,10.);
#932=VECTOR('',#3227,10.);
#933=VECTOR('',#3228,10.);
#934=VECTOR('',#3233,10.);
#935=VECTOR('',#3236,10.);
#936=VECTOR('',#3239,10.);
#937=VECTOR('',#3240,10.);
#938=VECTOR('',#3241,10.);
#939=VECTOR('',#3242,10.);
#940=VECTOR('',#3243,10.);
#941=VECTOR('',#3248,10.);
#942=VECTOR('',#3249,10.);
#943=VECTOR('',#3252,1.65);
#944=VECTOR('',#3257,10.);
#945=VECTOR('',#3258,10.);
#946=VECTOR('',#3261,10.);
#947=VECTOR('',#3264,10.);
#948=VECTOR('',#3265,10.);
#949=VECTOR('',#3268,10.);
#950=VECTOR('',#3271,1.65);
#951=VECTOR('',#3276,10.);
#952=VECTOR('',#3277,10.);
#953=VECTOR('',#3278,10.);
#954=VECTOR('',#3279,10.);
#955=VECTOR('',#3282,10.);
#956=VECTOR('',#3283,10.);
#957=VECTOR('',#3284,10.);
#958=VECTOR('',#3285,10.);
#959=VECTOR('',#3288,10.);
#960=VECTOR('',#3289,10.);
#961=VECTOR('',#3290,10.);
#962=VECTOR('',#3293,10.);
#963=VECTOR('',#3294,10.);
#964=VECTOR('',#3297,10.);
#965=VECTOR('',#3298,10.);
#966=VECTOR('',#3299,10.);
#967=VECTOR('',#3300,10.);
#968=VECTOR('',#3301,10.);
#969=VECTOR('',#3302,10.);
#970=VECTOR('',#3305,10.);
#971=VECTOR('',#3306,10.);
#972=VECTOR('',#3307,10.);
#973=VECTOR('',#3310,10.);
#974=VECTOR('',#3311,10.);
#975=VECTOR('',#3312,10.);
#976=VECTOR('',#3313,10.);
#977=VECTOR('',#3316,10.);
#978=VECTOR('',#3317,10.);
#979=VECTOR('',#3318,10.);
#980=VECTOR('',#3319,10.);
#981=VECTOR('',#3320,10.);
#982=VECTOR('',#3321,10.);
#983=VECTOR('',#3322,10.);
#984=VECTOR('',#3323,10.);
#985=VECTOR('',#3326,10.);
#986=VECTOR('',#3329,10.);
#987=VECTOR('',#3334,10.);
#988=VECTOR('',#3337,10.);
#989=VECTOR('',#3340,10.);
#990=VECTOR('',#3343,10.);
#991=VECTOR('',#3346,10.);
#992=VECTOR('',#3351,10.);
#993=VECTOR('',#3352,10.);
#994=VECTOR('',#3353,10.);
#995=VECTOR('',#3356,10.);
#996=VECTOR('',#3357,10.);
#997=VECTOR('',#3360,10.);
#998=VECTOR('',#3361,10.);
#999=VECTOR('',#3364,10.);
#1000=VECTOR('',#3369,10.);
#1001=VECTOR('',#3370,10.);
#1002=VECTOR('',#3371,10.);
#1003=VECTOR('',#3374,10.);
#1004=VECTOR('',#3375,10.);
#1005=VECTOR('',#3378,10.);
#1006=VECTOR('',#3379,10.);
#1007=VECTOR('',#3382,10.);
#1008=VECTOR('',#3387,10.);
#1009=VECTOR('',#3388,10.);
#1010=VECTOR('',#3389,10.);
#1011=VECTOR('',#3392,10.);
#1012=VECTOR('',#3393,10.);
#1013=VECTOR('',#3396,10.);
#1014=VECTOR('',#3397,10.);
#1015=VECTOR('',#3400,10.);
#1016=VECTOR('',#3405,10.);
#1017=VECTOR('',#3406,10.);
#1018=VECTOR('',#3407,10.);
#1019=VECTOR('',#3410,10.);
#1020=VECTOR('',#3411,10.);
#1021=VECTOR('',#3414,10.);
#1022=VECTOR('',#3415,10.);
#1023=VECTOR('',#3418,10.);
#1024=VECTOR('',#3423,10.);
#1025=VECTOR('',#3424,10.);
#1026=VECTOR('',#3425,10.);
#1027=VECTOR('',#3428,10.);
#1028=VECTOR('',#3429,10.);
#1029=VECTOR('',#3432,10.);
#1030=VECTOR('',#3433,10.);
#1031=VECTOR('',#3436,10.);
#1032=VECTOR('',#3441,10.);
#1033=VECTOR('',#3442,10.);
#1034=VECTOR('',#3443,10.);
#1035=VECTOR('',#3446,10.);
#1036=VECTOR('',#3447,10.);
#1037=VECTOR('',#3450,10.);
#1038=VECTOR('',#3451,10.);
#1039=VECTOR('',#3454,10.);
#1040=VECTOR('',#3459,10.);
#1041=VECTOR('',#3460,10.);
#1042=VECTOR('',#3461,10.);
#1043=VECTOR('',#3464,10.);
#1044=VECTOR('',#3465,10.);
#1045=VECTOR('',#3468,10.);
#1046=VECTOR('',#3469,10.);
#1047=VECTOR('',#3472,10.);
#1048=VECTOR('',#3477,10.);
#1049=VECTOR('',#3478,10.);
#1050=VECTOR('',#3479,10.);
#1051=VECTOR('',#3482,10.);
#1052=VECTOR('',#3483,10.);
#1053=VECTOR('',#3486,10.);
#1054=VECTOR('',#3487,10.);
#1055=VECTOR('',#3490,10.);
#1056=VECTOR('',#3495,10.);
#1057=VECTOR('',#3496,10.);
#1058=VECTOR('',#3497,10.);
#1059=VECTOR('',#3500,10.);
#1060=VECTOR('',#3501,10.);
#1061=VECTOR('',#3504,10.);
#1062=VECTOR('',#3505,10.);
#1063=VECTOR('',#3508,10.);
#1064=VECTOR('',#3513,10.);
#1065=VECTOR('',#3514,10.);
#1066=VECTOR('',#3515,10.);
#1067=VECTOR('',#3518,10.);
#1068=VECTOR('',#3519,10.);
#1069=VECTOR('',#3522,10.);
#1070=VECTOR('',#3523,10.);
#1071=VECTOR('',#3526,10.);
#1072=VECTOR('',#3533,1.65);
#1073=VECTOR('',#3538,1.65);
#1074=VECTOR('',#3543,1.65);
#1075=VECTOR('',#3546,10.);
#1076=VECTOR('',#3547,10.);
#1077=VECTOR('',#3550,10.);
#1078=VECTOR('',#3551,10.);
#1079=VECTOR('',#3552,10.);
#1080=VECTOR('',#3557,10.);
#1081=VECTOR('',#3562,10.);
#1082=VECTOR('',#3563,10.);
#1083=VERTEX_POINT('',#3572);
#1084=VERTEX_POINT('',#3573);
#1085=VERTEX_POINT('',#3575);
#1086=VERTEX_POINT('',#3577);
#1087=VERTEX_POINT('',#3579);
#1088=VERTEX_POINT('',#3581);
#1089=VERTEX_POINT('',#3585);
#1090=VERTEX_POINT('',#3587);
#1091=VERTEX_POINT('',#3591);
#1092=VERTEX_POINT('',#3592);
#1093=VERTEX_POINT('',#3594);
#1094=VERTEX_POINT('',#3596);
#1095=VERTEX_POINT('',#3600);
#1096=VERTEX_POINT('',#3602);
#1097=VERTEX_POINT('',#3604);
#1098=VERTEX_POINT('',#3608);
#1099=VERTEX_POINT('',#3610);
#1100=VERTEX_POINT('',#3614);
#1101=VERTEX_POINT('',#3616);
#1102=VERTEX_POINT('',#3620);
#1103=VERTEX_POINT('',#3622);
#1104=VERTEX_POINT('',#3626);
#1105=VERTEX_POINT('',#3627);
#1106=VERTEX_POINT('',#3629);
#1107=VERTEX_POINT('',#3631);
#1108=VERTEX_POINT('',#3635);
#1109=VERTEX_POINT('',#3637);
#1110=VERTEX_POINT('',#3641);
#1111=VERTEX_POINT('',#3643);
#1112=VERTEX_POINT('',#3647);
#1113=VERTEX_POINT('',#3649);
#1114=VERTEX_POINT('',#3653);
#1115=VERTEX_POINT('',#3655);
#1116=VERTEX_POINT('',#3659);
#1117=VERTEX_POINT('',#3661);
#1118=VERTEX_POINT('',#3663);
#1119=VERTEX_POINT('',#3665);
#1120=VERTEX_POINT('',#3669);
#1121=VERTEX_POINT('',#3671);
#1122=VERTEX_POINT('',#3673);
#1123=VERTEX_POINT('',#3675);
#1124=VERTEX_POINT('',#3684);
#1125=VERTEX_POINT('',#3686);
#1126=VERTEX_POINT('',#3688);
#1127=VERTEX_POINT('',#3690);
#1128=VERTEX_POINT('',#3692);
#1129=VERTEX_POINT('',#3694);
#1130=VERTEX_POINT('',#3696);
#1131=VERTEX_POINT('',#3698);
#1132=VERTEX_POINT('',#3700);
#1133=VERTEX_POINT('',#3703);
#1134=VERTEX_POINT('',#3704);
#1135=VERTEX_POINT('',#3706);
#1136=VERTEX_POINT('',#3708);
#1137=VERTEX_POINT('',#3712);
#1138=VERTEX_POINT('',#3713);
#1139=VERTEX_POINT('',#3715);
#1140=VERTEX_POINT('',#3717);
#1141=VERTEX_POINT('',#3721);
#1142=VERTEX_POINT('',#3723);
#1143=VERTEX_POINT('',#3727);
#1144=VERTEX_POINT('',#3729);
#1145=VERTEX_POINT('',#3739);
#1146=VERTEX_POINT('',#3741);
#1147=VERTEX_POINT('',#3745);
#1148=VERTEX_POINT('',#3749);
#1149=VERTEX_POINT('',#3755);
#1150=VERTEX_POINT('',#3756);
#1151=VERTEX_POINT('',#3758);
#1152=VERTEX_POINT('',#3760);
#1153=VERTEX_POINT('',#3762);
#1154=VERTEX_POINT('',#3764);
#1155=VERTEX_POINT('',#3766);
#1156=VERTEX_POINT('',#3768);
#1157=VERTEX_POINT('',#3770);
#1158=VERTEX_POINT('',#3773);
#1159=VERTEX_POINT('',#3775);
#1160=VERTEX_POINT('',#3778);
#1161=VERTEX_POINT('',#3782);
#1162=VERTEX_POINT('',#3784);
#1163=VERTEX_POINT('',#3786);
#1164=VERTEX_POINT('',#3788);
#1165=VERTEX_POINT('',#3790);
#1166=VERTEX_POINT('',#3792);
#1167=VERTEX_POINT('',#3794);
#1168=VERTEX_POINT('',#3796);
#1169=VERTEX_POINT('',#3798);
#1170=VERTEX_POINT('',#3800);
#1171=VERTEX_POINT('',#3802);
#1172=VERTEX_POINT('',#3805);
#1173=VERTEX_POINT('',#3807);
#1174=VERTEX_POINT('',#3810);
#1175=VERTEX_POINT('',#3815);
#1176=VERTEX_POINT('',#3817);
#1177=VERTEX_POINT('',#3819);
#1178=VERTEX_POINT('',#3821);
#1179=VERTEX_POINT('',#3823);
#1180=VERTEX_POINT('',#3826);
#1181=VERTEX_POINT('',#3828);
#1182=VERTEX_POINT('',#3831);
#1183=VERTEX_POINT('',#3833);
#1184=VERTEX_POINT('',#3837);
#1185=VERTEX_POINT('',#3841);
#1186=VERTEX_POINT('',#3843);
#1187=VERTEX_POINT('',#3845);
#1188=VERTEX_POINT('',#3849);
#1189=VERTEX_POINT('',#3853);
#1190=VERTEX_POINT('',#3855);
#1191=VERTEX_POINT('',#3857);
#1192=VERTEX_POINT('',#3859);
#1193=VERTEX_POINT('',#3861);
#1194=VERTEX_POINT('',#3865);
#1195=VERTEX_POINT('',#3866);
#1196=VERTEX_POINT('',#3868);
#1197=VERTEX_POINT('',#3870);
#1198=VERTEX_POINT('',#3877);
#1199=VERTEX_POINT('',#3886);
#1200=VERTEX_POINT('',#3888);
#1201=VERTEX_POINT('',#3892);
#1202=VERTEX_POINT('',#3895);
#1203=VERTEX_POINT('',#3896);
#1204=VERTEX_POINT('',#3898);
#1205=VERTEX_POINT('',#3900);
#1206=VERTEX_POINT('',#3903);
#1207=VERTEX_POINT('',#3904);
#1208=VERTEX_POINT('',#3906);
#1209=VERTEX_POINT('',#3908);
#1210=VERTEX_POINT('',#3911);
#1211=VERTEX_POINT('',#3912);
#1212=VERTEX_POINT('',#3914);
#1213=VERTEX_POINT('',#3916);
#1214=VERTEX_POINT('',#3919);
#1215=VERTEX_POINT('',#3920);
#1216=VERTEX_POINT('',#3922);
#1217=VERTEX_POINT('',#3924);
#1218=VERTEX_POINT('',#3927);
#1219=VERTEX_POINT('',#3928);
#1220=VERTEX_POINT('',#3930);
#1221=VERTEX_POINT('',#3932);
#1222=VERTEX_POINT('',#3935);
#1223=VERTEX_POINT('',#3936);
#1224=VERTEX_POINT('',#3938);
#1225=VERTEX_POINT('',#3940);
#1226=VERTEX_POINT('',#3943);
#1227=VERTEX_POINT('',#3944);
#1228=VERTEX_POINT('',#3946);
#1229=VERTEX_POINT('',#3948);
#1230=VERTEX_POINT('',#3951);
#1231=VERTEX_POINT('',#3952);
#1232=VERTEX_POINT('',#3954);
#1233=VERTEX_POINT('',#3956);
#1234=VERTEX_POINT('',#3959);
#1235=VERTEX_POINT('',#3960);
#1236=VERTEX_POINT('',#3962);
#1237=VERTEX_POINT('',#3964);
#1238=VERTEX_POINT('',#3967);
#1239=VERTEX_POINT('',#3968);
#1240=VERTEX_POINT('',#3970);
#1241=VERTEX_POINT('',#3972);
#1242=VERTEX_POINT('',#3975);
#1243=VERTEX_POINT('',#3977);
#1244=VERTEX_POINT('',#3979);
#1245=VERTEX_POINT('',#3982);
#1246=VERTEX_POINT('',#3986);
#1247=VERTEX_POINT('',#3990);
#1248=VERTEX_POINT('',#3995);
#1249=VERTEX_POINT('',#4020);
#1250=VERTEX_POINT('',#4021);
#1251=VERTEX_POINT('',#4023);
#1252=VERTEX_POINT('',#4025);
#1253=VERTEX_POINT('',#4029);
#1254=VERTEX_POINT('',#4030);
#1255=VERTEX_POINT('',#4032);
#1256=VERTEX_POINT('',#4034);
#1257=VERTEX_POINT('',#4038);
#1258=VERTEX_POINT('',#4041);
#1259=VERTEX_POINT('',#4043);
#1260=VERTEX_POINT('',#4046);
#1261=VERTEX_POINT('',#4049);
#1262=VERTEX_POINT('',#4053);
#1263=VERTEX_POINT('',#4057);
#1264=VERTEX_POINT('',#4071);
#1265=VERTEX_POINT('',#4072);
#1266=VERTEX_POINT('',#4074);
#1267=VERTEX_POINT('',#4076);
#1268=VERTEX_POINT('',#4080);
#1269=VERTEX_POINT('',#4081);
#1270=VERTEX_POINT('',#4083);
#1271=VERTEX_POINT('',#4085);
#1272=VERTEX_POINT('',#4090);
#1273=VERTEX_POINT('',#4094);
#1274=VERTEX_POINT('',#4098);
#1275=VERTEX_POINT('',#4100);
#1276=VERTEX_POINT('',#4102);
#1277=VERTEX_POINT('',#4104);
#1278=VERTEX_POINT('',#4106);
#1279=VERTEX_POINT('',#4108);
#1280=VERTEX_POINT('',#4110);
#1281=VERTEX_POINT('',#4112);
#1282=VERTEX_POINT('',#4118);
#1283=VERTEX_POINT('',#4120);
#1284=VERTEX_POINT('',#4124);
#1285=VERTEX_POINT('',#4126);
#1286=VERTEX_POINT('',#4131);
#1287=VERTEX_POINT('',#4133);
#1288=VERTEX_POINT('',#4135);
#1289=VERTEX_POINT('',#4138);
#1290=VERTEX_POINT('',#4158);
#1291=VERTEX_POINT('',#4160);
#1292=VERTEX_POINT('',#4164);
#1293=VERTEX_POINT('',#4168);
#1294=VERTEX_POINT('',#4175);
#1295=VERTEX_POINT('',#4177);
#1296=VERTEX_POINT('',#4181);
#1297=VERTEX_POINT('',#4185);
#1298=VERTEX_POINT('',#4192);
#1299=VERTEX_POINT('',#4194);
#1300=VERTEX_POINT('',#4198);
#1301=VERTEX_POINT('',#4202);
#1302=VERTEX_POINT('',#4209);
#1303=VERTEX_POINT('',#4211);
#1304=VERTEX_POINT('',#4215);
#1305=VERTEX_POINT('',#4219);
#1306=VERTEX_POINT('',#4226);
#1307=VERTEX_POINT('',#4228);
#1308=VERTEX_POINT('',#4232);
#1309=VERTEX_POINT('',#4236);
#1310=VERTEX_POINT('',#4243);
#1311=VERTEX_POINT('',#4245);
#1312=VERTEX_POINT('',#4249);
#1313=VERTEX_POINT('',#4253);
#1314=VERTEX_POINT('',#4260);
#1315=VERTEX_POINT('',#4262);
#1316=VERTEX_POINT('',#4266);
#1317=VERTEX_POINT('',#4270);
#1318=VERTEX_POINT('',#4277);
#1319=VERTEX_POINT('',#4279);
#1320=VERTEX_POINT('',#4283);
#1321=VERTEX_POINT('',#4287);
#1322=VERTEX_POINT('',#4294);
#1323=VERTEX_POINT('',#4296);
#1324=VERTEX_POINT('',#4300);
#1325=VERTEX_POINT('',#4304);
#1326=VERTEX_POINT('',#4311);
#1327=VERTEX_POINT('',#4313);
#1328=VERTEX_POINT('',#4317);
#1329=VERTEX_POINT('',#4321);
#1330=VERTEX_POINT('',#4328);
#1331=VERTEX_POINT('',#4332);
#1332=VERTEX_POINT('',#4336);
#1333=VERTEX_POINT('',#4343);
#1334=VERTEX_POINT('',#4345);
#1335=EDGE_CURVE('',#1083,#1084,#373,.T.);
#1336=EDGE_CURVE('',#1084,#1085,#374,.T.);
#1337=EDGE_CURVE('',#1086,#1085,#375,.T.);
#1338=EDGE_CURVE('',#1086,#1087,#376,.T.);
#1339=EDGE_CURVE('',#1087,#1088,#377,.T.);
#1340=EDGE_CURVE('',#1083,#1088,#378,.T.);
#1341=EDGE_CURVE('',#1089,#1083,#379,.T.);
#1342=EDGE_CURVE('',#1088,#1090,#380,.T.);
#1343=EDGE_CURVE('',#1089,#1090,#381,.T.);
#1344=EDGE_CURVE('',#1091,#1092,#382,.T.);
#1345=EDGE_CURVE('',#1093,#1092,#383,.T.);
#1346=EDGE_CURVE('',#1093,#1094,#384,.T.);
#1347=EDGE_CURVE('',#1094,#1091,#385,.T.);
#1348=EDGE_CURVE('',#1084,#1095,#386,.T.);
#1349=EDGE_CURVE('',#1096,#1095,#387,.T.);
#1350=EDGE_CURVE('',#1097,#1096,#388,.T.);
#1351=EDGE_CURVE('',#1085,#1097,#389,.T.);
#1352=EDGE_CURVE('',#1098,#1089,#390,.T.);
#1353=EDGE_CURVE('',#1099,#1090,#391,.T.);
#1354=EDGE_CURVE('',#1099,#1098,#392,.T.);
#1355=EDGE_CURVE('',#1092,#1100,#393,.T.);
#1356=EDGE_CURVE('',#1100,#1101,#394,.T.);
#1357=EDGE_CURVE('',#1101,#1093,#395,.T.);
#1358=EDGE_CURVE('',#1095,#1102,#396,.T.);
#1359=EDGE_CURVE('',#1102,#1103,#397,.T.);
#1360=EDGE_CURVE('',#1103,#1096,#398,.T.);
#1361=EDGE_CURVE('',#1104,#1105,#399,.T.);
#1362=EDGE_CURVE('',#1104,#1106,#400,.T.);
#1363=EDGE_CURVE('',#1107,#1106,#401,.T.);
#1364=EDGE_CURVE('',#1105,#1107,#402,.T.);
#1365=EDGE_CURVE('',#1105,#1108,#403,.T.);
#1366=EDGE_CURVE('',#1109,#1107,#404,.T.);
#1367=EDGE_CURVE('',#1108,#1109,#405,.T.);
#1368=EDGE_CURVE('',#1108,#1110,#406,.T.);
#1369=EDGE_CURVE('',#1111,#1109,#407,.T.);
#1370=EDGE_CURVE('',#1110,#1111,#408,.T.);
#1371=EDGE_CURVE('',#1110,#1112,#409,.T.);
#1372=EDGE_CURVE('',#1113,#1111,#410,.T.);
#1373=EDGE_CURVE('',#1112,#1113,#411,.T.);
#1374=EDGE_CURVE('',#1114,#1104,#412,.T.);
#1375=EDGE_CURVE('',#1114,#1115,#413,.T.);
#1376=EDGE_CURVE('',#1106,#1115,#414,.T.);
#1377=EDGE_CURVE('',#1116,#1115,#415,.T.);
#1378=EDGE_CURVE('',#1116,#1117,#416,.T.);
#1379=EDGE_CURVE('',#1117,#1118,#417,.T.);
#1380=EDGE_CURVE('',#1119,#1118,#418,.T.);
#1381=EDGE_CURVE('',#1113,#1119,#419,.T.);
#1382=EDGE_CURVE('',#1120,#1112,#420,.T.);
#1383=EDGE_CURVE('',#1120,#1121,#421,.T.);
#1384=EDGE_CURVE('',#1121,#1122,#422,.T.);
#1385=EDGE_CURVE('',#1123,#1122,#423,.T.);
#1386=EDGE_CURVE('',#1114,#1123,#424,.T.);
#1387=EDGE_CURVE('',#1119,#1120,#425,.T.);
#1388=EDGE_CURVE('',#1118,#1121,#426,.T.);
#1389=EDGE_CURVE('',#1122,#1117,#427,.T.);
#1390=EDGE_CURVE('',#1123,#1124,#428,.T.);
#1391=EDGE_CURVE('',#1124,#1125,#429,.T.);
#1392=EDGE_CURVE('',#1125,#1126,#430,.T.);
#1393=EDGE_CURVE('',#1126,#1127,#431,.T.);
#1394=EDGE_CURVE('',#1127,#1128,#432,.T.);
#1395=EDGE_CURVE('',#1128,#1129,#433,.T.);
#1396=EDGE_CURVE('',#1129,#1130,#434,.T.);
#1397=EDGE_CURVE('',#1130,#1131,#435,.T.);
#1398=EDGE_CURVE('',#1131,#1132,#436,.T.);
#1399=EDGE_CURVE('',#1132,#1116,#437,.T.);
#1400=EDGE_CURVE('',#1133,#1134,#438,.T.);
#1401=EDGE_CURVE('',#1134,#1135,#439,.T.);
#1402=EDGE_CURVE('',#1135,#1136,#440,.T.);
#1403=EDGE_CURVE('',#1133,#1136,#441,.T.);
#1404=EDGE_CURVE('',#1137,#1138,#442,.T.);
#1405=EDGE_CURVE('',#1137,#1139,#443,.T.);
#1406=EDGE_CURVE('',#1140,#1139,#444,.T.);
#1407=EDGE_CURVE('',#1138,#1140,#445,.T.);
#1408=EDGE_CURVE('',#1141,#1137,#446,.T.);
#1409=EDGE_CURVE('',#1141,#1142,#447,.T.);
#1410=EDGE_CURVE('',#1139,#1142,#448,.T.);
#1411=EDGE_CURVE('',#1143,#1141,#449,.T.);
#1412=EDGE_CURVE('',#1143,#1144,#450,.T.);
#1413=EDGE_CURVE('',#1142,#1144,#451,.T.);
#1414=EDGE_CURVE('',#1133,#1143,#452,.T.);
#1415=EDGE_CURVE('',#1144,#1136,#453,.T.);
#1416=EDGE_CURVE('',#1138,#1127,#454,.T.);
#1417=EDGE_CURVE('',#1128,#1140,#455,.T.);
#1418=EDGE_CURVE('',#1126,#1145,#456,.T.);
#1419=EDGE_CURVE('',#1146,#1145,#457,.T.);
#1420=EDGE_CURVE('',#1134,#1146,#458,.T.);
#1421=EDGE_CURVE('',#1147,#1146,#459,.T.);
#1422=EDGE_CURVE('',#1135,#1147,#460,.T.);
#1423=EDGE_CURVE('',#1148,#1147,#461,.T.);
#1424=EDGE_CURVE('',#1129,#1148,#462,.T.);
#1425=EDGE_CURVE('',#1145,#1148,#463,.T.);
#1426=EDGE_CURVE('',#1149,#1150,#464,.T.);
#1427=EDGE_CURVE('',#1151,#1149,#465,.T.);
#1428=EDGE_CURVE('',#1152,#1151,#466,.T.);
#1429=EDGE_CURVE('',#1153,#1152,#467,.T.);
#1430=EDGE_CURVE('',#1154,#1153,#468,.T.);
#1431=EDGE_CURVE('',#1155,#1154,#469,.T.);
#1432=EDGE_CURVE('',#1156,#1155,#470,.T.);
#1433=EDGE_CURVE('',#1157,#1156,#471,.T.);
#1434=EDGE_CURVE('',#1130,#1157,#472,.T.);
#1435=EDGE_CURVE('',#1158,#1125,#473,.T.);
#1436=EDGE_CURVE('',#1159,#1158,#474,.T.);
#1437=EDGE_CURVE('',#1087,#1159,#475,.T.);
#1438=EDGE_CURVE('',#1160,#1086,#476,.T.);
#1439=EDGE_CURVE('',#1150,#1160,#477,.T.);
#1440=EDGE_CURVE('',#1157,#1161,#478,.T.);
#1441=EDGE_CURVE('',#1162,#1161,#479,.T.);
#1442=EDGE_CURVE('',#1163,#1162,#30,.T.);
#1443=EDGE_CURVE('',#1164,#1163,#480,.T.);
#1444=EDGE_CURVE('',#1165,#1164,#481,.T.);
#1445=EDGE_CURVE('',#1166,#1165,#482,.T.);
#1446=EDGE_CURVE('',#1167,#1166,#483,.T.);
#1447=EDGE_CURVE('',#1168,#1167,#484,.T.);
#1448=EDGE_CURVE('',#1169,#1168,#485,.T.);
#1449=EDGE_CURVE('',#1169,#1170,#486,.T.);
#1450=EDGE_CURVE('',#1170,#1171,#487,.T.);
#1451=EDGE_CURVE('',#1131,#1171,#488,.T.);
#1452=EDGE_CURVE('',#1172,#1172,#31,.T.);
#1453=EDGE_CURVE('',#1173,#1173,#28,.T.);
#1454=EDGE_CURVE('',#1156,#1174,#489,.T.);
#1455=EDGE_CURVE('',#1174,#1161,#490,.T.);
#1456=EDGE_CURVE('',#1155,#1094,#491,.T.);
#1457=EDGE_CURVE('',#1175,#1101,#492,.T.);
#1458=EDGE_CURVE('',#1175,#1176,#493,.T.);
#1459=EDGE_CURVE('',#1177,#1176,#494,.T.);
#1460=EDGE_CURVE('',#1177,#1178,#495,.T.);
#1461=EDGE_CURVE('',#1179,#1178,#32,.T.);
#1462=EDGE_CURVE('',#1179,#1174,#496,.T.);
#1463=EDGE_CURVE('',#1180,#1180,#33,.T.);
#1464=EDGE_CURVE('',#1181,#1181,#29,.T.);
#1465=EDGE_CURVE('',#1182,#1091,#497,.T.);
#1466=EDGE_CURVE('',#1154,#1183,#498,.T.);
#1467=EDGE_CURVE('',#1183,#1182,#499,.T.);
#1468=EDGE_CURVE('',#1184,#1153,#500,.T.);
#1469=EDGE_CURVE('',#1184,#1183,#501,.T.);
#1470=EDGE_CURVE('',#1152,#1185,#502,.T.);
#1471=EDGE_CURVE('',#1185,#1186,#503,.T.);
#1472=EDGE_CURVE('',#1186,#1187,#504,.F.);
#1473=EDGE_CURVE('',#1187,#1184,#505,.T.);
#1474=EDGE_CURVE('',#1188,#1151,#506,.T.);
#1475=EDGE_CURVE('',#1188,#1185,#507,.T.);
#1476=EDGE_CURVE('',#1189,#1149,#508,.T.);
#1477=EDGE_CURVE('',#1189,#1190,#509,.T.);
#1478=EDGE_CURVE('',#1190,#1191,#510,.T.);
#1479=EDGE_CURVE('',#1192,#1191,#511,.T.);
#1480=EDGE_CURVE('',#1192,#1193,#512,.T.);
#1481=EDGE_CURVE('',#1193,#1188,#513,.T.);
#1482=EDGE_CURVE('',#1194,#1195,#34,.T.);
#1483=EDGE_CURVE('',#1195,#1196,#514,.T.);
#1484=EDGE_CURVE('',#1196,#1197,#35,.F.);
#1485=EDGE_CURVE('',#1197,#1194,#515,.T.);
#1486=EDGE_CURVE('',#1194,#1186,#516,.T.);
#1487=EDGE_CURVE('',#1193,#1195,#517,.T.);
#1488=EDGE_CURVE('',#1198,#1197,#518,.T.);
#1489=EDGE_CURVE('',#1187,#1198,#519,.F.);
#1490=EDGE_CURVE('',#1196,#1192,#520,.T.);
#1491=EDGE_CURVE('',#1198,#1100,#521,.T.);
#1492=EDGE_CURVE('',#1187,#1182,#522,.T.);
#1493=EDGE_CURVE('',#1199,#1191,#36,.T.);
#1494=EDGE_CURVE('',#1200,#1199,#523,.T.);
#1495=EDGE_CURVE('',#1103,#1200,#37,.T.);
#1496=EDGE_CURVE('',#1102,#1098,#524,.T.);
#1497=EDGE_CURVE('',#1099,#1201,#525,.T.);
#1498=EDGE_CURVE('',#1201,#1175,#526,.T.);
#1499=EDGE_CURVE('',#1202,#1203,#527,.T.);
#1500=EDGE_CURVE('',#1203,#1204,#528,.T.);
#1501=EDGE_CURVE('',#1204,#1205,#529,.T.);
#1502=EDGE_CURVE('',#1205,#1202,#530,.T.);
#1503=EDGE_CURVE('',#1206,#1207,#531,.T.);
#1504=EDGE_CURVE('',#1207,#1208,#532,.T.);
#1505=EDGE_CURVE('',#1208,#1209,#533,.T.);
#1506=EDGE_CURVE('',#1209,#1206,#534,.T.);
#1507=EDGE_CURVE('',#1210,#1211,#535,.T.);
#1508=EDGE_CURVE('',#1211,#1212,#536,.T.);
#1509=EDGE_CURVE('',#1212,#1213,#537,.T.);
#1510=EDGE_CURVE('',#1213,#1210,#538,.T.);
#1511=EDGE_CURVE('',#1214,#1215,#539,.T.);
#1512=EDGE_CURVE('',#1215,#1216,#540,.T.);
#1513=EDGE_CURVE('',#1216,#1217,#541,.T.);
#1514=EDGE_CURVE('',#1217,#1214,#542,.T.);
#1515=EDGE_CURVE('',#1218,#1219,#543,.T.);
#1516=EDGE_CURVE('',#1219,#1220,#544,.T.);
#1517=EDGE_CURVE('',#1220,#1221,#545,.T.);
#1518=EDGE_CURVE('',#1221,#1218,#546,.T.);
#1519=EDGE_CURVE('',#1222,#1223,#547,.T.);
#1520=EDGE_CURVE('',#1223,#1224,#548,.T.);
#1521=EDGE_CURVE('',#1224,#1225,#549,.T.);
#1522=EDGE_CURVE('',#1225,#1222,#550,.T.);
#1523=EDGE_CURVE('',#1226,#1227,#551,.T.);
#1524=EDGE_CURVE('',#1227,#1228,#552,.T.);
#1525=EDGE_CURVE('',#1228,#1229,#553,.T.);
#1526=EDGE_CURVE('',#1229,#1226,#554,.T.);
#1527=EDGE_CURVE('',#1230,#1231,#555,.T.);
#1528=EDGE_CURVE('',#1231,#1232,#556,.T.);
#1529=EDGE_CURVE('',#1232,#1233,#557,.T.);
#1530=EDGE_CURVE('',#1233,#1230,#558,.T.);
#1531=EDGE_CURVE('',#1234,#1235,#559,.T.);
#1532=EDGE_CURVE('',#1235,#1236,#560,.T.);
#1533=EDGE_CURVE('',#1236,#1237,#561,.T.);
#1534=EDGE_CURVE('',#1237,#1234,#562,.T.);
#1535=EDGE_CURVE('',#1238,#1239,#563,.T.);
#1536=EDGE_CURVE('',#1239,#1240,#564,.T.);
#1537=EDGE_CURVE('',#1240,#1241,#565,.T.);
#1538=EDGE_CURVE('',#1241,#1238,#566,.T.);
#1539=EDGE_CURVE('',#1242,#1242,#38,.T.);
#1540=EDGE_CURVE('',#1243,#1243,#39,.T.);
#1541=EDGE_CURVE('',#1244,#1244,#40,.T.);
#1542=EDGE_CURVE('',#1245,#1190,#41,.T.);
#1543=EDGE_CURVE('',#1245,#1199,#567,.T.);
#1544=EDGE_CURVE('',#1246,#1245,#568,.T.);
#1545=EDGE_CURVE('',#1246,#1200,#569,.T.);
#1546=EDGE_CURVE('',#1247,#1246,#42,.T.);
#1547=EDGE_CURVE('',#1096,#1247,#570,.T.);
#1548=EDGE_CURVE('',#1248,#1189,#571,.T.);
#1549=EDGE_CURVE('',#1247,#1248,#572,.T.);
#1550=EDGE_CURVE('',#1248,#1150,#573,.T.);
#1551=EDGE_CURVE('',#1181,#1173,#574,.T.);
#1552=EDGE_CURVE('',#1249,#1250,#575,.T.);
#1553=EDGE_CURVE('',#1250,#1251,#576,.T.);
#1554=EDGE_CURVE('',#1252,#1251,#577,.T.);
#1555=EDGE_CURVE('',#1252,#1249,#578,.T.);
#1556=EDGE_CURVE('',#1253,#1254,#43,.T.);
#1557=EDGE_CURVE('',#1254,#1255,#579,.T.);
#1558=EDGE_CURVE('',#1255,#1256,#44,.T.);
#1559=EDGE_CURVE('',#1256,#1253,#580,.T.);
#1560=EDGE_CURVE('',#1159,#1257,#581,.T.);
#1561=EDGE_CURVE('',#1254,#1257,#582,.T.);
#1562=EDGE_CURVE('',#1258,#1253,#583,.T.);
#1563=EDGE_CURVE('',#1259,#1258,#584,.T.);
#1564=EDGE_CURVE('',#1201,#1259,#585,.T.);
#1565=EDGE_CURVE('',#1260,#1260,#45,.T.);
#1566=EDGE_CURVE('',#1261,#1256,#586,.T.);
#1567=EDGE_CURVE('',#1258,#1261,#587,.T.);
#1568=EDGE_CURVE('',#1260,#1262,#588,.T.);
#1569=EDGE_CURVE('',#1262,#1262,#46,.T.);
#1570=EDGE_CURVE('',#1263,#1257,#589,.T.);
#1571=EDGE_CURVE('',#1255,#1263,#590,.T.);
#1572=EDGE_CURVE('',#1158,#1263,#591,.T.);
#1573=EDGE_CURVE('',#1178,#1163,#592,.T.);
#1574=EDGE_CURVE('',#1162,#1179,#593,.T.);
#1575=EDGE_CURVE('',#1164,#1177,#594,.T.);
#1576=EDGE_CURVE('',#1180,#1172,#595,.T.);
#1577=EDGE_CURVE('',#1264,#1265,#596,.T.);
#1578=EDGE_CURVE('',#1266,#1264,#597,.T.);
#1579=EDGE_CURVE('',#1267,#1266,#598,.T.);
#1580=EDGE_CURVE('',#1265,#1267,#599,.T.);
#1581=EDGE_CURVE('',#1268,#1269,#600,.T.);
#1582=EDGE_CURVE('',#1270,#1268,#601,.T.);
#1583=EDGE_CURVE('',#1271,#1270,#602,.T.);
#1584=EDGE_CURVE('',#1271,#1269,#603,.T.);
#1585=EDGE_CURVE('',#1269,#1264,#604,.T.);
#1586=EDGE_CURVE('',#1272,#1271,#605,.T.);
#1587=EDGE_CURVE('',#1266,#1272,#606,.T.);
#1588=EDGE_CURVE('',#1272,#1273,#607,.T.);
#1589=EDGE_CURVE('',#1267,#1273,#608,.T.);
#1590=EDGE_CURVE('',#1261,#1274,#609,.T.);
#1591=EDGE_CURVE('',#1274,#1275,#610,.T.);
#1592=EDGE_CURVE('',#1275,#1276,#611,.T.);
#1593=EDGE_CURVE('',#1277,#1276,#612,.T.);
#1594=EDGE_CURVE('',#1277,#1278,#613,.T.);
#1595=EDGE_CURVE('',#1279,#1278,#614,.T.);
#1596=EDGE_CURVE('',#1280,#1279,#47,.T.);
#1597=EDGE_CURVE('',#1281,#1280,#615,.T.);
#1598=EDGE_CURVE('',#1281,#1270,#616,.T.);
#1599=EDGE_CURVE('',#1268,#1259,#617,.T.);
#1600=EDGE_CURVE('',#1176,#1265,#618,.T.);
#1601=EDGE_CURVE('',#1273,#1282,#619,.T.);
#1602=EDGE_CURVE('',#1283,#1282,#620,.T.);
#1603=EDGE_CURVE('',#1165,#1283,#621,.T.);
#1604=EDGE_CURVE('',#1281,#1284,#622,.T.);
#1605=EDGE_CURVE('',#1284,#1285,#16,.T.);
#1606=EDGE_CURVE('',#1285,#1278,#623,.T.);
#1607=EDGE_CURVE('',#1277,#1286,#624,.T.);
#1608=EDGE_CURVE('',#1286,#1287,#625,.T.);
#1609=EDGE_CURVE('',#1288,#1287,#626,.T.);
#1610=EDGE_CURVE('',#1167,#1288,#627,.T.);
#1611=EDGE_CURVE('',#1166,#1289,#628,.T.);
#1612=EDGE_CURVE('',#1289,#1272,#629,.T.);
#1613=EDGE_CURVE('',#1282,#1289,#630,.T.);
#1614=EDGE_CURVE('',#1283,#1166,#631,.T.);
#1615=EDGE_CURVE('',#1276,#1286,#632,.T.);
#1616=EDGE_CURVE('',#1275,#1287,#633,.T.);
#1617=EDGE_CURVE('',#1287,#1274,#634,.T.);
#1618=EDGE_CURVE('',#1285,#1279,#635,.T.);
#1619=EDGE_CURVE('',#1280,#1284,#636,.T.);
#1620=EDGE_CURVE('',#1202,#1290,#637,.T.);
#1621=EDGE_CURVE('',#1290,#1291,#638,.T.);
#1622=EDGE_CURVE('',#1203,#1291,#639,.T.);
#1623=EDGE_CURVE('',#1205,#1292,#640,.T.);
#1624=EDGE_CURVE('',#1292,#1290,#641,.T.);
#1625=EDGE_CURVE('',#1204,#1293,#642,.T.);
#1626=EDGE_CURVE('',#1293,#1292,#643,.T.);
#1627=EDGE_CURVE('',#1291,#1293,#644,.T.);
#1628=EDGE_CURVE('',#1206,#1294,#645,.T.);
#1629=EDGE_CURVE('',#1294,#1295,#646,.T.);
#1630=EDGE_CURVE('',#1207,#1295,#647,.T.);
#1631=EDGE_CURVE('',#1209,#1296,#648,.T.);
#1632=EDGE_CURVE('',#1296,#1294,#649,.T.);
#1633=EDGE_CURVE('',#1208,#1297,#650,.T.);
#1634=EDGE_CURVE('',#1297,#1296,#651,.T.);
#1635=EDGE_CURVE('',#1295,#1297,#652,.T.);
#1636=EDGE_CURVE('',#1210,#1298,#653,.T.);
#1637=EDGE_CURVE('',#1298,#1299,#654,.T.);
#1638=EDGE_CURVE('',#1211,#1299,#655,.T.);
#1639=EDGE_CURVE('',#1213,#1300,#656,.T.);
#1640=EDGE_CURVE('',#1300,#1298,#657,.T.);
#1641=EDGE_CURVE('',#1212,#1301,#658,.T.);
#1642=EDGE_CURVE('',#1301,#1300,#659,.T.);
#1643=EDGE_CURVE('',#1299,#1301,#660,.T.);
#1644=EDGE_CURVE('',#1214,#1302,#661,.T.);
#1645=EDGE_CURVE('',#1302,#1303,#662,.T.);
#1646=EDGE_CURVE('',#1215,#1303,#663,.T.);
#1647=EDGE_CURVE('',#1217,#1304,#664,.T.);
#1648=EDGE_CURVE('',#1304,#1302,#665,.T.);
#1649=EDGE_CURVE('',#1216,#1305,#666,.T.);
#1650=EDGE_CURVE('',#1305,#1304,#667,.T.);
#1651=EDGE_CURVE('',#1303,#1305,#668,.T.);
#1652=EDGE_CURVE('',#1218,#1306,#669,.T.);
#1653=EDGE_CURVE('',#1306,#1307,#670,.T.);
#1654=EDGE_CURVE('',#1219,#1307,#671,.T.);
#1655=EDGE_CURVE('',#1221,#1308,#672,.T.);
#1656=EDGE_CURVE('',#1308,#1306,#673,.T.);
#1657=EDGE_CURVE('',#1220,#1309,#674,.T.);
#1658=EDGE_CURVE('',#1309,#1308,#675,.T.);
#1659=EDGE_CURVE('',#1307,#1309,#676,.T.);
#1660=EDGE_CURVE('',#1222,#1310,#677,.T.);
#1661=EDGE_CURVE('',#1310,#1311,#678,.T.);
#1662=EDGE_CURVE('',#1223,#1311,#679,.T.);
#1663=EDGE_CURVE('',#1225,#1312,#680,.T.);
#1664=EDGE_CURVE('',#1312,#1310,#681,.T.);
#1665=EDGE_CURVE('',#1224,#1313,#682,.T.);
#1666=EDGE_CURVE('',#1313,#1312,#683,.T.);
#1667=EDGE_CURVE('',#1311,#1313,#684,.T.);
#1668=EDGE_CURVE('',#1226,#1314,#685,.T.);
#1669=EDGE_CURVE('',#1314,#1315,#686,.T.);
#1670=EDGE_CURVE('',#1227,#1315,#687,.T.);
#1671=EDGE_CURVE('',#1229,#1316,#688,.T.);
#1672=EDGE_CURVE('',#1316,#1314,#689,.T.);
#1673=EDGE_CURVE('',#1228,#1317,#690,.T.);
#1674=EDGE_CURVE('',#1317,#1316,#691,.T.);
#1675=EDGE_CURVE('',#1315,#1317,#692,.T.);
#1676=EDGE_CURVE('',#1230,#1318,#693,.T.);
#1677=EDGE_CURVE('',#1318,#1319,#694,.T.);
#1678=EDGE_CURVE('',#1231,#1319,#695,.T.);
#1679=EDGE_CURVE('',#1233,#1320,#696,.T.);
#1680=EDGE_CURVE('',#1320,#1318,#697,.T.);
#1681=EDGE_CURVE('',#1232,#1321,#698,.T.);
#1682=EDGE_CURVE('',#1321,#1320,#699,.T.);
#1683=EDGE_CURVE('',#1319,#1321,#700,.T.);
#1684=EDGE_CURVE('',#1234,#1322,#701,.T.);
#1685=EDGE_CURVE('',#1322,#1323,#702,.T.);
#1686=EDGE_CURVE('',#1235,#1323,#703,.T.);
#1687=EDGE_CURVE('',#1237,#1324,#704,.T.);
#1688=EDGE_CURVE('',#1324,#1322,#705,.T.);
#1689=EDGE_CURVE('',#1236,#1325,#706,.T.);
#1690=EDGE_CURVE('',#1325,#1324,#707,.T.);
#1691=EDGE_CURVE('',#1323,#1325,#708,.T.);
#1692=EDGE_CURVE('',#1238,#1326,#709,.T.);
#1693=EDGE_CURVE('',#1326,#1327,#710,.T.);
#1694=EDGE_CURVE('',#1239,#1327,#711,.T.);
#1695=EDGE_CURVE('',#1241,#1328,#712,.T.);
#1696=EDGE_CURVE('',#1328,#1326,#713,.T.);
#1697=EDGE_CURVE('',#1240,#1329,#714,.T.);
#1698=EDGE_CURVE('',#1329,#1328,#715,.T.);
#1699=EDGE_CURVE('',#1327,#1329,#716,.T.);
#1700=EDGE_CURVE('',#1330,#1330,#48,.T.);
#1701=EDGE_CURVE('',#1330,#1244,#717,.T.);
#1702=EDGE_CURVE('',#1331,#1331,#49,.T.);
#1703=EDGE_CURVE('',#1331,#1243,#718,.T.);
#1704=EDGE_CURVE('',#1332,#1332,#50,.T.);
#1705=EDGE_CURVE('',#1332,#1242,#719,.T.);
#1706=EDGE_CURVE('',#1250,#1170,#720,.T.);
#1707=EDGE_CURVE('',#1251,#1168,#721,.T.);
#1708=EDGE_CURVE('',#1333,#1251,#722,.T.);
#1709=EDGE_CURVE('',#1168,#1334,#723,.T.);
#1710=EDGE_CURVE('',#1333,#1334,#724,.T.);
#1711=EDGE_CURVE('',#1160,#1097,#725,.T.);
#1712=EDGE_CURVE('',#1124,#1288,#726,.T.);
#1713=EDGE_CURVE('',#1252,#1132,#727,.T.);
#1714=ORIENTED_EDGE('',*,*,#1335,.T.);
#1715=ORIENTED_EDGE('',*,*,#1336,.T.);
#1716=ORIENTED_EDGE('',*,*,#1337,.F.);
#1717=ORIENTED_EDGE('',*,*,#1338,.T.);
#1718=ORIENTED_EDGE('',*,*,#1339,.T.);
#1719=ORIENTED_EDGE('',*,*,#1340,.F.);
#1720=ORIENTED_EDGE('',*,*,#1341,.T.);
#1721=ORIENTED_EDGE('',*,*,#1340,.T.);
#1722=ORIENTED_EDGE('',*,*,#1342,.T.);
#1723=ORIENTED_EDGE('',*,*,#1343,.F.);
#1724=ORIENTED_EDGE('',*,*,#1344,.T.);
#1725=ORIENTED_EDGE('',*,*,#1345,.F.);
#1726=ORIENTED_EDGE('',*,*,#1346,.T.);
#1727=ORIENTED_EDGE('',*,*,#1347,.T.);
#1728=ORIENTED_EDGE('',*,*,#1348,.T.);
#1729=ORIENTED_EDGE('',*,*,#1349,.F.);
#1730=ORIENTED_EDGE('',*,*,#1350,.F.);
#1731=ORIENTED_EDGE('',*,*,#1351,.F.);
#1732=ORIENTED_EDGE('',*,*,#1336,.F.);
#1733=ORIENTED_EDGE('',*,*,#1352,.T.);
#1734=ORIENTED_EDGE('',*,*,#1343,.T.);
#1735=ORIENTED_EDGE('',*,*,#1353,.F.);
#1736=ORIENTED_EDGE('',*,*,#1354,.T.);
#1737=ORIENTED_EDGE('',*,*,#1355,.T.);
#1738=ORIENTED_EDGE('',*,*,#1356,.T.);
#1739=ORIENTED_EDGE('',*,*,#1357,.T.);
#1740=ORIENTED_EDGE('',*,*,#1345,.T.);
#1741=ORIENTED_EDGE('',*,*,#1358,.T.);
#1742=ORIENTED_EDGE('',*,*,#1359,.T.);
#1743=ORIENTED_EDGE('',*,*,#1360,.T.);
#1744=ORIENTED_EDGE('',*,*,#1349,.T.);
#1745=ORIENTED_EDGE('',*,*,#1361,.F.);
#1746=ORIENTED_EDGE('',*,*,#1362,.T.);
#1747=ORIENTED_EDGE('',*,*,#1363,.F.);
#1748=ORIENTED_EDGE('',*,*,#1364,.F.);
#1749=ORIENTED_EDGE('',*,*,#1365,.F.);
#1750=ORIENTED_EDGE('',*,*,#1364,.T.);
#1751=ORIENTED_EDGE('',*,*,#1366,.F.);
#1752=ORIENTED_EDGE('',*,*,#1367,.F.);
#1753=ORIENTED_EDGE('',*,*,#1368,.F.);
#1754=ORIENTED_EDGE('',*,*,#1367,.T.);
#1755=ORIENTED_EDGE('',*,*,#1369,.F.);
#1756=ORIENTED_EDGE('',*,*,#1370,.F.);
#1757=ORIENTED_EDGE('',*,*,#1371,.F.);
#1758=ORIENTED_EDGE('',*,*,#1370,.T.);
#1759=ORIENTED_EDGE('',*,*,#1372,.F.);
#1760=ORIENTED_EDGE('',*,*,#1373,.F.);
#1761=ORIENTED_EDGE('',*,*,#1374,.F.);
#1762=ORIENTED_EDGE('',*,*,#1375,.T.);
#1763=ORIENTED_EDGE('',*,*,#1376,.F.);
#1764=ORIENTED_EDGE('',*,*,#1362,.F.);
#1765=ORIENTED_EDGE('',*,*,#1372,.T.);
#1766=ORIENTED_EDGE('',*,*,#1369,.T.);
#1767=ORIENTED_EDGE('',*,*,#1366,.T.);
#1768=ORIENTED_EDGE('',*,*,#1363,.T.);
#1769=ORIENTED_EDGE('',*,*,#1376,.T.);
#1770=ORIENTED_EDGE('',*,*,#1377,.F.);
#1771=ORIENTED_EDGE('',*,*,#1378,.T.);
#1772=ORIENTED_EDGE('',*,*,#1379,.T.);
#1773=ORIENTED_EDGE('',*,*,#1380,.F.);
#1774=ORIENTED_EDGE('',*,*,#1381,.F.);
#1775=ORIENTED_EDGE('',*,*,#1371,.T.);
#1776=ORIENTED_EDGE('',*,*,#1382,.F.);
#1777=ORIENTED_EDGE('',*,*,#1383,.T.);
#1778=ORIENTED_EDGE('',*,*,#1384,.T.);
#1779=ORIENTED_EDGE('',*,*,#1385,.F.);
#1780=ORIENTED_EDGE('',*,*,#1386,.F.);
#1781=ORIENTED_EDGE('',*,*,#1374,.T.);
#1782=ORIENTED_EDGE('',*,*,#1361,.T.);
#1783=ORIENTED_EDGE('',*,*,#1365,.T.);
#1784=ORIENTED_EDGE('',*,*,#1368,.T.);
#1785=ORIENTED_EDGE('',*,*,#1387,.F.);
#1786=ORIENTED_EDGE('',*,*,#1380,.T.);
#1787=ORIENTED_EDGE('',*,*,#1388,.T.);
#1788=ORIENTED_EDGE('',*,*,#1383,.F.);
#1789=ORIENTED_EDGE('',*,*,#1379,.F.);
#1790=ORIENTED_EDGE('',*,*,#1389,.F.);
#1791=ORIENTED_EDGE('',*,*,#1384,.F.);
#1792=ORIENTED_EDGE('',*,*,#1388,.F.);
#1793=ORIENTED_EDGE('',*,*,#1386,.T.);
#1794=ORIENTED_EDGE('',*,*,#1390,.T.);
#1795=ORIENTED_EDGE('',*,*,#1391,.T.);
#1796=ORIENTED_EDGE('',*,*,#1392,.T.);
#1797=ORIENTED_EDGE('',*,*,#1393,.T.);
#1798=ORIENTED_EDGE('',*,*,#1394,.T.);
#1799=ORIENTED_EDGE('',*,*,#1395,.T.);
#1800=ORIENTED_EDGE('',*,*,#1396,.T.);
#1801=ORIENTED_EDGE('',*,*,#1397,.T.);
#1802=ORIENTED_EDGE('',*,*,#1398,.T.);
#1803=ORIENTED_EDGE('',*,*,#1399,.T.);
#1804=ORIENTED_EDGE('',*,*,#1377,.T.);
#1805=ORIENTED_EDGE('',*,*,#1375,.F.);
#1806=ORIENTED_EDGE('',*,*,#1373,.T.);
#1807=ORIENTED_EDGE('',*,*,#1381,.T.);
#1808=ORIENTED_EDGE('',*,*,#1387,.T.);
#1809=ORIENTED_EDGE('',*,*,#1382,.T.);
#1810=ORIENTED_EDGE('',*,*,#1400,.T.);
#1811=ORIENTED_EDGE('',*,*,#1401,.T.);
#1812=ORIENTED_EDGE('',*,*,#1402,.T.);
#1813=ORIENTED_EDGE('',*,*,#1403,.F.);
#1814=ORIENTED_EDGE('',*,*,#1404,.F.);
#1815=ORIENTED_EDGE('',*,*,#1405,.T.);
#1816=ORIENTED_EDGE('',*,*,#1406,.F.);
#1817=ORIENTED_EDGE('',*,*,#1407,.F.);
#1818=ORIENTED_EDGE('',*,*,#1408,.F.);
#1819=ORIENTED_EDGE('',*,*,#1409,.T.);
#1820=ORIENTED_EDGE('',*,*,#1410,.F.);
#1821=ORIENTED_EDGE('',*,*,#1405,.F.);
#1822=ORIENTED_EDGE('',*,*,#1411,.F.);
#1823=ORIENTED_EDGE('',*,*,#1412,.T.);
#1824=ORIENTED_EDGE('',*,*,#1413,.F.);
#1825=ORIENTED_EDGE('',*,*,#1409,.F.);
#1826=ORIENTED_EDGE('',*,*,#1414,.F.);
#1827=ORIENTED_EDGE('',*,*,#1403,.T.);
#1828=ORIENTED_EDGE('',*,*,#1415,.F.);
#1829=ORIENTED_EDGE('',*,*,#1412,.F.);
#1830=ORIENTED_EDGE('',*,*,#1416,.F.);
#1831=ORIENTED_EDGE('',*,*,#1407,.T.);
#1832=ORIENTED_EDGE('',*,*,#1417,.F.);
#1833=ORIENTED_EDGE('',*,*,#1394,.F.);
#1834=ORIENTED_EDGE('',*,*,#1414,.T.);
#1835=ORIENTED_EDGE('',*,*,#1411,.T.);
#1836=ORIENTED_EDGE('',*,*,#1408,.T.);
#1837=ORIENTED_EDGE('',*,*,#1404,.T.);
#1838=ORIENTED_EDGE('',*,*,#1416,.T.);
#1839=ORIENTED_EDGE('',*,*,#1393,.F.);
#1840=ORIENTED_EDGE('',*,*,#1418,.T.);
#1841=ORIENTED_EDGE('',*,*,#1419,.F.);
#1842=ORIENTED_EDGE('',*,*,#1420,.F.);
#1843=ORIENTED_EDGE('',*,*,#1400,.F.);
#1844=ORIENTED_EDGE('',*,*,#1401,.F.);
#1845=ORIENTED_EDGE('',*,*,#1420,.T.);
#1846=ORIENTED_EDGE('',*,*,#1421,.F.);
#1847=ORIENTED_EDGE('',*,*,#1422,.F.);
#1848=ORIENTED_EDGE('',*,*,#1415,.T.);
#1849=ORIENTED_EDGE('',*,*,#1402,.F.);
#1850=ORIENTED_EDGE('',*,*,#1422,.T.);
#1851=ORIENTED_EDGE('',*,*,#1423,.F.);
#1852=ORIENTED_EDGE('',*,*,#1424,.F.);
#1853=ORIENTED_EDGE('',*,*,#1395,.F.);
#1854=ORIENTED_EDGE('',*,*,#1417,.T.);
#1855=ORIENTED_EDGE('',*,*,#1406,.T.);
#1856=ORIENTED_EDGE('',*,*,#1410,.T.);
#1857=ORIENTED_EDGE('',*,*,#1413,.T.);
#1858=ORIENTED_EDGE('',*,*,#1423,.T.);
#1859=ORIENTED_EDGE('',*,*,#1421,.T.);
#1860=ORIENTED_EDGE('',*,*,#1419,.T.);
#1861=ORIENTED_EDGE('',*,*,#1425,.T.);
#1862=ORIENTED_EDGE('',*,*,#1426,.F.);
#1863=ORIENTED_EDGE('',*,*,#1427,.F.);
#1864=ORIENTED_EDGE('',*,*,#1428,.F.);
#1865=ORIENTED_EDGE('',*,*,#1429,.F.);
#1866=ORIENTED_EDGE('',*,*,#1430,.F.);
#1867=ORIENTED_EDGE('',*,*,#1431,.F.);
#1868=ORIENTED_EDGE('',*,*,#1432,.F.);
#1869=ORIENTED_EDGE('',*,*,#1433,.F.);
#1870=ORIENTED_EDGE('',*,*,#1434,.F.);
#1871=ORIENTED_EDGE('',*,*,#1396,.F.);
#1872=ORIENTED_EDGE('',*,*,#1424,.T.);
#1873=ORIENTED_EDGE('',*,*,#1425,.F.);
#1874=ORIENTED_EDGE('',*,*,#1418,.F.);
#1875=ORIENTED_EDGE('',*,*,#1392,.F.);
#1876=ORIENTED_EDGE('',*,*,#1435,.F.);
#1877=ORIENTED_EDGE('',*,*,#1436,.F.);
#1878=ORIENTED_EDGE('',*,*,#1437,.F.);
#1879=ORIENTED_EDGE('',*,*,#1338,.F.);
#1880=ORIENTED_EDGE('',*,*,#1438,.F.);
#1881=ORIENTED_EDGE('',*,*,#1439,.F.);
#1882=ORIENTED_EDGE('',*,*,#1434,.T.);
#1883=ORIENTED_EDGE('',*,*,#1440,.T.);
#1884=ORIENTED_EDGE('',*,*,#1441,.F.);
#1885=ORIENTED_EDGE('',*,*,#1442,.F.);
#1886=ORIENTED_EDGE('',*,*,#1443,.F.);
#1887=ORIENTED_EDGE('',*,*,#1444,.F.);
#1888=ORIENTED_EDGE('',*,*,#1445,.F.);
#1889=ORIENTED_EDGE('',*,*,#1446,.F.);
#1890=ORIENTED_EDGE('',*,*,#1447,.F.);
#1891=ORIENTED_EDGE('',*,*,#1448,.F.);
#1892=ORIENTED_EDGE('',*,*,#1449,.T.);
#1893=ORIENTED_EDGE('',*,*,#1450,.T.);
#1894=ORIENTED_EDGE('',*,*,#1451,.F.);
#1895=ORIENTED_EDGE('',*,*,#1397,.F.);
#1896=ORIENTED_EDGE('',*,*,#1452,.T.);
#1897=ORIENTED_EDGE('',*,*,#1453,.T.);
#1898=ORIENTED_EDGE('',*,*,#1433,.T.);
#1899=ORIENTED_EDGE('',*,*,#1454,.T.);
#1900=ORIENTED_EDGE('',*,*,#1455,.T.);
#1901=ORIENTED_EDGE('',*,*,#1440,.F.);
#1902=ORIENTED_EDGE('',*,*,#1432,.T.);
#1903=ORIENTED_EDGE('',*,*,#1456,.T.);
#1904=ORIENTED_EDGE('',*,*,#1346,.F.);
#1905=ORIENTED_EDGE('',*,*,#1357,.F.);
#1906=ORIENTED_EDGE('',*,*,#1457,.F.);
#1907=ORIENTED_EDGE('',*,*,#1458,.T.);
#1908=ORIENTED_EDGE('',*,*,#1459,.F.);
#1909=ORIENTED_EDGE('',*,*,#1460,.T.);
#1910=ORIENTED_EDGE('',*,*,#1461,.F.);
#1911=ORIENTED_EDGE('',*,*,#1462,.T.);
#1912=ORIENTED_EDGE('',*,*,#1454,.F.);
#1913=ORIENTED_EDGE('',*,*,#1463,.T.);
#1914=ORIENTED_EDGE('',*,*,#1464,.T.);
#1915=ORIENTED_EDGE('',*,*,#1465,.T.);
#1916=ORIENTED_EDGE('',*,*,#1347,.F.);
#1917=ORIENTED_EDGE('',*,*,#1456,.F.);
#1918=ORIENTED_EDGE('',*,*,#1431,.T.);
#1919=ORIENTED_EDGE('',*,*,#1466,.T.);
#1920=ORIENTED_EDGE('',*,*,#1467,.T.);
#1921=ORIENTED_EDGE('',*,*,#1430,.T.);
#1922=ORIENTED_EDGE('',*,*,#1468,.F.);
#1923=ORIENTED_EDGE('',*,*,#1469,.T.);
#1924=ORIENTED_EDGE('',*,*,#1466,.F.);
#1925=ORIENTED_EDGE('',*,*,#1429,.T.);
#1926=ORIENTED_EDGE('',*,*,#1470,.T.);
#1927=ORIENTED_EDGE('',*,*,#1471,.T.);
#1928=ORIENTED_EDGE('',*,*,#1472,.T.);
#1929=ORIENTED_EDGE('',*,*,#1473,.T.);
#1930=ORIENTED_EDGE('',*,*,#1468,.T.);
#1931=ORIENTED_EDGE('',*,*,#1428,.T.);
#1932=ORIENTED_EDGE('',*,*,#1474,.F.);
#1933=ORIENTED_EDGE('',*,*,#1475,.T.);
#1934=ORIENTED_EDGE('',*,*,#1470,.F.);
#1935=ORIENTED_EDGE('',*,*,#1427,.T.);
#1936=ORIENTED_EDGE('',*,*,#1476,.F.);
#1937=ORIENTED_EDGE('',*,*,#1477,.T.);
#1938=ORIENTED_EDGE('',*,*,#1478,.T.);
#1939=ORIENTED_EDGE('',*,*,#1479,.F.);
#1940=ORIENTED_EDGE('',*,*,#1480,.T.);
#1941=ORIENTED_EDGE('',*,*,#1481,.T.);
#1942=ORIENTED_EDGE('',*,*,#1474,.T.);
#1943=ORIENTED_EDGE('',*,*,#1482,.T.);
#1944=ORIENTED_EDGE('',*,*,#1483,.T.);
#1945=ORIENTED_EDGE('',*,*,#1484,.T.);
#1946=ORIENTED_EDGE('',*,*,#1485,.T.);
#1947=ORIENTED_EDGE('',*,*,#1482,.F.);
#1948=ORIENTED_EDGE('',*,*,#1486,.T.);
#1949=ORIENTED_EDGE('',*,*,#1471,.F.);
#1950=ORIENTED_EDGE('',*,*,#1475,.F.);
#1951=ORIENTED_EDGE('',*,*,#1481,.F.);
#1952=ORIENTED_EDGE('',*,*,#1487,.T.);
#1953=ORIENTED_EDGE('',*,*,#1485,.F.);
#1954=ORIENTED_EDGE('',*,*,#1488,.F.);
#1955=ORIENTED_EDGE('',*,*,#1489,.F.);
#1956=ORIENTED_EDGE('',*,*,#1472,.F.);
#1957=ORIENTED_EDGE('',*,*,#1486,.F.);
#1958=ORIENTED_EDGE('',*,*,#1483,.F.);
#1959=ORIENTED_EDGE('',*,*,#1487,.F.);
#1960=ORIENTED_EDGE('',*,*,#1480,.F.);
#1961=ORIENTED_EDGE('',*,*,#1490,.F.);
#1962=ORIENTED_EDGE('',*,*,#1489,.T.);
#1963=ORIENTED_EDGE('',*,*,#1491,.T.);
#1964=ORIENTED_EDGE('',*,*,#1355,.F.);
#1965=ORIENTED_EDGE('',*,*,#1344,.F.);
#1966=ORIENTED_EDGE('',*,*,#1465,.F.);
#1967=ORIENTED_EDGE('',*,*,#1492,.F.);
#1968=ORIENTED_EDGE('',*,*,#1488,.T.);
#1969=ORIENTED_EDGE('',*,*,#1484,.F.);
#1970=ORIENTED_EDGE('',*,*,#1490,.T.);
#1971=ORIENTED_EDGE('',*,*,#1479,.T.);
#1972=ORIENTED_EDGE('',*,*,#1493,.F.);
#1973=ORIENTED_EDGE('',*,*,#1494,.F.);
#1974=ORIENTED_EDGE('',*,*,#1495,.F.);
#1975=ORIENTED_EDGE('',*,*,#1359,.F.);
#1976=ORIENTED_EDGE('',*,*,#1496,.T.);
#1977=ORIENTED_EDGE('',*,*,#1354,.F.);
#1978=ORIENTED_EDGE('',*,*,#1497,.T.);
#1979=ORIENTED_EDGE('',*,*,#1498,.T.);
#1980=ORIENTED_EDGE('',*,*,#1457,.T.);
#1981=ORIENTED_EDGE('',*,*,#1356,.F.);
#1982=ORIENTED_EDGE('',*,*,#1491,.F.);
#1983=ORIENTED_EDGE('',*,*,#1499,.T.);
#1984=ORIENTED_EDGE('',*,*,#1500,.T.);
#1985=ORIENTED_EDGE('',*,*,#1501,.T.);
#1986=ORIENTED_EDGE('',*,*,#1502,.T.);
#1987=ORIENTED_EDGE('',*,*,#1503,.T.);
#1988=ORIENTED_EDGE('',*,*,#1504,.T.);
#1989=ORIENTED_EDGE('',*,*,#1505,.T.);
#1990=ORIENTED_EDGE('',*,*,#1506,.T.);
#1991=ORIENTED_EDGE('',*,*,#1507,.T.);
#1992=ORIENTED_EDGE('',*,*,#1508,.T.);
#1993=ORIENTED_EDGE('',*,*,#1509,.T.);
#1994=ORIENTED_EDGE('',*,*,#1510,.T.);
#1995=ORIENTED_EDGE('',*,*,#1511,.T.);
#1996=ORIENTED_EDGE('',*,*,#1512,.T.);
#1997=ORIENTED_EDGE('',*,*,#1513,.T.);
#1998=ORIENTED_EDGE('',*,*,#1514,.T.);
#1999=ORIENTED_EDGE('',*,*,#1515,.T.);
#2000=ORIENTED_EDGE('',*,*,#1516,.T.);
#2001=ORIENTED_EDGE('',*,*,#1517,.T.);
#2002=ORIENTED_EDGE('',*,*,#1518,.T.);
#2003=ORIENTED_EDGE('',*,*,#1519,.T.);
#2004=ORIENTED_EDGE('',*,*,#1520,.T.);
#2005=ORIENTED_EDGE('',*,*,#1521,.T.);
#2006=ORIENTED_EDGE('',*,*,#1522,.T.);
#2007=ORIENTED_EDGE('',*,*,#1523,.T.);
#2008=ORIENTED_EDGE('',*,*,#1524,.T.);
#2009=ORIENTED_EDGE('',*,*,#1525,.T.);
#2010=ORIENTED_EDGE('',*,*,#1526,.T.);
#2011=ORIENTED_EDGE('',*,*,#1527,.T.);
#2012=ORIENTED_EDGE('',*,*,#1528,.T.);
#2013=ORIENTED_EDGE('',*,*,#1529,.T.);
#2014=ORIENTED_EDGE('',*,*,#1530,.T.);
#2015=ORIENTED_EDGE('',*,*,#1531,.T.);
#2016=ORIENTED_EDGE('',*,*,#1532,.T.);
#2017=ORIENTED_EDGE('',*,*,#1533,.T.);
#2018=ORIENTED_EDGE('',*,*,#1534,.T.);
#2019=ORIENTED_EDGE('',*,*,#1535,.T.);
#2020=ORIENTED_EDGE('',*,*,#1536,.T.);
#2021=ORIENTED_EDGE('',*,*,#1537,.T.);
#2022=ORIENTED_EDGE('',*,*,#1538,.T.);
#2023=ORIENTED_EDGE('',*,*,#1539,.F.);
#2024=ORIENTED_EDGE('',*,*,#1540,.F.);
#2025=ORIENTED_EDGE('',*,*,#1541,.F.);
#2026=ORIENTED_EDGE('',*,*,#1542,.F.);
#2027=ORIENTED_EDGE('',*,*,#1543,.T.);
#2028=ORIENTED_EDGE('',*,*,#1493,.T.);
#2029=ORIENTED_EDGE('',*,*,#1478,.F.);
#2030=ORIENTED_EDGE('',*,*,#1544,.F.);
#2031=ORIENTED_EDGE('',*,*,#1545,.T.);
#2032=ORIENTED_EDGE('',*,*,#1494,.T.);
#2033=ORIENTED_EDGE('',*,*,#1543,.F.);
#2034=ORIENTED_EDGE('',*,*,#1546,.F.);
#2035=ORIENTED_EDGE('',*,*,#1547,.F.);
#2036=ORIENTED_EDGE('',*,*,#1360,.F.);
#2037=ORIENTED_EDGE('',*,*,#1495,.T.);
#2038=ORIENTED_EDGE('',*,*,#1545,.F.);
#2039=ORIENTED_EDGE('',*,*,#1358,.F.);
#2040=ORIENTED_EDGE('',*,*,#1348,.F.);
#2041=ORIENTED_EDGE('',*,*,#1335,.F.);
#2042=ORIENTED_EDGE('',*,*,#1341,.F.);
#2043=ORIENTED_EDGE('',*,*,#1352,.F.);
#2044=ORIENTED_EDGE('',*,*,#1496,.F.);
#2045=ORIENTED_EDGE('',*,*,#1542,.T.);
#2046=ORIENTED_EDGE('',*,*,#1477,.F.);
#2047=ORIENTED_EDGE('',*,*,#1548,.F.);
#2048=ORIENTED_EDGE('',*,*,#1549,.F.);
#2049=ORIENTED_EDGE('',*,*,#1546,.T.);
#2050=ORIENTED_EDGE('',*,*,#1544,.T.);
#2051=ORIENTED_EDGE('',*,*,#1426,.T.);
#2052=ORIENTED_EDGE('',*,*,#1550,.F.);
#2053=ORIENTED_EDGE('',*,*,#1548,.T.);
#2054=ORIENTED_EDGE('',*,*,#1476,.T.);
#2055=ORIENTED_EDGE('',*,*,#1464,.F.);
#2056=ORIENTED_EDGE('',*,*,#1551,.T.);
#2057=ORIENTED_EDGE('',*,*,#1453,.F.);
#2058=ORIENTED_EDGE('',*,*,#1551,.F.);
#2059=ORIENTED_EDGE('',*,*,#1552,.T.);
#2060=ORIENTED_EDGE('',*,*,#1553,.T.);
#2061=ORIENTED_EDGE('',*,*,#1554,.F.);
#2062=ORIENTED_EDGE('',*,*,#1555,.T.);
#2063=ORIENTED_EDGE('',*,*,#1556,.T.);
#2064=ORIENTED_EDGE('',*,*,#1557,.T.);
#2065=ORIENTED_EDGE('',*,*,#1558,.T.);
#2066=ORIENTED_EDGE('',*,*,#1559,.T.);
#2067=ORIENTED_EDGE('',*,*,#1437,.T.);
#2068=ORIENTED_EDGE('',*,*,#1560,.T.);
#2069=ORIENTED_EDGE('',*,*,#1561,.F.);
#2070=ORIENTED_EDGE('',*,*,#1556,.F.);
#2071=ORIENTED_EDGE('',*,*,#1562,.F.);
#2072=ORIENTED_EDGE('',*,*,#1563,.F.);
#2073=ORIENTED_EDGE('',*,*,#1564,.F.);
#2074=ORIENTED_EDGE('',*,*,#1497,.F.);
#2075=ORIENTED_EDGE('',*,*,#1353,.T.);
#2076=ORIENTED_EDGE('',*,*,#1342,.F.);
#2077=ORIENTED_EDGE('',*,*,#1339,.F.);
#2078=ORIENTED_EDGE('',*,*,#1565,.F.);
#2079=ORIENTED_EDGE('',*,*,#1559,.F.);
#2080=ORIENTED_EDGE('',*,*,#1566,.F.);
#2081=ORIENTED_EDGE('',*,*,#1567,.F.);
#2082=ORIENTED_EDGE('',*,*,#1562,.T.);
#2083=ORIENTED_EDGE('',*,*,#1565,.T.);
#2084=ORIENTED_EDGE('',*,*,#1568,.T.);
#2085=ORIENTED_EDGE('',*,*,#1569,.T.);
#2086=ORIENTED_EDGE('',*,*,#1568,.F.);
#2087=ORIENTED_EDGE('',*,*,#1557,.F.);
#2088=ORIENTED_EDGE('',*,*,#1561,.T.);
#2089=ORIENTED_EDGE('',*,*,#1570,.F.);
#2090=ORIENTED_EDGE('',*,*,#1571,.F.);
#2091=ORIENTED_EDGE('',*,*,#1436,.T.);
#2092=ORIENTED_EDGE('',*,*,#1572,.T.);
#2093=ORIENTED_EDGE('',*,*,#1570,.T.);
#2094=ORIENTED_EDGE('',*,*,#1560,.F.);
#2095=ORIENTED_EDGE('',*,*,#1461,.T.);
#2096=ORIENTED_EDGE('',*,*,#1573,.T.);
#2097=ORIENTED_EDGE('',*,*,#1442,.T.);
#2098=ORIENTED_EDGE('',*,*,#1574,.T.);
#2099=ORIENTED_EDGE('',*,*,#1573,.F.);
#2100=ORIENTED_EDGE('',*,*,#1460,.F.);
#2101=ORIENTED_EDGE('',*,*,#1575,.F.);
#2102=ORIENTED_EDGE('',*,*,#1443,.T.);
#2103=ORIENTED_EDGE('',*,*,#1463,.F.);
#2104=ORIENTED_EDGE('',*,*,#1576,.T.);
#2105=ORIENTED_EDGE('',*,*,#1452,.F.);
#2106=ORIENTED_EDGE('',*,*,#1576,.F.);
#2107=ORIENTED_EDGE('',*,*,#1574,.F.);
#2108=ORIENTED_EDGE('',*,*,#1441,.T.);
#2109=ORIENTED_EDGE('',*,*,#1455,.F.);
#2110=ORIENTED_EDGE('',*,*,#1462,.F.);
#2111=ORIENTED_EDGE('',*,*,#1577,.F.);
#2112=ORIENTED_EDGE('',*,*,#1578,.F.);
#2113=ORIENTED_EDGE('',*,*,#1579,.F.);
#2114=ORIENTED_EDGE('',*,*,#1580,.F.);
#2115=ORIENTED_EDGE('',*,*,#1581,.F.);
#2116=ORIENTED_EDGE('',*,*,#1582,.F.);
#2117=ORIENTED_EDGE('',*,*,#1583,.F.);
#2118=ORIENTED_EDGE('',*,*,#1584,.T.);
#2119=ORIENTED_EDGE('',*,*,#1585,.F.);
#2120=ORIENTED_EDGE('',*,*,#1584,.F.);
#2121=ORIENTED_EDGE('',*,*,#1586,.F.);
#2122=ORIENTED_EDGE('',*,*,#1587,.F.);
#2123=ORIENTED_EDGE('',*,*,#1578,.T.);
#2124=ORIENTED_EDGE('',*,*,#1588,.T.);
#2125=ORIENTED_EDGE('',*,*,#1589,.F.);
#2126=ORIENTED_EDGE('',*,*,#1579,.T.);
#2127=ORIENTED_EDGE('',*,*,#1587,.T.);
#2128=ORIENTED_EDGE('',*,*,#1567,.T.);
#2129=ORIENTED_EDGE('',*,*,#1590,.T.);
#2130=ORIENTED_EDGE('',*,*,#1591,.T.);
#2131=ORIENTED_EDGE('',*,*,#1592,.T.);
#2132=ORIENTED_EDGE('',*,*,#1593,.F.);
#2133=ORIENTED_EDGE('',*,*,#1594,.T.);
#2134=ORIENTED_EDGE('',*,*,#1595,.F.);
#2135=ORIENTED_EDGE('',*,*,#1596,.F.);
#2136=ORIENTED_EDGE('',*,*,#1597,.F.);
#2137=ORIENTED_EDGE('',*,*,#1598,.T.);
#2138=ORIENTED_EDGE('',*,*,#1582,.T.);
#2139=ORIENTED_EDGE('',*,*,#1599,.T.);
#2140=ORIENTED_EDGE('',*,*,#1563,.T.);
#2141=ORIENTED_EDGE('',*,*,#1575,.T.);
#2142=ORIENTED_EDGE('',*,*,#1459,.T.);
#2143=ORIENTED_EDGE('',*,*,#1600,.T.);
#2144=ORIENTED_EDGE('',*,*,#1580,.T.);
#2145=ORIENTED_EDGE('',*,*,#1589,.T.);
#2146=ORIENTED_EDGE('',*,*,#1601,.T.);
#2147=ORIENTED_EDGE('',*,*,#1602,.F.);
#2148=ORIENTED_EDGE('',*,*,#1603,.F.);
#2149=ORIENTED_EDGE('',*,*,#1444,.T.);
#2150=ORIENTED_EDGE('',*,*,#1586,.T.);
#2151=ORIENTED_EDGE('',*,*,#1583,.T.);
#2152=ORIENTED_EDGE('',*,*,#1598,.F.);
#2153=ORIENTED_EDGE('',*,*,#1604,.T.);
#2154=ORIENTED_EDGE('',*,*,#1605,.T.);
#2155=ORIENTED_EDGE('',*,*,#1606,.T.);
#2156=ORIENTED_EDGE('',*,*,#1594,.F.);
#2157=ORIENTED_EDGE('',*,*,#1607,.T.);
#2158=ORIENTED_EDGE('',*,*,#1608,.T.);
#2159=ORIENTED_EDGE('',*,*,#1609,.F.);
#2160=ORIENTED_EDGE('',*,*,#1610,.F.);
#2161=ORIENTED_EDGE('',*,*,#1446,.T.);
#2162=ORIENTED_EDGE('',*,*,#1611,.T.);
#2163=ORIENTED_EDGE('',*,*,#1612,.T.);
#2164=ORIENTED_EDGE('',*,*,#1612,.F.);
#2165=ORIENTED_EDGE('',*,*,#1613,.F.);
#2166=ORIENTED_EDGE('',*,*,#1601,.F.);
#2167=ORIENTED_EDGE('',*,*,#1588,.F.);
#2168=ORIENTED_EDGE('',*,*,#1611,.F.);
#2169=ORIENTED_EDGE('',*,*,#1614,.F.);
#2170=ORIENTED_EDGE('',*,*,#1602,.T.);
#2171=ORIENTED_EDGE('',*,*,#1613,.T.);
#2172=ORIENTED_EDGE('',*,*,#1603,.T.);
#2173=ORIENTED_EDGE('',*,*,#1614,.T.);
#2174=ORIENTED_EDGE('',*,*,#1445,.T.);
#2175=ORIENTED_EDGE('',*,*,#1607,.F.);
#2176=ORIENTED_EDGE('',*,*,#1593,.T.);
#2177=ORIENTED_EDGE('',*,*,#1615,.T.);
#2178=ORIENTED_EDGE('',*,*,#1608,.F.);
#2179=ORIENTED_EDGE('',*,*,#1615,.F.);
#2180=ORIENTED_EDGE('',*,*,#1592,.F.);
#2181=ORIENTED_EDGE('',*,*,#1616,.T.);
#2182=ORIENTED_EDGE('',*,*,#1591,.F.);
#2183=ORIENTED_EDGE('',*,*,#1617,.F.);
#2184=ORIENTED_EDGE('',*,*,#1616,.F.);
#2185=ORIENTED_EDGE('',*,*,#1606,.F.);
#2186=ORIENTED_EDGE('',*,*,#1618,.T.);
#2187=ORIENTED_EDGE('',*,*,#1595,.T.);
#2188=ORIENTED_EDGE('',*,*,#1605,.F.);
#2189=ORIENTED_EDGE('',*,*,#1619,.F.);
#2190=ORIENTED_EDGE('',*,*,#1596,.T.);
#2191=ORIENTED_EDGE('',*,*,#1618,.F.);
#2192=ORIENTED_EDGE('',*,*,#1604,.F.);
#2193=ORIENTED_EDGE('',*,*,#1597,.T.);
#2194=ORIENTED_EDGE('',*,*,#1619,.T.);
#2195=ORIENTED_EDGE('',*,*,#1499,.F.);
#2196=ORIENTED_EDGE('',*,*,#1620,.T.);
#2197=ORIENTED_EDGE('',*,*,#1621,.T.);
#2198=ORIENTED_EDGE('',*,*,#1622,.F.);
#2199=ORIENTED_EDGE('',*,*,#1502,.F.);
#2200=ORIENTED_EDGE('',*,*,#1623,.T.);
#2201=ORIENTED_EDGE('',*,*,#1624,.T.);
#2202=ORIENTED_EDGE('',*,*,#1620,.F.);
#2203=ORIENTED_EDGE('',*,*,#1501,.F.);
#2204=ORIENTED_EDGE('',*,*,#1625,.T.);
#2205=ORIENTED_EDGE('',*,*,#1626,.T.);
#2206=ORIENTED_EDGE('',*,*,#1623,.F.);
#2207=ORIENTED_EDGE('',*,*,#1500,.F.);
#2208=ORIENTED_EDGE('',*,*,#1622,.T.);
#2209=ORIENTED_EDGE('',*,*,#1627,.T.);
#2210=ORIENTED_EDGE('',*,*,#1625,.F.);
#2211=ORIENTED_EDGE('',*,*,#1627,.F.);
#2212=ORIENTED_EDGE('',*,*,#1621,.F.);
#2213=ORIENTED_EDGE('',*,*,#1624,.F.);
#2214=ORIENTED_EDGE('',*,*,#1626,.F.);
#2215=ORIENTED_EDGE('',*,*,#1503,.F.);
#2216=ORIENTED_EDGE('',*,*,#1628,.T.);
#2217=ORIENTED_EDGE('',*,*,#1629,.T.);
#2218=ORIENTED_EDGE('',*,*,#1630,.F.);
#2219=ORIENTED_EDGE('',*,*,#1506,.F.);
#2220=ORIENTED_EDGE('',*,*,#1631,.T.);
#2221=ORIENTED_EDGE('',*,*,#1632,.T.);
#2222=ORIENTED_EDGE('',*,*,#1628,.F.);
#2223=ORIENTED_EDGE('',*,*,#1505,.F.);
#2224=ORIENTED_EDGE('',*,*,#1633,.T.);
#2225=ORIENTED_EDGE('',*,*,#1634,.T.);
#2226=ORIENTED_EDGE('',*,*,#1631,.F.);
#2227=ORIENTED_EDGE('',*,*,#1504,.F.);
#2228=ORIENTED_EDGE('',*,*,#1630,.T.);
#2229=ORIENTED_EDGE('',*,*,#1635,.T.);
#2230=ORIENTED_EDGE('',*,*,#1633,.F.);
#2231=ORIENTED_EDGE('',*,*,#1635,.F.);
#2232=ORIENTED_EDGE('',*,*,#1629,.F.);
#2233=ORIENTED_EDGE('',*,*,#1632,.F.);
#2234=ORIENTED_EDGE('',*,*,#1634,.F.);
#2235=ORIENTED_EDGE('',*,*,#1507,.F.);
#2236=ORIENTED_EDGE('',*,*,#1636,.T.);
#2237=ORIENTED_EDGE('',*,*,#1637,.T.);
#2238=ORIENTED_EDGE('',*,*,#1638,.F.);
#2239=ORIENTED_EDGE('',*,*,#1510,.F.);
#2240=ORIENTED_EDGE('',*,*,#1639,.T.);
#2241=ORIENTED_EDGE('',*,*,#1640,.T.);
#2242=ORIENTED_EDGE('',*,*,#1636,.F.);
#2243=ORIENTED_EDGE('',*,*,#1509,.F.);
#2244=ORIENTED_EDGE('',*,*,#1641,.T.);
#2245=ORIENTED_EDGE('',*,*,#1642,.T.);
#2246=ORIENTED_EDGE('',*,*,#1639,.F.);
#2247=ORIENTED_EDGE('',*,*,#1508,.F.);
#2248=ORIENTED_EDGE('',*,*,#1638,.T.);
#2249=ORIENTED_EDGE('',*,*,#1643,.T.);
#2250=ORIENTED_EDGE('',*,*,#1641,.F.);
#2251=ORIENTED_EDGE('',*,*,#1643,.F.);
#2252=ORIENTED_EDGE('',*,*,#1637,.F.);
#2253=ORIENTED_EDGE('',*,*,#1640,.F.);
#2254=ORIENTED_EDGE('',*,*,#1642,.F.);
#2255=ORIENTED_EDGE('',*,*,#1511,.F.);
#2256=ORIENTED_EDGE('',*,*,#1644,.T.);
#2257=ORIENTED_EDGE('',*,*,#1645,.T.);
#2258=ORIENTED_EDGE('',*,*,#1646,.F.);
#2259=ORIENTED_EDGE('',*,*,#1514,.F.);
#2260=ORIENTED_EDGE('',*,*,#1647,.T.);
#2261=ORIENTED_EDGE('',*,*,#1648,.T.);
#2262=ORIENTED_EDGE('',*,*,#1644,.F.);
#2263=ORIENTED_EDGE('',*,*,#1513,.F.);
#2264=ORIENTED_EDGE('',*,*,#1649,.T.);
#2265=ORIENTED_EDGE('',*,*,#1650,.T.);
#2266=ORIENTED_EDGE('',*,*,#1647,.F.);
#2267=ORIENTED_EDGE('',*,*,#1512,.F.);
#2268=ORIENTED_EDGE('',*,*,#1646,.T.);
#2269=ORIENTED_EDGE('',*,*,#1651,.T.);
#2270=ORIENTED_EDGE('',*,*,#1649,.F.);
#2271=ORIENTED_EDGE('',*,*,#1651,.F.);
#2272=ORIENTED_EDGE('',*,*,#1645,.F.);
#2273=ORIENTED_EDGE('',*,*,#1648,.F.);
#2274=ORIENTED_EDGE('',*,*,#1650,.F.);
#2275=ORIENTED_EDGE('',*,*,#1515,.F.);
#2276=ORIENTED_EDGE('',*,*,#1652,.T.);
#2277=ORIENTED_EDGE('',*,*,#1653,.T.);
#2278=ORIENTED_EDGE('',*,*,#1654,.F.);
#2279=ORIENTED_EDGE('',*,*,#1518,.F.);
#2280=ORIENTED_EDGE('',*,*,#1655,.T.);
#2281=ORIENTED_EDGE('',*,*,#1656,.T.);
#2282=ORIENTED_EDGE('',*,*,#1652,.F.);
#2283=ORIENTED_EDGE('',*,*,#1517,.F.);
#2284=ORIENTED_EDGE('',*,*,#1657,.T.);
#2285=ORIENTED_EDGE('',*,*,#1658,.T.);
#2286=ORIENTED_EDGE('',*,*,#1655,.F.);
#2287=ORIENTED_EDGE('',*,*,#1516,.F.);
#2288=ORIENTED_EDGE('',*,*,#1654,.T.);
#2289=ORIENTED_EDGE('',*,*,#1659,.T.);
#2290=ORIENTED_EDGE('',*,*,#1657,.F.);
#2291=ORIENTED_EDGE('',*,*,#1659,.F.);
#2292=ORIENTED_EDGE('',*,*,#1653,.F.);
#2293=ORIENTED_EDGE('',*,*,#1656,.F.);
#2294=ORIENTED_EDGE('',*,*,#1658,.F.);
#2295=ORIENTED_EDGE('',*,*,#1519,.F.);
#2296=ORIENTED_EDGE('',*,*,#1660,.T.);
#2297=ORIENTED_EDGE('',*,*,#1661,.T.);
#2298=ORIENTED_EDGE('',*,*,#1662,.F.);
#2299=ORIENTED_EDGE('',*,*,#1522,.F.);
#2300=ORIENTED_EDGE('',*,*,#1663,.T.);
#2301=ORIENTED_EDGE('',*,*,#1664,.T.);
#2302=ORIENTED_EDGE('',*,*,#1660,.F.);
#2303=ORIENTED_EDGE('',*,*,#1521,.F.);
#2304=ORIENTED_EDGE('',*,*,#1665,.T.);
#2305=ORIENTED_EDGE('',*,*,#1666,.T.);
#2306=ORIENTED_EDGE('',*,*,#1663,.F.);
#2307=ORIENTED_EDGE('',*,*,#1520,.F.);
#2308=ORIENTED_EDGE('',*,*,#1662,.T.);
#2309=ORIENTED_EDGE('',*,*,#1667,.T.);
#2310=ORIENTED_EDGE('',*,*,#1665,.F.);
#2311=ORIENTED_EDGE('',*,*,#1667,.F.);
#2312=ORIENTED_EDGE('',*,*,#1661,.F.);
#2313=ORIENTED_EDGE('',*,*,#1664,.F.);
#2314=ORIENTED_EDGE('',*,*,#1666,.F.);
#2315=ORIENTED_EDGE('',*,*,#1523,.F.);
#2316=ORIENTED_EDGE('',*,*,#1668,.T.);
#2317=ORIENTED_EDGE('',*,*,#1669,.T.);
#2318=ORIENTED_EDGE('',*,*,#1670,.F.);
#2319=ORIENTED_EDGE('',*,*,#1526,.F.);
#2320=ORIENTED_EDGE('',*,*,#1671,.T.);
#2321=ORIENTED_EDGE('',*,*,#1672,.T.);
#2322=ORIENTED_EDGE('',*,*,#1668,.F.);
#2323=ORIENTED_EDGE('',*,*,#1525,.F.);
#2324=ORIENTED_EDGE('',*,*,#1673,.T.);
#2325=ORIENTED_EDGE('',*,*,#1674,.T.);
#2326=ORIENTED_EDGE('',*,*,#1671,.F.);
#2327=ORIENTED_EDGE('',*,*,#1524,.F.);
#2328=ORIENTED_EDGE('',*,*,#1670,.T.);
#2329=ORIENTED_EDGE('',*,*,#1675,.T.);
#2330=ORIENTED_EDGE('',*,*,#1673,.F.);
#2331=ORIENTED_EDGE('',*,*,#1675,.F.);
#2332=ORIENTED_EDGE('',*,*,#1669,.F.);
#2333=ORIENTED_EDGE('',*,*,#1672,.F.);
#2334=ORIENTED_EDGE('',*,*,#1674,.F.);
#2335=ORIENTED_EDGE('',*,*,#1527,.F.);
#2336=ORIENTED_EDGE('',*,*,#1676,.T.);
#2337=ORIENTED_EDGE('',*,*,#1677,.T.);
#2338=ORIENTED_EDGE('',*,*,#1678,.F.);
#2339=ORIENTED_EDGE('',*,*,#1530,.F.);
#2340=ORIENTED_EDGE('',*,*,#1679,.T.);
#2341=ORIENTED_EDGE('',*,*,#1680,.T.);
#2342=ORIENTED_EDGE('',*,*,#1676,.F.);
#2343=ORIENTED_EDGE('',*,*,#1529,.F.);
#2344=ORIENTED_EDGE('',*,*,#1681,.T.);
#2345=ORIENTED_EDGE('',*,*,#1682,.T.);
#2346=ORIENTED_EDGE('',*,*,#1679,.F.);
#2347=ORIENTED_EDGE('',*,*,#1528,.F.);
#2348=ORIENTED_EDGE('',*,*,#1678,.T.);
#2349=ORIENTED_EDGE('',*,*,#1683,.T.);
#2350=ORIENTED_EDGE('',*,*,#1681,.F.);
#2351=ORIENTED_EDGE('',*,*,#1683,.F.);
#2352=ORIENTED_EDGE('',*,*,#1677,.F.);
#2353=ORIENTED_EDGE('',*,*,#1680,.F.);
#2354=ORIENTED_EDGE('',*,*,#1682,.F.);
#2355=ORIENTED_EDGE('',*,*,#1531,.F.);
#2356=ORIENTED_EDGE('',*,*,#1684,.T.);
#2357=ORIENTED_EDGE('',*,*,#1685,.T.);
#2358=ORIENTED_EDGE('',*,*,#1686,.F.);
#2359=ORIENTED_EDGE('',*,*,#1534,.F.);
#2360=ORIENTED_EDGE('',*,*,#1687,.T.);
#2361=ORIENTED_EDGE('',*,*,#1688,.T.);
#2362=ORIENTED_EDGE('',*,*,#1684,.F.);
#2363=ORIENTED_EDGE('',*,*,#1533,.F.);
#2364=ORIENTED_EDGE('',*,*,#1689,.T.);
#2365=ORIENTED_EDGE('',*,*,#1690,.T.);
#2366=ORIENTED_EDGE('',*,*,#1687,.F.);
#2367=ORIENTED_EDGE('',*,*,#1532,.F.);
#2368=ORIENTED_EDGE('',*,*,#1686,.T.);
#2369=ORIENTED_EDGE('',*,*,#1691,.T.);
#2370=ORIENTED_EDGE('',*,*,#1689,.F.);
#2371=ORIENTED_EDGE('',*,*,#1691,.F.);
#2372=ORIENTED_EDGE('',*,*,#1685,.F.);
#2373=ORIENTED_EDGE('',*,*,#1688,.F.);
#2374=ORIENTED_EDGE('',*,*,#1690,.F.);
#2375=ORIENTED_EDGE('',*,*,#1535,.F.);
#2376=ORIENTED_EDGE('',*,*,#1692,.T.);
#2377=ORIENTED_EDGE('',*,*,#1693,.T.);
#2378=ORIENTED_EDGE('',*,*,#1694,.F.);
#2379=ORIENTED_EDGE('',*,*,#1538,.F.);
#2380=ORIENTED_EDGE('',*,*,#1695,.T.);
#2381=ORIENTED_EDGE('',*,*,#1696,.T.);
#2382=ORIENTED_EDGE('',*,*,#1692,.F.);
#2383=ORIENTED_EDGE('',*,*,#1537,.F.);
#2384=ORIENTED_EDGE('',*,*,#1697,.T.);
#2385=ORIENTED_EDGE('',*,*,#1698,.T.);
#2386=ORIENTED_EDGE('',*,*,#1695,.F.);
#2387=ORIENTED_EDGE('',*,*,#1536,.F.);
#2388=ORIENTED_EDGE('',*,*,#1694,.T.);
#2389=ORIENTED_EDGE('',*,*,#1699,.T.);
#2390=ORIENTED_EDGE('',*,*,#1697,.F.);
#2391=ORIENTED_EDGE('',*,*,#1699,.F.);
#2392=ORIENTED_EDGE('',*,*,#1693,.F.);
#2393=ORIENTED_EDGE('',*,*,#1696,.F.);
#2394=ORIENTED_EDGE('',*,*,#1698,.F.);
#2395=ORIENTED_EDGE('',*,*,#1700,.F.);
#2396=ORIENTED_EDGE('',*,*,#1701,.T.);
#2397=ORIENTED_EDGE('',*,*,#1541,.T.);
#2398=ORIENTED_EDGE('',*,*,#1701,.F.);
#2399=ORIENTED_EDGE('',*,*,#1702,.F.);
#2400=ORIENTED_EDGE('',*,*,#1703,.T.);
#2401=ORIENTED_EDGE('',*,*,#1540,.T.);
#2402=ORIENTED_EDGE('',*,*,#1703,.F.);
#2403=ORIENTED_EDGE('',*,*,#1704,.F.);
#2404=ORIENTED_EDGE('',*,*,#1705,.T.);
#2405=ORIENTED_EDGE('',*,*,#1539,.T.);
#2406=ORIENTED_EDGE('',*,*,#1705,.F.);
#2407=ORIENTED_EDGE('',*,*,#1706,.T.);
#2408=ORIENTED_EDGE('',*,*,#1449,.F.);
#2409=ORIENTED_EDGE('',*,*,#1448,.T.);
#2410=ORIENTED_EDGE('',*,*,#1707,.F.);
#2411=ORIENTED_EDGE('',*,*,#1553,.F.);
#2412=ORIENTED_EDGE('',*,*,#1708,.T.);
#2413=ORIENTED_EDGE('',*,*,#1707,.T.);
#2414=ORIENTED_EDGE('',*,*,#1709,.T.);
#2415=ORIENTED_EDGE('',*,*,#1710,.F.);
#2416=ORIENTED_EDGE('',*,*,#1492,.T.);
#2417=ORIENTED_EDGE('',*,*,#1467,.F.);
#2418=ORIENTED_EDGE('',*,*,#1469,.F.);
#2419=ORIENTED_EDGE('',*,*,#1473,.F.);
#2420=ORIENTED_EDGE('',*,*,#1438,.T.);
#2421=ORIENTED_EDGE('',*,*,#1337,.T.);
#2422=ORIENTED_EDGE('',*,*,#1351,.T.);
#2423=ORIENTED_EDGE('',*,*,#1711,.F.);
#2424=ORIENTED_EDGE('',*,*,#1439,.T.);
#2425=ORIENTED_EDGE('',*,*,#1711,.T.);
#2426=ORIENTED_EDGE('',*,*,#1350,.T.);
#2427=ORIENTED_EDGE('',*,*,#1547,.T.);
#2428=ORIENTED_EDGE('',*,*,#1549,.T.);
#2429=ORIENTED_EDGE('',*,*,#1550,.T.);
#2430=ORIENTED_EDGE('',*,*,#1710,.T.);
#2431=ORIENTED_EDGE('',*,*,#1709,.F.);
#2432=ORIENTED_EDGE('',*,*,#1447,.T.);
#2433=ORIENTED_EDGE('',*,*,#1610,.T.);
#2434=ORIENTED_EDGE('',*,*,#1712,.F.);
#2435=ORIENTED_EDGE('',*,*,#1390,.F.);
#2436=ORIENTED_EDGE('',*,*,#1385,.T.);
#2437=ORIENTED_EDGE('',*,*,#1389,.T.);
#2438=ORIENTED_EDGE('',*,*,#1378,.F.);
#2439=ORIENTED_EDGE('',*,*,#1399,.F.);
#2440=ORIENTED_EDGE('',*,*,#1713,.F.);
#2441=ORIENTED_EDGE('',*,*,#1554,.T.);
#2442=ORIENTED_EDGE('',*,*,#1708,.F.);
#2443=ORIENTED_EDGE('',*,*,#1700,.T.);
#2444=ORIENTED_EDGE('',*,*,#1702,.T.);
#2445=ORIENTED_EDGE('',*,*,#1704,.T.);
#2446=ORIENTED_EDGE('',*,*,#1451,.T.);
#2447=ORIENTED_EDGE('',*,*,#1450,.F.);
#2448=ORIENTED_EDGE('',*,*,#1706,.F.);
#2449=ORIENTED_EDGE('',*,*,#1552,.F.);
#2450=ORIENTED_EDGE('',*,*,#1555,.F.);
#2451=ORIENTED_EDGE('',*,*,#1713,.T.);
#2452=ORIENTED_EDGE('',*,*,#1398,.F.);
#2453=ORIENTED_EDGE('',*,*,#1577,.T.);
#2454=ORIENTED_EDGE('',*,*,#1600,.F.);
#2455=ORIENTED_EDGE('',*,*,#1458,.F.);
#2456=ORIENTED_EDGE('',*,*,#1498,.F.);
#2457=ORIENTED_EDGE('',*,*,#1564,.T.);
#2458=ORIENTED_EDGE('',*,*,#1599,.F.);
#2459=ORIENTED_EDGE('',*,*,#1581,.T.);
#2460=ORIENTED_EDGE('',*,*,#1585,.T.);
#2461=ORIENTED_EDGE('',*,*,#1435,.T.);
#2462=ORIENTED_EDGE('',*,*,#1391,.F.);
#2463=ORIENTED_EDGE('',*,*,#1712,.T.);
#2464=ORIENTED_EDGE('',*,*,#1609,.T.);
#2465=ORIENTED_EDGE('',*,*,#1617,.T.);
#2466=ORIENTED_EDGE('',*,*,#1590,.F.);
#2467=ORIENTED_EDGE('',*,*,#1566,.T.);
#2468=ORIENTED_EDGE('',*,*,#1558,.F.);
#2469=ORIENTED_EDGE('',*,*,#1571,.T.);
#2470=ORIENTED_EDGE('',*,*,#1572,.F.);
#2471=ORIENTED_EDGE('',*,*,#1569,.F.);
#2472=PLANE('',#2736);
#2473=PLANE('',#2737);
#2474=PLANE('',#2738);
#2475=PLANE('',#2739);
#2476=PLANE('',#2740);
#2477=PLANE('',#2741);
#2478=PLANE('',#2742);
#2479=PLANE('',#2743);
#2480=PLANE('',#2744);
#2481=PLANE('',#2745);
#2482=PLANE('',#2746);
#2483=PLANE('',#2747);
#2484=PLANE('',#2748);
#2485=PLANE('',#2749);
#2486=PLANE('',#2750);
#2487=PLANE('',#2751);
#2488=PLANE('',#2752);
#2489=PLANE('',#2753);
#2490=PLANE('',#2754);
#2491=PLANE('',#2755);
#2492=PLANE('',#2756);
#2493=PLANE('',#2757);
#2494=PLANE('',#2758);
#2495=PLANE('',#2759);
#2496=PLANE('',#2760);
#2497=PLANE('',#2761);
#2498=PLANE('',#2762);
#2499=PLANE('',#2763);
#2500=PLANE('',#2767);
#2501=PLANE('',#2768);
#2502=PLANE('',#2772);
#2503=PLANE('',#2773);
#2504=PLANE('',#2774);
#2505=PLANE('',#2775);
#2506=PLANE('',#2776);
#2507=PLANE('',#2780);
#2508=PLANE('',#2781);
#2509=PLANE('',#2782);
#2510=PLANE('',#2783);
#2511=PLANE('',#2784);
#2512=PLANE('',#2792);
#2513=PLANE('',#2795);
#2514=PLANE('',#2796);
#2515=PLANE('',#2797);
#2516=PLANE('',#2798);
#2517=PLANE('',#2802);
#2518=PLANE('',#2804);
#2519=PLANE('',#2807);
#2520=PLANE('',#2808);
#2521=PLANE('',#2810);
#2522=PLANE('',#2812);
#2523=PLANE('',#2813);
#2524=PLANE('',#2814);
#2525=PLANE('',#2815);
#2526=PLANE('',#2816);
#2527=PLANE('',#2817);
#2528=PLANE('',#2819);
#2529=PLANE('',#2820);
#2530=PLANE('',#2821);
#2531=PLANE('',#2822);
#2532=PLANE('',#2823);
#2533=PLANE('',#2824);
#2534=PLANE('',#2825);
#2535=PLANE('',#2826);
#2536=PLANE('',#2827);
#2537=PLANE('',#2829);
#2538=PLANE('',#2830);
#2539=PLANE('',#2831);
#2540=PLANE('',#2832);
#2541=PLANE('',#2833);
#2542=PLANE('',#2834);
#2543=PLANE('',#2835);
#2544=PLANE('',#2836);
#2545=PLANE('',#2837);
#2546=PLANE('',#2838);
#2547=PLANE('',#2839);
#2548=PLANE('',#2840);
#2549=PLANE('',#2841);
#2550=PLANE('',#2842);
#2551=PLANE('',#2843);
#2552=PLANE('',#2844);
#2553=PLANE('',#2845);
#2554=PLANE('',#2846);
#2555=PLANE('',#2847);
#2556=PLANE('',#2848);
#2557=PLANE('',#2849);
#2558=PLANE('',#2850);
#2559=PLANE('',#2851);
#2560=PLANE('',#2852);
#2561=PLANE('',#2853);
#2562=PLANE('',#2854);
#2563=PLANE('',#2855);
#2564=PLANE('',#2856);
#2565=PLANE('',#2857);
#2566=PLANE('',#2858);
#2567=PLANE('',#2859);
#2568=PLANE('',#2860);
#2569=PLANE('',#2861);
#2570=PLANE('',#2862);
#2571=PLANE('',#2863);
#2572=PLANE('',#2864);
#2573=PLANE('',#2865);
#2574=PLANE('',#2866);
#2575=PLANE('',#2867);
#2576=PLANE('',#2868);
#2577=PLANE('',#2869);
#2578=PLANE('',#2870);
#2579=PLANE('',#2871);
#2580=PLANE('',#2872);
#2581=PLANE('',#2873);
#2582=PLANE('',#2874);
#2583=PLANE('',#2875);
#2584=PLANE('',#2876);
#2585=PLANE('',#2877);
#2586=PLANE('',#2878);
#2587=PLANE('',#2879);
#2588=PLANE('',#2886);
#2589=PLANE('',#2887);
#2590=PLANE('',#2888);
#2591=PLANE('',#2889);
#2592=PLANE('',#2890);
#2593=PLANE('',#2891);
#2594=PLANE('',#2892);
#2595=PLANE('',#2893);
#2596=PLANE('',#2894);
#2597=ADVANCED_FACE('',(#75),#2472,.T.);
#2598=ADVANCED_FACE('',(#76),#2473,.T.);
#2599=ADVANCED_FACE('',(#77),#2474,.T.);
#2600=ADVANCED_FACE('',(#78),#2475,.F.);
#2601=ADVANCED_FACE('',(#79),#2476,.T.);
#2602=ADVANCED_FACE('',(#80),#2477,.T.);
#2603=ADVANCED_FACE('',(#81),#2478,.F.);
#2604=ADVANCED_FACE('',(#82),#2479,.T.);
#2605=ADVANCED_FACE('',(#83),#2480,.T.);
#2606=ADVANCED_FACE('',(#84),#2481,.T.);
#2607=ADVANCED_FACE('',(#85),#2482,.T.);
#2608=ADVANCED_FACE('',(#86),#2483,.T.);
#2609=ADVANCED_FACE('',(#87),#2484,.F.);
#2610=ADVANCED_FACE('',(#88),#2485,.F.);
#2611=ADVANCED_FACE('',(#89),#2486,.F.);
#2612=ADVANCED_FACE('',(#90),#2487,.F.);
#2613=ADVANCED_FACE('',(#91,#51,#52),#2488,.T.);
#2614=ADVANCED_FACE('',(#92),#2489,.F.);
#2615=ADVANCED_FACE('',(#93),#2490,.F.);
#2616=ADVANCED_FACE('',(#94),#2491,.F.);
#2617=ADVANCED_FACE('',(#95),#2492,.F.);
#2618=ADVANCED_FACE('',(#96),#2493,.F.);
#2619=ADVANCED_FACE('',(#97),#2494,.T.);
#2620=ADVANCED_FACE('',(#98),#2495,.T.);
#2621=ADVANCED_FACE('',(#99),#2496,.T.);
#2622=ADVANCED_FACE('',(#100),#2497,.T.);
#2623=ADVANCED_FACE('',(#101),#2498,.F.);
#2624=ADVANCED_FACE('',(#102,#53,#54),#2499,.T.);
#2625=ADVANCED_FACE('',(#103),#2500,.T.);
#2626=ADVANCED_FACE('',(#104,#55,#56),#2501,.T.);
#2627=ADVANCED_FACE('',(#105),#2502,.T.);
#2628=ADVANCED_FACE('',(#106),#2503,.T.);
#2629=ADVANCED_FACE('',(#107),#2504,.T.);
#2630=ADVANCED_FACE('',(#108),#2505,.T.);
#2631=ADVANCED_FACE('',(#109),#2506,.T.);
#2632=ADVANCED_FACE('',(#110),#18,.T.);
#2633=ADVANCED_FACE('',(#111),#2507,.T.);
#2634=ADVANCED_FACE('',(#112),#2508,.T.);
#2635=ADVANCED_FACE('',(#113),#2509,.T.);
#2636=ADVANCED_FACE('',(#114),#2510,.T.);
#2637=ADVANCED_FACE('',(#115,#57,#58,#59,#60,#61,#62,#63,#64,#65,#66,#67,
#68,#69),#2511,.F.);
#2638=ADVANCED_FACE('',(#116),#19,.F.);
#2639=ADVANCED_FACE('',(#117),#2512,.F.);
#2640=ADVANCED_FACE('',(#118),#20,.F.);
#2641=ADVANCED_FACE('',(#119),#2513,.F.);
#2642=ADVANCED_FACE('',(#120),#2514,.T.);
#2643=ADVANCED_FACE('',(#121),#2515,.T.);
#2644=ADVANCED_FACE('',(#122),#17,.T.);
#2645=ADVANCED_FACE('',(#123),#2516,.T.);
#2646=ADVANCED_FACE('',(#124),#21,.T.);
#2647=ADVANCED_FACE('',(#125,#70),#2517,.T.);
#2648=ADVANCED_FACE('',(#126),#2518,.F.);
#2649=ADVANCED_FACE('',(#127),#22,.F.);
#2650=ADVANCED_FACE('',(#128),#2519,.F.);
#2651=ADVANCED_FACE('',(#129),#2520,.T.);
#2652=ADVANCED_FACE('',(#130),#23,.T.);
#2653=ADVANCED_FACE('',(#131),#2521,.T.);
#2654=ADVANCED_FACE('',(#132),#24,.F.);
#2655=ADVANCED_FACE('',(#133),#2522,.T.);
#2656=ADVANCED_FACE('',(#134),#2523,.F.);
#2657=ADVANCED_FACE('',(#135),#2524,.F.);
#2658=ADVANCED_FACE('',(#136),#2525,.F.);
#2659=ADVANCED_FACE('',(#137),#2526,.F.);
#2660=ADVANCED_FACE('',(#138),#2527,.T.);
#2661=ADVANCED_FACE('',(#139),#2528,.T.);
#2662=ADVANCED_FACE('',(#140),#2529,.T.);
#2663=ADVANCED_FACE('',(#141),#2530,.F.);
#2664=ADVANCED_FACE('',(#142),#2531,.F.);
#2665=ADVANCED_FACE('',(#143),#2532,.F.);
#2666=ADVANCED_FACE('',(#144),#2533,.T.);
#2667=ADVANCED_FACE('',(#145),#2534,.T.);
#2668=ADVANCED_FACE('',(#146),#2535,.T.);
#2669=ADVANCED_FACE('',(#147),#2536,.T.);
#2670=ADVANCED_FACE('',(#148),#15,.F.);
#2671=ADVANCED_FACE('',(#149),#2537,.F.);
#2672=ADVANCED_FACE('',(#150),#2538,.F.);
#2673=ADVANCED_FACE('',(#151),#2539,.F.);
#2674=ADVANCED_FACE('',(#152),#2540,.F.);
#2675=ADVANCED_FACE('',(#153),#2541,.F.);
#2676=ADVANCED_FACE('',(#154),#2542,.F.);
#2677=ADVANCED_FACE('',(#155),#2543,.F.);
#2678=ADVANCED_FACE('',(#156),#2544,.F.);
#2679=ADVANCED_FACE('',(#157),#2545,.F.);
#2680=ADVANCED_FACE('',(#158),#2546,.F.);
#2681=ADVANCED_FACE('',(#159),#2547,.F.);
#2682=ADVANCED_FACE('',(#160),#2548,.F.);
#2683=ADVANCED_FACE('',(#161),#2549,.F.);
#2684=ADVANCED_FACE('',(#162),#2550,.F.);
#2685=ADVANCED_FACE('',(#163),#2551,.F.);
#2686=ADVANCED_FACE('',(#164),#2552,.F.);
#2687=ADVANCED_FACE('',(#165),#2553,.F.);
#2688=ADVANCED_FACE('',(#166),#2554,.F.);
#2689=ADVANCED_FACE('',(#167),#2555,.F.);
#2690=ADVANCED_FACE('',(#168),#2556,.F.);
#2691=ADVANCED_FACE('',(#169),#2557,.F.);
#2692=ADVANCED_FACE('',(#170),#2558,.F.);
#2693=ADVANCED_FACE('',(#171),#2559,.F.);
#2694=ADVANCED_FACE('',(#172),#2560,.F.);
#2695=ADVANCED_FACE('',(#173),#2561,.F.);
#2696=ADVANCED_FACE('',(#174),#2562,.F.);
#2697=ADVANCED_FACE('',(#175),#2563,.F.);
#2698=ADVANCED_FACE('',(#176),#2564,.F.);
#2699=ADVANCED_FACE('',(#177),#2565,.F.);
#2700=ADVANCED_FACE('',(#178),#2566,.F.);
#2701=ADVANCED_FACE('',(#179),#2567,.F.);
#2702=ADVANCED_FACE('',(#180),#2568,.F.);
#2703=ADVANCED_FACE('',(#181),#2569,.F.);
#2704=ADVANCED_FACE('',(#182),#2570,.F.);
#2705=ADVANCED_FACE('',(#183),#2571,.F.);
#2706=ADVANCED_FACE('',(#184),#2572,.F.);
#2707=ADVANCED_FACE('',(#185),#2573,.F.);
#2708=ADVANCED_FACE('',(#186),#2574,.F.);
#2709=ADVANCED_FACE('',(#187),#2575,.F.);
#2710=ADVANCED_FACE('',(#188),#2576,.F.);
#2711=ADVANCED_FACE('',(#189),#2577,.F.);
#2712=ADVANCED_FACE('',(#190),#2578,.F.);
#2713=ADVANCED_FACE('',(#191),#2579,.F.);
#2714=ADVANCED_FACE('',(#192),#2580,.F.);
#2715=ADVANCED_FACE('',(#193),#2581,.F.);
#2716=ADVANCED_FACE('',(#194),#2582,.F.);
#2717=ADVANCED_FACE('',(#195),#2583,.F.);
#2718=ADVANCED_FACE('',(#196),#2584,.F.);
#2719=ADVANCED_FACE('',(#197),#2585,.F.);
#2720=ADVANCED_FACE('',(#198),#2586,.F.);
#2721=ADVANCED_FACE('',(#199),#2587,.F.);
#2722=ADVANCED_FACE('',(#200),#25,.F.);
#2723=ADVANCED_FACE('',(#201),#26,.F.);
#2724=ADVANCED_FACE('',(#202),#27,.F.);
#2725=ADVANCED_FACE('',(#203),#2588,.T.);
#2726=ADVANCED_FACE('',(#204),#2589,.T.);
#2727=ADVANCED_FACE('',(#205),#2590,.F.);
#2728=ADVANCED_FACE('',(#206),#2591,.T.);
#2729=ADVANCED_FACE('',(#207),#2592,.T.);
#2730=ADVANCED_FACE('',(#208,#71,#72,#73),#2593,.T.);
#2731=ADVANCED_FACE('',(#209),#2594,.T.);
#2732=ADVANCED_FACE('',(#210),#2595,.T.);
#2733=ADVANCED_FACE('',(#211,#74),#2596,.T.);
#2734=CLOSED_SHELL('',(#2597,#2598,#2599,#2600,#2601,#2602,#2603,#2604,
#2605,#2606,#2607,#2608,#2609,#2610,#2611,#2612,#2613,#2614,#2615,#2616,
#2617,#2618,#2619,#2620,#2621,#2622,#2623,#2624,#2625,#2626,#2627,#2628,
#2629,#2630,#2631,#2632,#2633,#2634,#2635,#2636,#2637,#2638,#2639,#2640,
#2641,#2642,#2643,#2644,#2645,#2646,#2647,#2648,#2649,#2650,#2651,#2652,
#2653,#2654,#2655,#2656,#2657,#2658,#2659,#2660,#2661,#2662,#2663,#2664,
#2665,#2666,#2667,#2668,#2669,#2670,#2671,#2672,#2673,#2674,#2675,#2676,
#2677,#2678,#2679,#2680,#2681,#2682,#2683,#2684,#2685,#2686,#2687,#2688,
#2689,#2690,#2691,#2692,#2693,#2694,#2695,#2696,#2697,#2698,#2699,#2700,
#2701,#2702,#2703,#2704,#2705,#2706,#2707,#2708,#2709,#2710,#2711,#2712,
#2713,#2714,#2715,#2716,#2717,#2718,#2719,#2720,#2721,#2722,#2723,#2724,
#2725,#2726,#2727,#2728,#2729,#2730,#2731,#2732,#2733));
#2735=AXIS2_PLACEMENT_3D('',#3570,#2895,#2896);
#2736=AXIS2_PLACEMENT_3D('',#3571,#2897,#2898);
#2737=AXIS2_PLACEMENT_3D('',#3584,#2905,#2906);
#2738=AXIS2_PLACEMENT_3D('',#3590,#2910,#2911);
#2739=AXIS2_PLACEMENT_3D('',#3599,#2916,#2917);
#2740=AXIS2_PLACEMENT_3D('',#3607,#2922,#2923);
#2741=AXIS2_PLACEMENT_3D('',#3613,#2927,#2928);
#2742=AXIS2_PLACEMENT_3D('',#3619,#2932,#2933);
#2743=AXIS2_PLACEMENT_3D('',#3625,#2937,#2938);
#2744=AXIS2_PLACEMENT_3D('',#3634,#2943,#2944);
#2745=AXIS2_PLACEMENT_3D('',#3640,#2948,#2949);
#2746=AXIS2_PLACEMENT_3D('',#3646,#2953,#2954);
#2747=AXIS2_PLACEMENT_3D('',#3652,#2958,#2959);
#2748=AXIS2_PLACEMENT_3D('',#3658,#2963,#2964);
#2749=AXIS2_PLACEMENT_3D('',#3668,#2970,#2971);
#2750=AXIS2_PLACEMENT_3D('',#3678,#2977,#2978);
#2751=AXIS2_PLACEMENT_3D('',#3681,#2981,#2982);
#2752=AXIS2_PLACEMENT_3D('',#3683,#2984,#2985);
#2753=AXIS2_PLACEMENT_3D('',#3711,#3000,#3001);
#2754=AXIS2_PLACEMENT_3D('',#3720,#3006,#3007);
#2755=AXIS2_PLACEMENT_3D('',#3726,#3011,#3012);
#2756=AXIS2_PLACEMENT_3D('',#3732,#3016,#3017);
#2757=AXIS2_PLACEMENT_3D('',#3735,#3020,#3021);
#2758=AXIS2_PLACEMENT_3D('',#3738,#3024,#3025);
#2759=AXIS2_PLACEMENT_3D('',#3744,#3029,#3030);
#2760=AXIS2_PLACEMENT_3D('',#3748,#3033,#3034);
#2761=AXIS2_PLACEMENT_3D('',#3752,#3037,#3038);
#2762=AXIS2_PLACEMENT_3D('',#3754,#3040,#3041);
#2763=AXIS2_PLACEMENT_3D('',#3781,#3056,#3057);
#2764=AXIS2_PLACEMENT_3D('',#3787,#3060,#3061);
#2765=AXIS2_PLACEMENT_3D('',#3806,#3071,#3072);
#2766=AXIS2_PLACEMENT_3D('',#3808,#3073,#3074);
#2767=AXIS2_PLACEMENT_3D('',#3809,#3075,#3076);
#2768=AXIS2_PLACEMENT_3D('',#3813,#3079,#3080);
#2769=AXIS2_PLACEMENT_3D('',#3824,#3086,#3087);
#2770=AXIS2_PLACEMENT_3D('',#3827,#3089,#3090);
#2771=AXIS2_PLACEMENT_3D('',#3829,#3091,#3092);
#2772=AXIS2_PLACEMENT_3D('',#3830,#3093,#3094);
#2773=AXIS2_PLACEMENT_3D('',#3836,#3098,#3099);
#2774=AXIS2_PLACEMENT_3D('',#3840,#3102,#3103);
#2775=AXIS2_PLACEMENT_3D('',#3848,#3108,#3109);
#2776=AXIS2_PLACEMENT_3D('',#3852,#3112,#3113);
#2777=AXIS2_PLACEMENT_3D('',#3864,#3120,#3121);
#2778=AXIS2_PLACEMENT_3D('',#3867,#3122,#3123);
#2779=AXIS2_PLACEMENT_3D('',#3871,#3125,#3126);
#2780=AXIS2_PLACEMENT_3D('',#3873,#3128,#3129);
#2781=AXIS2_PLACEMENT_3D('',#3876,#3132,#3133);
#2782=AXIS2_PLACEMENT_3D('',#3880,#3136,#3137);
#2783=AXIS2_PLACEMENT_3D('',#3882,#3139,#3140);
#2784=AXIS2_PLACEMENT_3D('',#3885,#3143,#3144);
#2785=AXIS2_PLACEMENT_3D('',#3887,#3145,#3146);
#2786=AXIS2_PLACEMENT_3D('',#3890,#3148,#3149);
#2787=AXIS2_PLACEMENT_3D('',#3976,#3193,#3194);
#2788=AXIS2_PLACEMENT_3D('',#3978,#3195,#3196);
#2789=AXIS2_PLACEMENT_3D('',#3980,#3197,#3198);
#2790=AXIS2_PLACEMENT_3D('',#3981,#3199,#3200);
#2791=AXIS2_PLACEMENT_3D('',#3983,#3201,#3202);
#2792=AXIS2_PLACEMENT_3D('',#3985,#3204,#3205);
#2793=AXIS2_PLACEMENT_3D('',#3989,#3208,#3209);
#2794=AXIS2_PLACEMENT_3D('',#3991,#3210,#3211);
#2795=AXIS2_PLACEMENT_3D('',#3993,#3213,#3214);
#2796=AXIS2_PLACEMENT_3D('',#3994,#3215,#3216);
#2797=AXIS2_PLACEMENT_3D('',#3998,#3219,#3220);
#2798=AXIS2_PLACEMENT_3D('',#4019,#3223,#3224);
#2799=AXIS2_PLACEMENT_3D('',#4028,#3229,#3230);
#2800=AXIS2_PLACEMENT_3D('',#4031,#3231,#3232);
#2801=AXIS2_PLACEMENT_3D('',#4035,#3234,#3235);
#2802=AXIS2_PLACEMENT_3D('',#4037,#3237,#3238);
#2803=AXIS2_PLACEMENT_3D('',#4047,#3244,#3245);
#2804=AXIS2_PLACEMENT_3D('',#4048,#3246,#3247);
#2805=AXIS2_PLACEMENT_3D('',#4052,#3250,#3251);
#2806=AXIS2_PLACEMENT_3D('',#4055,#3253,#3254);
#2807=AXIS2_PLACEMENT_3D('',#4056,#3255,#3256);
#2808=AXIS2_PLACEMENT_3D('',#4060,#3259,#3260);
#2809=AXIS2_PLACEMENT_3D('',#4062,#3262,#3263);
#2810=AXIS2_PLACEMENT_3D('',#4065,#3266,#3267);
#2811=AXIS2_PLACEMENT_3D('',#4067,#3269,#3270);
#2812=AXIS2_PLACEMENT_3D('',#4069,#3272,#3273);
#2813=AXIS2_PLACEMENT_3D('',#4070,#3274,#3275);
#2814=AXIS2_PLACEMENT_3D('',#4079,#3280,#3281);
#2815=AXIS2_PLACEMENT_3D('',#4088,#3286,#3287);
#2816=AXIS2_PLACEMENT_3D('',#4093,#3291,#3292);
#2817=AXIS2_PLACEMENT_3D('',#4097,#3295,#3296);
#2818=AXIS2_PLACEMENT_3D('',#4111,#3303,#3304);
#2819=AXIS2_PLACEMENT_3D('',#4116,#3308,#3309);
#2820=AXIS2_PLACEMENT_3D('',#4123,#3314,#3315);
#2821=AXIS2_PLACEMENT_3D('',#4141,#3324,#3325);
#2822=AXIS2_PLACEMENT_3D('',#4143,#3327,#3328);
#2823=AXIS2_PLACEMENT_3D('',#4145,#3330,#3331);
#2824=AXIS2_PLACEMENT_3D('',#4146,#3332,#3333);
#2825=AXIS2_PLACEMENT_3D('',#4148,#3335,#3336);
#2826=AXIS2_PLACEMENT_3D('',#4150,#3338,#3339);
#2827=AXIS2_PLACEMENT_3D('',#4152,#3341,#3342);
#2828=AXIS2_PLACEMENT_3D('',#4154,#3344,#3345);
#2829=AXIS2_PLACEMENT_3D('',#4156,#3347,#3348);
#2830=AXIS2_PLACEMENT_3D('',#4157,#3349,#3350);
#2831=AXIS2_PLACEMENT_3D('',#4163,#3354,#3355);
#2832=AXIS2_PLACEMENT_3D('',#4167,#3358,#3359);
#2833=AXIS2_PLACEMENT_3D('',#4171,#3362,#3363);
#2834=AXIS2_PLACEMENT_3D('',#4173,#3365,#3366);
#2835=AXIS2_PLACEMENT_3D('',#4174,#3367,#3368);
#2836=AXIS2_PLACEMENT_3D('',#4180,#3372,#3373);
#2837=AXIS2_PLACEMENT_3D('',#4184,#3376,#3377);
#2838=AXIS2_PLACEMENT_3D('',#4188,#3380,#3381);
#2839=AXIS2_PLACEMENT_3D('',#4190,#3383,#3384);
#2840=AXIS2_PLACEMENT_3D('',#4191,#3385,#3386);
#2841=AXIS2_PLACEMENT_3D('',#4197,#3390,#3391);
#2842=AXIS2_PLACEMENT_3D('',#4201,#3394,#3395);
#2843=AXIS2_PLACEMENT_3D('',#4205,#3398,#3399);
#2844=AXIS2_PLACEMENT_3D('',#4207,#3401,#3402);
#2845=AXIS2_PLACEMENT_3D('',#4208,#3403,#3404);
#2846=AXIS2_PLACEMENT_3D('',#4214,#3408,#3409);
#2847=AXIS2_PLACEMENT_3D('',#4218,#3412,#3413);
#2848=AXIS2_PLACEMENT_3D('',#4222,#3416,#3417);
#2849=AXIS2_PLACEMENT_3D('',#4224,#3419,#3420);
#2850=AXIS2_PLACEMENT_3D('',#4225,#3421,#3422);
#2851=AXIS2_PLACEMENT_3D('',#4231,#3426,#3427);
#2852=AXIS2_PLACEMENT_3D('',#4235,#3430,#3431);
#2853=AXIS2_PLACEMENT_3D('',#4239,#3434,#3435);
#2854=AXIS2_PLACEMENT_3D('',#4241,#3437,#3438);
#2855=AXIS2_PLACEMENT_3D('',#4242,#3439,#3440);
#2856=AXIS2_PLACEMENT_3D('',#4248,#3444,#3445);
#2857=AXIS2_PLACEMENT_3D('',#4252,#3448,#3449);
#2858=AXIS2_PLACEMENT_3D('',#4256,#3452,#3453);
#2859=AXIS2_PLACEMENT_3D('',#4258,#3455,#3456);
#2860=AXIS2_PLACEMENT_3D('',#4259,#3457,#3458);
#2861=AXIS2_PLACEMENT_3D('',#4265,#3462,#3463);
#2862=AXIS2_PLACEMENT_3D('',#4269,#3466,#3467);
#2863=AXIS2_PLACEMENT_3D('',#4273,#3470,#3471);
#2864=AXIS2_PLACEMENT_3D('',#4275,#3473,#3474);
#2865=AXIS2_PLACEMENT_3D('',#4276,#3475,#3476);
#2866=AXIS2_PLACEMENT_3D('',#4282,#3480,#3481);
#2867=AXIS2_PLACEMENT_3D('',#4286,#3484,#3485);
#2868=AXIS2_PLACEMENT_3D('',#4290,#3488,#3489);
#2869=AXIS2_PLACEMENT_3D('',#4292,#3491,#3492);
#2870=AXIS2_PLACEMENT_3D('',#4293,#3493,#3494);
#2871=AXIS2_PLACEMENT_3D('',#4299,#3498,#3499);
#2872=AXIS2_PLACEMENT_3D('',#4303,#3502,#3503);
#2873=AXIS2_PLACEMENT_3D('',#4307,#3506,#3507);
#2874=AXIS2_PLACEMENT_3D('',#4309,#3509,#3510);
#2875=AXIS2_PLACEMENT_3D('',#4310,#3511,#3512);
#2876=AXIS2_PLACEMENT_3D('',#4316,#3516,#3517);
#2877=AXIS2_PLACEMENT_3D('',#4320,#3520,#3521);
#2878=AXIS2_PLACEMENT_3D('',#4324,#3524,#3525);
#2879=AXIS2_PLACEMENT_3D('',#4326,#3527,#3528);
#2880=AXIS2_PLACEMENT_3D('',#4327,#3529,#3530);
#2881=AXIS2_PLACEMENT_3D('',#4329,#3531,#3532);
#2882=AXIS2_PLACEMENT_3D('',#4331,#3534,#3535);
#2883=AXIS2_PLACEMENT_3D('',#4333,#3536,#3537);
#2884=AXIS2_PLACEMENT_3D('',#4335,#3539,#3540);
#2885=AXIS2_PLACEMENT_3D('',#4337,#3541,#3542);
#2886=AXIS2_PLACEMENT_3D('',#4339,#3544,#3545);
#2887=AXIS2_PLACEMENT_3D('',#4342,#3548,#3549);
#2888=AXIS2_PLACEMENT_3D('',#4348,#3553,#3554);
#2889=AXIS2_PLACEMENT_3D('',#4349,#3555,#3556);
#2890=AXIS2_PLACEMENT_3D('',#4351,#3558,#3559);
#2891=AXIS2_PLACEMENT_3D('',#4352,#3560,#3561);
#2892=AXIS2_PLACEMENT_3D('',#4355,#3564,#3565);
#2893=AXIS2_PLACEMENT_3D('',#4356,#3566,#3567);
#2894=AXIS2_PLACEMENT_3D('',#4357,#3568,#3569);
#2895=DIRECTION('axis',(0.,0.,1.));
#2896=DIRECTION('refdir',(1.,0.,0.));
#2897=DIRECTION('center_axis',(0.,0.,-1.));
#2898=DIRECTION('ref_axis',(1.,0.,0.));
#2899=DIRECTION('',(0.,-1.,0.));
#2900=DIRECTION('',(-1.,-1.28292706084425E-48,0.));
#2901=DIRECTION('',(0.,-1.,0.));
#2902=DIRECTION('',(1.,0.,0.));
#2903=DIRECTION('',(0.,-1.,0.));
#2904=DIRECTION('',(-1.,7.11112594850672E-34,0.));
#2905=DIRECTION('center_axis',(7.11112594850672E-34,1.,0.));
#2906=DIRECTION('ref_axis',(-1.,7.11112594850672E-34,0.));
#2907=DIRECTION('',(0.,0.,-1.));
#2908=DIRECTION('',(-1.22464679914735E-16,8.70861763117241E-50,1.));
#2909=DIRECTION('',(-1.,7.30200831231389E-23,0.));
#2910=DIRECTION('center_axis',(7.11112594850672E-34,1.,0.));
#2911=DIRECTION('ref_axis',(-1.,7.11112594850672E-34,0.));
#2912=DIRECTION('',(0.,0.,1.));
#2913=DIRECTION('',(-1.,7.30200831231389E-23,0.));
#2914=DIRECTION('',(0.,0.,-1.));
#2915=DIRECTION('',(-1.,7.11112594850672E-34,0.));
#2916=DIRECTION('center_axis',(0.,-1.,0.));
#2917=DIRECTION('ref_axis',(0.,0.,-1.));
#2918=DIRECTION('',(0.,0.,-1.));
#2919=DIRECTION('',(1.,7.11112594850672E-34,0.));
#2920=DIRECTION('',(1.,7.11112594850672E-34,0.));
#2921=DIRECTION('',(-1.46941282670976E-15,0.,-1.));
#2922=DIRECTION('center_axis',(0.,0.,1.));
#2923=DIRECTION('ref_axis',(1.,0.,0.));
#2924=DIRECTION('',(0.,1.,0.));
#2925=DIRECTION('',(0.,1.,0.));
#2926=DIRECTION('',(1.,-3.69195413491865E-15,0.));
#2927=DIRECTION('center_axis',(0.,0.,1.));
#2928=DIRECTION('ref_axis',(1.,0.,0.));
#2929=DIRECTION('',(0.,-1.,0.));
#2930=DIRECTION('',(1.,-3.69195413491865E-15,0.));
#2931=DIRECTION('',(0.,1.,0.));
#2932=DIRECTION('center_axis',(0.,0.,1.));
#2933=DIRECTION('ref_axis',(1.,0.,0.));
#2934=DIRECTION('',(0.,-1.,0.));
#2935=DIRECTION('',(-1.,0.,0.));
#2936=DIRECTION('',(-2.77555756156289E-16,1.,0.));
#2937=DIRECTION('center_axis',(3.07416847888742E-16,0.819152044289,0.573576436351034));
#2938=DIRECTION('ref_axis',(-2.15255594264358E-16,-0.573576436351034,0.819152044289));
#2939=DIRECTION('',(2.15255594264358E-16,0.573576436351034,-0.819152044289));
#2940=DIRECTION('',(1.,-3.75286676059718E-16,0.));
#2941=DIRECTION('',(-2.15255594264358E-16,-0.573576436351034,0.819152044289));
#2942=DIRECTION('',(1.,-3.75286676059718E-16,0.));
#2943=DIRECTION('center_axis',(0.,0.,1.));
#2944=DIRECTION('ref_axis',(-3.75286676059718E-16,-1.,0.));
#2945=DIRECTION('',(3.75286676059718E-16,1.,0.));
#2946=DIRECTION('',(-3.75286676059718E-16,-1.,0.));
#2947=DIRECTION('',(1.,-3.75286676059718E-16,0.));
#2948=DIRECTION('center_axis',(-3.07416847888742E-16,-0.819152044289,0.573576436351035));
#2949=DIRECTION('ref_axis',(-2.15255594264358E-16,-0.573576436351034,-0.819152044289));
#2950=DIRECTION('',(2.15255594264358E-16,0.573576436351034,0.819152044289));
#2951=DIRECTION('',(-2.15255594264358E-16,-0.573576436351034,-0.819152044289));
#2952=DIRECTION('',(1.,-3.75286676059718E-16,0.));
#2953=DIRECTION('center_axis',(-3.07416847888739E-16,-0.819152044288994,
-0.573576436351043));
#2954=DIRECTION('ref_axis',(2.15255594264361E-16,0.573576436351043,-0.819152044288994));
#2955=DIRECTION('',(-2.15255594264361E-16,-0.573576436351043,0.819152044288994));
#2956=DIRECTION('',(2.15255594264361E-16,0.573576436351043,-0.819152044288994));
#2957=DIRECTION('',(1.,-3.75286676059718E-16,0.));
#2958=DIRECTION('center_axis',(3.07416847888739E-16,0.819152044288994,-0.573576436351043));
#2959=DIRECTION('ref_axis',(2.15255594264361E-16,0.573576436351043,0.819152044288994));
#2960=DIRECTION('',(-2.15255594264361E-16,-0.573576436351043,-0.819152044288994));
#2961=DIRECTION('',(1.,-3.75286676059718E-16,0.));
#2962=DIRECTION('',(2.15255594264361E-16,0.573576436351043,0.819152044288994));
#2963=DIRECTION('center_axis',(-1.,3.75286676059718E-16,0.));
#2964=DIRECTION('ref_axis',(3.75286676059718E-16,1.,0.));
#2965=DIRECTION('',(3.75286676059718E-16,1.,0.));
#2966=DIRECTION('',(0.,0.,-1.));
#2967=DIRECTION('',(3.75286676059718E-16,1.,0.));
#2968=DIRECTION('',(0.,0.,-1.));
#2969=DIRECTION('',(3.75286676059718E-16,1.,0.));
#2970=DIRECTION('center_axis',(1.,-3.75286676059718E-16,0.));
#2971=DIRECTION('ref_axis',(-3.75286676059718E-16,-1.,0.));
#2972=DIRECTION('',(-3.75286676059718E-16,-1.,0.));
#2973=DIRECTION('',(0.,0.,-1.));
#2974=DIRECTION('',(-3.75286676059718E-16,-1.,0.));
#2975=DIRECTION('',(0.,0.,-1.));
#2976=DIRECTION('',(-3.75286676059718E-16,-1.,0.));
#2977=DIRECTION('center_axis',(-3.75286676059718E-16,-1.,0.));
#2978=DIRECTION('ref_axis',(-1.,3.75286676059718E-16,0.));
#2979=DIRECTION('',(-1.,3.75286676059718E-16,0.));
#2980=DIRECTION('',(-1.,3.75286676059718E-16,0.));
#2981=DIRECTION('center_axis',(0.,0.,1.));
#2982=DIRECTION('ref_axis',(-1.,3.75286676059718E-16,0.));
#2983=DIRECTION('',(1.,-3.75286676059718E-16,0.));
#2984=DIRECTION('center_axis',(0.,0.,-1.));
#2985=DIRECTION('ref_axis',(-1.,0.,0.));
#2986=DIRECTION('',(-1.,1.87643338029859E-16,0.));
#2987=DIRECTION('',(1.63268091856641E-17,1.,0.));
#2988=DIRECTION('',(1.,0.,0.));
#2989=DIRECTION('',(0.,-1.,0.));
#2990=DIRECTION('',(1.,0.,0.));
#2991=DIRECTION('',(0.,1.,0.));
#2992=DIRECTION('',(1.,0.,0.));
#2993=DIRECTION('',(0.,-1.,0.));
#2994=DIRECTION('',(-3.41372053857061E-7,-0.999999999999942,0.));
#2995=DIRECTION('',(-1.,1.87643338029859E-16,0.));
#2996=DIRECTION('',(0.,-1.,0.));
#2997=DIRECTION('',(1.,0.,0.));
#2998=DIRECTION('',(0.,1.,0.));
#2999=DIRECTION('',(1.,0.,0.));
#3000=DIRECTION('center_axis',(0.,0.819152044289,-0.573576436351034));
#3001=DIRECTION('ref_axis',(0.,0.573576436351034,0.819152044289));
#3002=DIRECTION('',(0.,0.573576436351034,0.819152044289));
#3003=DIRECTION('',(1.,0.,0.));
#3004=DIRECTION('',(0.,-0.573576436351034,-0.819152044289));
#3005=DIRECTION('',(1.,0.,0.));
#3006=DIRECTION('center_axis',(0.,0.,-1.));
#3007=DIRECTION('ref_axis',(0.,1.,0.));
#3008=DIRECTION('',(0.,1.,0.));
#3009=DIRECTION('',(1.,0.,0.));
#3010=DIRECTION('',(0.,-1.,0.));
#3011=DIRECTION('center_axis',(0.,-0.819152044289,-0.573576436351035));
#3012=DIRECTION('ref_axis',(0.,0.573576436351034,-0.819152044289));
#3013=DIRECTION('',(0.,0.573576436351034,-0.819152044289));
#3014=DIRECTION('',(1.,0.,0.));
#3015=DIRECTION('',(0.,-0.573576436351034,0.819152044289));
#3016=DIRECTION('center_axis',(0.,-0.819152044288994,0.573576436351043));
#3017=DIRECTION('ref_axis',(0.,-0.573576436351043,-0.819152044288994));
#3018=DIRECTION('',(0.,-0.573576436351043,-0.819152044288994));
#3019=DIRECTION('',(0.,0.573576436351043,0.819152044288994));
#3020=DIRECTION('center_axis',(0.,0.819152044288994,0.573576436351043));
#3021=DIRECTION('ref_axis',(0.,-0.573576436351043,0.819152044288994));
#3022=DIRECTION('',(0.,-0.573576436351043,0.819152044288994));
#3023=DIRECTION('',(0.,0.573576436351043,-0.819152044288994));
#3024=DIRECTION('center_axis',(-1.,0.,0.));
#3025=DIRECTION('ref_axis',(0.,1.,0.));
#3026=DIRECTION('',(0.,0.,-1.));
#3027=DIRECTION('',(0.,1.,0.));
#3028=DIRECTION('',(0.,0.,-1.));
#3029=DIRECTION('center_axis',(0.,-1.,0.));
#3030=DIRECTION('ref_axis',(-1.,0.,0.));
#3031=DIRECTION('',(-1.,0.,0.));
#3032=DIRECTION('',(0.,0.,-1.));
#3033=DIRECTION('center_axis',(1.,0.,0.));
#3034=DIRECTION('ref_axis',(0.,-1.,0.));
#3035=DIRECTION('',(0.,-1.,0.));
#3036=DIRECTION('',(0.,0.,-1.));
#3037=DIRECTION('center_axis',(0.,0.,-1.));
#3038=DIRECTION('ref_axis',(-1.,0.,0.));
#3039=DIRECTION('',(1.,0.,0.));
#3040=DIRECTION('center_axis',(0.,-1.,0.));
#3041=DIRECTION('ref_axis',(0.,0.,-1.));
#3042=DIRECTION('',(0.,0.,1.));
#3043=DIRECTION('',(-1.,0.,0.));
#3044=DIRECTION('',(0.,0.,-1.));
#3045=DIRECTION('',(-1.,0.,0.));
#3046=DIRECTION('',(0.,0.,-1.));
#3047=DIRECTION('',(1.,0.,0.));
#3048=DIRECTION('',(-9.8704769738854E-16,0.,-1.));
#3049=DIRECTION('',(-1.,0.,0.));
#3050=DIRECTION('',(9.35088702965561E-16,0.,1.));
#3051=DIRECTION('',(-3.89620292902317E-17,0.,-1.));
#3052=DIRECTION('',(-1.,0.,0.));
#3053=DIRECTION('',(3.89620292902307E-17,0.,1.));
#3054=DIRECTION('',(1.46941282670976E-15,0.,1.));
#3055=DIRECTION('',(-1.,0.,0.));
#3056=DIRECTION('center_axis',(1.,0.,-9.35088702965561E-16));
#3057=DIRECTION('ref_axis',(-9.35088702965561E-16,-8.65130840082699E-33,
-1.));
#3058=DIRECTION('',(0.,-1.,0.));
#3059=DIRECTION('',(0.,0.,-1.));
#3060=DIRECTION('center_axis',(-1.,0.,9.35088702965561E-16));
#3061=DIRECTION('ref_axis',(0.,0.707106781186547,0.707106781186548));
#3062=DIRECTION('',(1.82715633965838E-29,1.,-4.44089209850063E-16));
#3063=DIRECTION('',(-9.35088702965561E-16,-8.65130840082699E-33,-1.));
#3064=DIRECTION('',(0.,1.,0.));
#3065=DIRECTION('',(0.,1.,0.));
#3066=DIRECTION('',(6.23392468643698E-16,7.31453563122731E-17,1.));
#3067=DIRECTION('',(1.54150026077104E-9,-1.,0.));
#3068=DIRECTION('',(0.,1.,0.));
#3069=DIRECTION('',(0.,1.,0.));
#3070=DIRECTION('',(0.,0.,1.));
#3071=DIRECTION('center_axis',(-1.,0.,0.));
#3072=DIRECTION('ref_axis',(0.,0.,-1.));
#3073=DIRECTION('center_axis',(-1.,0.,9.35088702965561E-16));
#3074=DIRECTION('ref_axis',(0.,-1.,3.17258948839701E-16));
#3075=DIRECTION('center_axis',(0.,0.,1.));
#3076=DIRECTION('ref_axis',(1.,0.,0.));
#3077=DIRECTION('',(0.,-1.,0.));
#3078=DIRECTION('',(1.,0.,0.));
#3079=DIRECTION('center_axis',(-1.,0.,9.8704769738854E-16));
#3080=DIRECTION('ref_axis',(9.8704769738854E-16,9.51788590984407E-33,1.));
#3081=DIRECTION('',(0.,-1.,0.));
#3082=DIRECTION('',(-9.8704769738854E-16,-9.51788590984407E-33,-1.));
#3083=DIRECTION('',(0.,1.,0.));
#3084=DIRECTION('',(9.8704769738854E-16,9.51788590984407E-33,1.));
#3085=DIRECTION('',(1.82715633965838E-29,1.,-4.44089209850063E-16));
#3086=DIRECTION('center_axis',(1.,0.,-9.8704769738854E-16));
#3087=DIRECTION('ref_axis',(0.,0.707106781186547,0.707106781186548));
#3088=DIRECTION('',(0.,0.,-1.));
#3089=DIRECTION('center_axis',(1.,0.,0.));
#3090=DIRECTION('ref_axis',(0.,0.,-1.));
#3091=DIRECTION('center_axis',(1.,0.,-9.8704769738854E-16));
#3092=DIRECTION('ref_axis',(0.,-1.,3.17258948839701E-16));
#3093=DIRECTION('center_axis',(0.,0.,-1.));
#3094=DIRECTION('ref_axis',(1.,0.,0.));
#3095=DIRECTION('',(0.,1.,0.));
#3096=DIRECTION('',(0.,-1.,0.));
#3097=DIRECTION('',(-1.,-1.28292706084425E-48,0.));
#3098=DIRECTION('center_axis',(-1.,0.,0.));
#3099=DIRECTION('ref_axis',(0.,0.,-1.));
#3100=DIRECTION('',(0.,1.,0.));
#3101=DIRECTION('',(0.,-6.27452289574123E-34,1.));
#3102=DIRECTION('center_axis',(0.,0.,1.));
#3103=DIRECTION('ref_axis',(1.,0.,0.));
#3104=DIRECTION('',(0.,-1.,0.));
#3105=DIRECTION('',(-1.,0.,0.));
#3106=DIRECTION('',(0.,1.,0.));
#3107=DIRECTION('',(1.,7.11112594850672E-34,0.));
#3108=DIRECTION('center_axis',(-1.,0.,0.));
#3109=DIRECTION('ref_axis',(0.,-1.,0.));
#3110=DIRECTION('',(0.,1.,0.));
#3111=DIRECTION('',(0.,0.,1.));
#3112=DIRECTION('center_axis',(0.,0.,1.));
#3113=DIRECTION('ref_axis',(1.,0.,0.));
#3114=DIRECTION('',(9.48150126467562E-34,1.,0.));
#3115=DIRECTION('',(1.,0.,0.));
#3116=DIRECTION('',(2.77555756156289E-16,-1.,0.));
#3117=DIRECTION('',(-1.,0.,0.));
#3118=DIRECTION('',(0.,1.,0.));
#3119=DIRECTION('',(1.,0.,0.));
#3120=DIRECTION('center_axis',(0.,1.,0.));
#3121=DIRECTION('ref_axis',(-0.914245287609598,0.,0.405161145821813));
#3122=DIRECTION('center_axis',(0.,-1.,0.));
#3123=DIRECTION('ref_axis',(-0.914245287609598,0.,0.405161145821813));
#3124=DIRECTION('',(0.,-1.,0.));
#3125=DIRECTION('center_axis',(-3.75347583018498E-15,-1.,7.31453563122754E-17));
#3126=DIRECTION('ref_axis',(-0.914245287609598,0.,0.405161145821813));
#3127=DIRECTION('',(0.,1.,0.));
#3128=DIRECTION('center_axis',(0.,1.,0.));
#3129=DIRECTION('ref_axis',(-1.,0.,0.));
#3130=DIRECTION('',(0.740833336580195,2.19330727381656E-17,0.671688891832711));
#3131=DIRECTION('',(0.,0.,1.));
#3132=DIRECTION('center_axis',(-0.671688891832711,0.,0.740833336580195));
#3133=DIRECTION('ref_axis',(0.740833336580195,2.19330727381656E-17,0.671688891832711));
#3134=DIRECTION('',(-0.740833336580195,2.73156909972496E-15,-0.671688891832711));
#3135=DIRECTION('',(0.,1.,0.));
#3136=DIRECTION('center_axis',(-1.,0.,0.));
#3137=DIRECTION('ref_axis',(0.,0.,1.));
#3138=DIRECTION('',(0.,-7.31453563122754E-17,-1.));
#3139=DIRECTION('center_axis',(-1.,0.,0.));
#3140=DIRECTION('ref_axis',(0.,-1.,0.));
#3141=DIRECTION('',(0.,0.,1.));
#3142=DIRECTION('',(0.,0.,1.));
#3143=DIRECTION('center_axis',(-3.75347583018498E-15,-1.,7.31453563122754E-17));
#3144=DIRECTION('ref_axis',(-1.,3.75347583018498E-15,-8.7281943647959E-30));
#3145=DIRECTION('center_axis',(0.,-1.,0.));
#3146=DIRECTION('ref_axis',(2.22044604925032E-16,0.,-1.));
#3147=DIRECTION('',(0.,0.,-1.));
#3148=DIRECTION('center_axis',(0.,-1.,0.));
#3149=DIRECTION('ref_axis',(-1.,0.,0.));
#3150=DIRECTION('',(0.,0.,1.));
#3151=DIRECTION('',(3.89620292902307E-17,8.65130840082699E-33,1.));
#3152=DIRECTION('',(1.,-6.86540846606342E-33,-2.86949953708272E-15));
#3153=DIRECTION('',(8.45364503778751E-30,-7.31453563122754E-17,-1.));
#3154=DIRECTION('',(1.,-3.75347583018498E-15,8.7281943647959E-30));
#3155=DIRECTION('',(-8.45364503778751E-30,7.31453563122754E-17,1.));
#3156=DIRECTION('',(-1.,3.75347583018498E-15,-8.7281943647959E-30));
#3157=DIRECTION('',(8.45364503778751E-30,-7.31453563122754E-17,-1.));
#3158=DIRECTION('',(1.,-3.75347583018498E-15,8.7281943647959E-30));
#3159=DIRECTION('',(-8.45364503778751E-30,7.31453563122754E-17,1.));
#3160=DIRECTION('',(-1.,3.75347583018498E-15,-8.7281943647959E-30));
#3161=DIRECTION('',(8.45364503778751E-30,-7.31453563122754E-17,-1.));
#3162=DIRECTION('',(1.,-3.75347583018498E-15,8.7281943647959E-30));
#3163=DIRECTION('',(-8.45364503778751E-30,7.31453563122754E-17,1.));
#3164=DIRECTION('',(-1.,3.75347583018498E-15,-8.7281943647959E-30));
#3165=DIRECTION('',(8.45364503778751E-30,-7.31453563122754E-17,-1.));
#3166=DIRECTION('',(1.,-3.75347583018498E-15,8.7281943647959E-30));
#3167=DIRECTION('',(-8.45364503778751E-30,7.31453563122754E-17,1.));
#3168=DIRECTION('',(-1.,3.75347583018498E-15,-8.7281943647959E-30));
#3169=DIRECTION('',(8.45364503778751E-30,-7.31453563122754E-17,-1.));
#3170=DIRECTION('',(1.,-3.75347583018498E-15,8.7281943647959E-30));
#3171=DIRECTION('',(-8.45364503778751E-30,7.31453563122754E-17,1.));
#3172=DIRECTION('',(-1.,3.75347583018498E-15,-8.7281943647959E-30));
#3173=DIRECTION('',(8.45364503778751E-30,-7.31453563122754E-17,-1.));
#3174=DIRECTION('',(1.,-3.75347583018498E-15,8.7281943647959E-30));
#3175=DIRECTION('',(-8.45364503778751E-30,7.31453563122754E-17,1.));
#3176=DIRECTION('',(-1.,3.75347583018498E-15,-8.7281943647959E-30));
#3177=DIRECTION('',(8.45364503778751E-30,-7.31453563122754E-17,-1.));
#3178=DIRECTION('',(1.,-3.75347583018498E-15,8.7281943647959E-30));
#3179=DIRECTION('',(-8.45364503778751E-30,7.31453563122754E-17,1.));
#3180=DIRECTION('',(-1.,3.75347583018498E-15,-8.7281943647959E-30));
#3181=DIRECTION('',(8.45364503778751E-30,-7.31453563122754E-17,-1.));
#3182=DIRECTION('',(1.,-3.75347583018498E-15,8.7281943647959E-30));
#3183=DIRECTION('',(-8.45364503778751E-30,7.31453563122754E-17,1.));
#3184=DIRECTION('',(-1.,3.75347583018498E-15,-8.7281943647959E-30));
#3185=DIRECTION('',(8.45364503778751E-30,-7.31453563122754E-17,-1.));
#3186=DIRECTION('',(1.,-3.75347583018498E-15,8.7281943647959E-30));
#3187=DIRECTION('',(-8.45364503778751E-30,7.31453563122754E-17,1.));
#3188=DIRECTION('',(-1.,3.75347583018498E-15,-8.7281943647959E-30));
#3189=DIRECTION('',(8.45364503778751E-30,-7.31453563122754E-17,-1.));
#3190=DIRECTION('',(1.,-3.75347583018498E-15,8.7281943647959E-30));
#3191=DIRECTION('',(-8.45364503778751E-30,7.31453563122754E-17,1.));
#3192=DIRECTION('',(-1.,3.75347583018498E-15,-8.7281943647959E-30));
#3193=DIRECTION('center_axis',(3.75347583018498E-15,1.,-7.31453563122754E-17));
#3194=DIRECTION('ref_axis',(-1.,3.75347583018498E-15,-8.7281943647959E-30));
#3195=DIRECTION('center_axis',(3.75347583018498E-15,1.,-7.31453563122754E-17));
#3196=DIRECTION('ref_axis',(-1.,3.75347583018498E-15,-8.7281943647959E-30));
#3197=DIRECTION('center_axis',(3.75347583018498E-15,1.,-7.31453563122754E-17));
#3198=DIRECTION('ref_axis',(-1.,3.75347583018498E-15,-8.7281943647959E-30));
#3199=DIRECTION('center_axis',(0.,-1.,0.));
#3200=DIRECTION('ref_axis',(2.22044604925032E-16,0.,-1.));
#3201=DIRECTION('center_axis',(0.,-1.,0.));
#3202=DIRECTION('ref_axis',(2.22044604925032E-16,0.,-1.));
#3203=DIRECTION('',(0.,-1.,0.));
#3204=DIRECTION('center_axis',(-1.,0.,0.));
#3205=DIRECTION('ref_axis',(0.,0.,-1.));
#3206=DIRECTION('',(0.,0.,-1.));
#3207=DIRECTION('',(0.,-1.,0.));
#3208=DIRECTION('center_axis',(0.,-1.,0.));
#3209=DIRECTION('ref_axis',(-1.,0.,0.));
#3210=DIRECTION('center_axis',(0.,-1.,0.));
#3211=DIRECTION('ref_axis',(-1.,0.,0.));
#3212=DIRECTION('',(-2.77555756156289E-16,1.,0.));
#3213=DIRECTION('center_axis',(-1.,0.,0.));
#3214=DIRECTION('ref_axis',(0.,-1.,0.));
#3215=DIRECTION('center_axis',(0.,1.,0.));
#3216=DIRECTION('ref_axis',(-1.,0.,0.));
#3217=DIRECTION('',(0.,0.,-1.));
#3218=DIRECTION('',(-1.,0.,0.));
#3219=DIRECTION('center_axis',(1.,-9.48150126467562E-34,0.));
#3220=DIRECTION('ref_axis',(9.48150126467562E-34,1.,0.));
#3221=DIRECTION('',(9.48150126467562E-34,1.,0.));
#3222=DIRECTION('',(1.,0.,0.));
#3223=DIRECTION('center_axis',(1.,0.,0.));
#3224=DIRECTION('ref_axis',(0.,0.,1.));
#3225=DIRECTION('',(0.,0.,1.));
#3226=DIRECTION('',(1.54150026077104E-9,-1.,0.));
#3227=DIRECTION('',(0.,0.,1.));
#3228=DIRECTION('',(3.41372053857061E-7,0.999999999999942,0.));
#3229=DIRECTION('center_axis',(1.,0.,2.96059473233375E-16));
#3230=DIRECTION('ref_axis',(-2.61682076447296E-16,0.707106781186547,0.707106781186548));
#3231=DIRECTION('center_axis',(-1.,0.,3.89620292902307E-17));
#3232=DIRECTION('ref_axis',(-2.61682076447296E-16,0.707106781186547,0.707106781186548));
#3233=DIRECTION('',(-1.,0.,-2.96059473233375E-16));
#3234=DIRECTION('center_axis',(1.,0.,-3.89620292902317E-17));
#3235=DIRECTION('ref_axis',(-2.61682076447296E-16,0.707106781186547,0.707106781186548));
#3236=DIRECTION('',(1.,0.,2.96059473233375E-16));
#3237=DIRECTION('center_axis',(1.,0.,-3.89620292902307E-17));
#3238=DIRECTION('ref_axis',(-3.89620292902307E-17,-8.65130840082699E-33,
-1.));
#3239=DIRECTION('',(0.,-1.,0.));
#3240=DIRECTION('',(2.96059473233375E-16,0.,-1.));
#3241=DIRECTION('',(-1.8140086579047E-29,1.,-4.44089209850063E-16));
#3242=DIRECTION('',(-3.89620292902307E-17,-8.65130840082699E-33,-1.));
#3243=DIRECTION('',(0.,1.,0.));
#3244=DIRECTION('center_axis',(1.,0.,2.96059473233375E-16));
#3245=DIRECTION('ref_axis',(2.96059473233375E-16,0.,-1.));
#3246=DIRECTION('center_axis',(2.96059473233375E-16,-4.44089209850063E-16,
-1.));
#3247=DIRECTION('ref_axis',(-1.8140086579047E-29,1.,-4.44089209850063E-16));
#3248=DIRECTION('',(-1.8140086579047E-29,1.,-4.44089209850063E-16));
#3249=DIRECTION('',(-1.,0.,-2.96059473233375E-16));
#3250=DIRECTION('center_axis',(-1.,0.,-2.96059473233375E-16));
#3251=DIRECTION('ref_axis',(2.96059473233375E-16,0.,-1.));
#3252=DIRECTION('',(-1.,0.,-2.96059473233375E-16));
#3253=DIRECTION('center_axis',(-1.,0.,-2.96059473233375E-16));
#3254=DIRECTION('ref_axis',(2.96059473233375E-16,0.,-1.));
#3255=DIRECTION('center_axis',(0.,-1.,0.));
#3256=DIRECTION('ref_axis',(2.96059473233375E-16,0.,-1.));
#3257=DIRECTION('',(1.,0.,0.));
#3258=DIRECTION('',(2.96059473233375E-16,0.,-1.));
#3259=DIRECTION('center_axis',(0.,0.,1.));
#3260=DIRECTION('ref_axis',(1.,0.,0.));
#3261=DIRECTION('',(0.,-1.,0.));
#3262=DIRECTION('center_axis',(-1.,0.,0.));
#3263=DIRECTION('ref_axis',(0.,0.707106781186547,0.707106781186548));
#3264=DIRECTION('',(1.,0.,0.));
#3265=DIRECTION('',(-1.,0.,0.));
#3266=DIRECTION('center_axis',(0.,4.44089209850063E-16,1.));
#3267=DIRECTION('ref_axis',(1.82715633965838E-29,1.,-4.44089209850063E-16));
#3268=DIRECTION('',(-1.,0.,0.));
#3269=DIRECTION('center_axis',(-1.,0.,0.));
#3270=DIRECTION('ref_axis',(0.,0.,-1.));
#3271=DIRECTION('',(1.,0.,0.));
#3272=DIRECTION('center_axis',(0.,1.,0.));
#3273=DIRECTION('ref_axis',(0.,0.,-1.));
#3274=DIRECTION('center_axis',(1.,0.,0.));
#3275=DIRECTION('ref_axis',(0.,-1.,0.));
#3276=DIRECTION('',(0.,1.,0.));
#3277=DIRECTION('',(0.,0.,-1.));
#3278=DIRECTION('',(0.,-1.,0.));
#3279=DIRECTION('',(0.,0.,1.));
#3280=DIRECTION('center_axis',(-1.,0.,0.));
#3281=DIRECTION('ref_axis',(0.,1.,0.));
#3282=DIRECTION('',(0.,-1.,0.));
#3283=DIRECTION('',(0.,0.,-1.));
#3284=DIRECTION('',(0.,1.,0.));
#3285=DIRECTION('',(0.,0.,-1.));
#3286=DIRECTION('center_axis',(0.,-1.,0.));
#3287=DIRECTION('ref_axis',(-1.,0.,0.));
#3288=DIRECTION('',(1.,0.,-2.86949953708272E-15));
#3289=DIRECTION('',(-1.,0.,2.8771977226639E-15));
#3290=DIRECTION('',(-1.,0.,0.));
#3291=DIRECTION('center_axis',(0.,0.,1.));
#3292=DIRECTION('ref_axis',(1.,0.,0.));
#3293=DIRECTION('',(0.,1.,0.));
#3294=DIRECTION('',(-1.,0.,0.));
#3295=DIRECTION('center_axis',(0.,1.,0.));
#3296=DIRECTION('ref_axis',(0.,0.,1.));
#3297=DIRECTION('',(3.89620292902317E-17,8.65130840082699E-33,1.));
#3298=DIRECTION('',(0.459020044653618,0.,0.888425910589167));
#3299=DIRECTION('',(0.888425910589167,0.,-0.459020044653618));
#3300=DIRECTION('',(0.459020044653618,0.,0.888425910589167));
#3301=DIRECTION('',(1.,-6.94419816978376E-33,-2.8771977226639E-15));
#3302=DIRECTION('',(-0.0523359562429439,0.,-0.998629534754574));
#3303=DIRECTION('center_axis',(0.,1.,0.));
#3304=DIRECTION('ref_axis',(-3.34373052121705E-14,0.,-1.));
#3305=DIRECTION('',(-0.0523359562429438,0.,0.998629534754574));
#3306=DIRECTION('',(1.,-6.94419816978376E-33,-2.8771977226639E-15));
#3307=DIRECTION('',(-1.,6.86540846606342E-33,2.86949953708272E-15));
#3308=DIRECTION('center_axis',(0.,1.,0.));
#3309=DIRECTION('ref_axis',(0.,0.,1.));
#3310=DIRECTION('',(-1.,6.86540846606342E-33,2.86949953708272E-15));
#3311=DIRECTION('',(-0.459020044653618,0.,0.888425910589167));
#3312=DIRECTION('',(-0.888425910589167,0.,-0.459020044653619));
#3313=DIRECTION('',(-0.459020044653618,0.,0.888425910589167));
#3314=DIRECTION('center_axis',(2.8771977226639E-15,0.,1.));
#3315=DIRECTION('ref_axis',(1.,-6.94419816978376E-33,-2.8771977226639E-15));
#3316=DIRECTION('',(0.,-1.,0.));
#3317=DIRECTION('',(0.,1.,0.));
#3318=DIRECTION('',(0.,-1.,0.));
#3319=DIRECTION('',(-0.908828287625845,-0.417170401168484,2.61487867944961E-15));
#3320=DIRECTION('',(0.,1.,0.));
#3321=DIRECTION('',(-1.,3.75347583018498E-15,3.01345098490317E-15));
#3322=DIRECTION('',(-0.908828287625843,0.417170401168488,2.61487867944961E-15));
#3323=DIRECTION('',(0.,1.,0.));
#3324=DIRECTION('center_axis',(0.888425910589167,0.,0.459020044653619));
#3325=DIRECTION('ref_axis',(0.459020044653619,0.,-0.888425910589167));
#3326=DIRECTION('',(0.324576186275125,-0.707106781186547,-0.628211985959434));
#3327=DIRECTION('center_axis',(0.324576186275125,0.707106781186548,-0.628211985959433));
#3328=DIRECTION('ref_axis',(0.324576186275125,-0.707106781186547,-0.628211985959434));
#3329=DIRECTION('',(0.324576186275125,-0.707106781186547,-0.628211985959434));
#3330=DIRECTION('center_axis',(-0.888425910589167,0.,-0.459020044653618));
#3331=DIRECTION('ref_axis',(-0.459020044653618,0.,0.888425910589167));
#3332=DIRECTION('center_axis',(0.888425910589167,0.,-0.459020044653618));
#3333=DIRECTION('ref_axis',(-0.459020044653618,0.,-0.888425910589167));
#3334=DIRECTION('',(-0.324576186275125,-0.707106781186547,-0.628211985959434));
#3335=DIRECTION('center_axis',(0.324576186275125,-0.707106781186548,0.628211985959433));
#3336=DIRECTION('ref_axis',(-0.324576186275125,-0.707106781186547,-0.628211985959434));
#3337=DIRECTION('',(-0.324576186275125,-0.707106781186547,-0.628211985959434));
#3338=DIRECTION('center_axis',(-0.888425910589167,0.,0.459020044653618));
#3339=DIRECTION('ref_axis',(0.459020044653618,0.,0.888425910589167));
#3340=DIRECTION('',(0.,1.,0.));
#3341=DIRECTION('center_axis',(-0.998629534754574,0.,0.0523359562429439));
#3342=DIRECTION('ref_axis',(0.0523359562429439,0.,0.998629534754574));
#3343=DIRECTION('',(0.0178999512552976,0.939692620785908,0.341551416606005));
#3344=DIRECTION('center_axis',(0.,-1.,0.));
#3345=DIRECTION('ref_axis',(0.,0.,-1.));
#3346=DIRECTION('',(0.0178999512552976,-0.939692620785908,-0.341551416606005));
#3347=DIRECTION('center_axis',(-0.998629534754574,0.,-0.0523359562429438));
#3348=DIRECTION('ref_axis',(-0.0523359562429438,0.,0.998629534754574));
#3349=DIRECTION('center_axis',(-1.,3.8117657178797E-15,-8.73245799940073E-30));
#3350=DIRECTION('ref_axis',(8.45364503778751E-30,-7.31453563122754E-17,
-1.));
#3351=DIRECTION('',(-3.8117657178797E-15,-1.,1.28656507543526E-16));
#3352=DIRECTION('',(8.45364503778751E-30,-7.31453563122754E-17,-1.));
#3353=DIRECTION('',(-3.8117657178797E-15,-1.,1.28656507543526E-16));
#3354=DIRECTION('center_axis',(-8.24528527333526E-30,1.28656507543526E-16,
1.));
#3355=DIRECTION('ref_axis',(-1.,3.75347583018498E-15,-8.7281943647959E-30));
#3356=DIRECTION('',(-3.8117657178797E-15,-1.,1.28656507543526E-16));
#3357=DIRECTION('',(-1.,3.75347583018498E-15,-8.7281943647959E-30));
#3358=DIRECTION('center_axis',(1.,-3.8117657178797E-15,8.73245799940073E-30));
#3359=DIRECTION('ref_axis',(-8.45364503778751E-30,7.31453563122754E-17,
1.));
#3360=DIRECTION('',(-3.8117657178797E-15,-1.,1.28656507543526E-16));
#3361=DIRECTION('',(-8.45364503778751E-30,7.31453563122754E-17,1.));
#3362=DIRECTION('center_axis',(8.24528527333526E-30,-1.28656507543526E-16,
-1.));
#3363=DIRECTION('ref_axis',(1.,-3.75347583018498E-15,8.7281943647959E-30));
#3364=DIRECTION('',(1.,-3.75347583018498E-15,8.7281943647959E-30));
#3365=DIRECTION('center_axis',(-3.8117657178797E-15,-1.,1.28656507543526E-16));
#3366=DIRECTION('ref_axis',(-1.95779005019111E-33,-1.28656507543526E-16,
-1.));
#3367=DIRECTION('center_axis',(-1.,3.07161703479626E-15,-8.67831956025253E-30));
#3368=DIRECTION('ref_axis',(8.45364503778751E-30,-7.31453563122754E-17,
-1.));
#3369=DIRECTION('',(-3.07161703479626E-15,-1.,1.28656507543526E-16));
#3370=DIRECTION('',(8.45364503778751E-30,-7.31453563122754E-17,-1.));
#3371=DIRECTION('',(-3.07161703479626E-15,-1.,1.28656507543526E-16));
#3372=DIRECTION('center_axis',(-8.24528527333526E-30,1.28656507543526E-16,
1.));
#3373=DIRECTION('ref_axis',(-1.,3.75347583018498E-15,-8.7281943647959E-30));
#3374=DIRECTION('',(-3.07161703479626E-15,-1.,1.28656507543526E-16));
#3375=DIRECTION('',(-1.,3.75347583018498E-15,-8.7281943647959E-30));
#3376=DIRECTION('center_axis',(1.,-3.07161703479626E-15,8.67831956025253E-30));
#3377=DIRECTION('ref_axis',(-8.45364503778751E-30,7.31453563122754E-17,
1.));
#3378=DIRECTION('',(-3.07161703479626E-15,-1.,1.28656507543526E-16));
#3379=DIRECTION('',(-8.45364503778751E-30,7.31453563122754E-17,1.));
#3380=DIRECTION('center_axis',(8.24528527333526E-30,-1.28656507543526E-16,
-1.));
#3381=DIRECTION('ref_axis',(1.,-3.75347583018498E-15,8.7281943647959E-30));
#3382=DIRECTION('',(1.,-3.75347583018498E-15,8.7281943647959E-30));
#3383=DIRECTION('center_axis',(-3.07161703479626E-15,-1.,1.28656507543526E-16));
#3384=DIRECTION('ref_axis',(-1.95779005019111E-33,-1.28656507543526E-16,
-1.));
#3385=DIRECTION('center_axis',(-1.,6.03221176713001E-15,-8.89487331684533E-30));
#3386=DIRECTION('ref_axis',(8.45364503778751E-30,-7.31453563122755E-17,
-1.));
#3387=DIRECTION('',(-6.03221176713001E-15,-1.,1.28656507543526E-16));
#3388=DIRECTION('',(8.45364503778751E-30,-7.31453563122755E-17,-1.));
#3389=DIRECTION('',(-6.03221176713001E-15,-1.,1.28656507543526E-16));
#3390=DIRECTION('center_axis',(-8.24528527333526E-30,1.28656507543526E-16,
1.));
#3391=DIRECTION('ref_axis',(-1.,3.75347583018498E-15,-8.7281943647959E-30));
#3392=DIRECTION('',(-6.03221176713001E-15,-1.,1.28656507543526E-16));
#3393=DIRECTION('',(-1.,3.75347583018498E-15,-8.7281943647959E-30));
#3394=DIRECTION('center_axis',(1.,-6.03221176713001E-15,8.89487331684533E-30));
#3395=DIRECTION('ref_axis',(-8.45364503778751E-30,7.31453563122754E-17,
1.));
#3396=DIRECTION('',(-6.03221176713001E-15,-1.,1.28656507543526E-16));
#3397=DIRECTION('',(-8.45364503778751E-30,7.31453563122754E-17,1.));
#3398=DIRECTION('center_axis',(8.24528527333526E-30,-1.28656507543526E-16,
-1.));
#3399=DIRECTION('ref_axis',(1.,-3.75347583018498E-15,8.7281943647959E-30));
#3400=DIRECTION('',(1.,-3.75347583018498E-15,8.7281943647959E-30));
#3401=DIRECTION('center_axis',(-6.03221176713001E-15,-1.,1.28656507543526E-16));
#3402=DIRECTION('ref_axis',(-1.95779005019111E-33,-1.28656507543526E-16,
-1.));
#3403=DIRECTION('center_axis',(-1.,3.07161703479626E-15,-8.67831956025253E-30));
#3404=DIRECTION('ref_axis',(8.45364503778751E-30,-7.31453563122754E-17,
-1.));
#3405=DIRECTION('',(-3.07161703479626E-15,-1.,1.28656507543526E-16));
#3406=DIRECTION('',(8.45364503778751E-30,-7.31453563122754E-17,-1.));
#3407=DIRECTION('',(-3.07161703479626E-15,-1.,1.28656507543526E-16));
#3408=DIRECTION('center_axis',(-8.24528527333526E-30,1.28656507543526E-16,
1.));
#3409=DIRECTION('ref_axis',(-1.,3.75347583018498E-15,-8.7281943647959E-30));
#3410=DIRECTION('',(-3.07161703479626E-15,-1.,1.28656507543526E-16));
#3411=DIRECTION('',(-1.,3.75347583018498E-15,-8.7281943647959E-30));
#3412=DIRECTION('center_axis',(1.,-3.07161703479626E-15,8.67831956025253E-30));
#3413=DIRECTION('ref_axis',(-8.45364503778751E-30,7.31453563122754E-17,
1.));
#3414=DIRECTION('',(-3.07161703479626E-15,-1.,1.28656507543526E-16));
#3415=DIRECTION('',(-8.45364503778751E-30,7.31453563122754E-17,1.));
#3416=DIRECTION('center_axis',(8.24528527333526E-30,-1.28656507543526E-16,
-1.));
#3417=DIRECTION('ref_axis',(1.,-3.75347583018498E-15,8.7281943647959E-30));
#3418=DIRECTION('',(1.,-3.75347583018498E-15,8.7281943647959E-30));
#3419=DIRECTION('center_axis',(-3.07161703479626E-15,-1.,1.28656507543526E-16));
#3420=DIRECTION('ref_axis',(-1.95779005019111E-33,-1.28656507543526E-16,
-1.));
#3421=DIRECTION('center_axis',(-1.,3.07161703479626E-15,-8.67831956025253E-30));
#3422=DIRECTION('ref_axis',(8.45364503778751E-30,-7.31453563122754E-17,
-1.));
#3423=DIRECTION('',(-3.07161703479626E-15,-1.,1.28656507543526E-16));
#3424=DIRECTION('',(8.45364503778751E-30,-7.31453563122754E-17,-1.));
#3425=DIRECTION('',(-3.07161703479626E-15,-1.,1.28656507543526E-16));
#3426=DIRECTION('center_axis',(-8.24528527333526E-30,1.28656507543526E-16,
1.));
#3427=DIRECTION('ref_axis',(-1.,3.75347583018498E-15,-8.7281943647959E-30));
#3428=DIRECTION('',(-3.07161703479626E-15,-1.,1.28656507543526E-16));
#3429=DIRECTION('',(-1.,3.75347583018498E-15,-8.7281943647959E-30));
#3430=DIRECTION('center_axis',(1.,-3.07161703479626E-15,8.67831956025253E-30));
#3431=DIRECTION('ref_axis',(-8.45364503778751E-30,7.31453563122754E-17,
1.));
#3432=DIRECTION('',(-3.07161703479626E-15,-1.,1.28656507543526E-16));
#3433=DIRECTION('',(-8.45364503778751E-30,7.31453563122754E-17,1.));
#3434=DIRECTION('center_axis',(8.24528527333526E-30,-1.28656507543526E-16,
-1.));
#3435=DIRECTION('ref_axis',(1.,-3.75347583018498E-15,8.7281943647959E-30));
#3436=DIRECTION('',(1.,-3.75347583018498E-15,8.7281943647959E-30));
#3437=DIRECTION('center_axis',(-3.07161703479626E-15,-1.,1.28656507543526E-16));
#3438=DIRECTION('ref_axis',(-1.95779005019111E-33,-1.28656507543526E-16,
-1.));
#3439=DIRECTION('center_axis',(-1.,3.07161703479626E-15,-8.67831956025253E-30));
#3440=DIRECTION('ref_axis',(8.45364503778751E-30,-7.31453563122754E-17,
-1.));
#3441=DIRECTION('',(-3.07161703479626E-15,-1.,1.28656507543526E-16));
#3442=DIRECTION('',(8.45364503778751E-30,-7.31453563122754E-17,-1.));
#3443=DIRECTION('',(-3.07161703479626E-15,-1.,1.28656507543526E-16));
#3444=DIRECTION('center_axis',(-8.24528527333526E-30,1.28656507543526E-16,
1.));
#3445=DIRECTION('ref_axis',(-1.,3.75347583018498E-15,-8.7281943647959E-30));
#3446=DIRECTION('',(-3.07161703479626E-15,-1.,1.28656507543526E-16));
#3447=DIRECTION('',(-1.,3.75347583018498E-15,-8.7281943647959E-30));
#3448=DIRECTION('center_axis',(1.,-3.07161703479626E-15,8.67831956025253E-30));
#3449=DIRECTION('ref_axis',(-8.45364503778751E-30,7.31453563122754E-17,
1.));
#3450=DIRECTION('',(-3.07161703479626E-15,-1.,1.28656507543526E-16));
#3451=DIRECTION('',(-8.45364503778751E-30,7.31453563122754E-17,1.));
#3452=DIRECTION('center_axis',(8.24528527333526E-30,-1.28656507543526E-16,
-1.));
#3453=DIRECTION('ref_axis',(1.,-3.75347583018498E-15,8.7281943647959E-30));
#3454=DIRECTION('',(1.,-3.75347583018498E-15,8.7281943647959E-30));
#3455=DIRECTION('center_axis',(-3.07161703479626E-15,-1.,1.28656507543526E-16));
#3456=DIRECTION('ref_axis',(-1.95779005019111E-33,-1.28656507543526E-16,
-1.));
#3457=DIRECTION('center_axis',(-1.,3.07161703479626E-15,-8.67831956025253E-30));
#3458=DIRECTION('ref_axis',(8.45364503778751E-30,-7.31453563122754E-17,
-1.));
#3459=DIRECTION('',(-3.07161703479626E-15,-1.,1.28656507543526E-16));
#3460=DIRECTION('',(8.45364503778751E-30,-7.31453563122754E-17,-1.));
#3461=DIRECTION('',(-3.07161703479626E-15,-1.,1.28656507543526E-16));
#3462=DIRECTION('center_axis',(-8.24528527333526E-30,1.28656507543526E-16,
1.));
#3463=DIRECTION('ref_axis',(-1.,3.75347583018498E-15,-8.7281943647959E-30));
#3464=DIRECTION('',(-3.07161703479626E-15,-1.,1.28656507543526E-16));
#3465=DIRECTION('',(-1.,3.75347583018498E-15,-8.7281943647959E-30));
#3466=DIRECTION('center_axis',(1.,-3.07161703479626E-15,8.67831956025253E-30));
#3467=DIRECTION('ref_axis',(-8.45364503778751E-30,7.31453563122754E-17,
1.));
#3468=DIRECTION('',(-3.07161703479626E-15,-1.,1.28656507543526E-16));
#3469=DIRECTION('',(-8.45364503778751E-30,7.31453563122754E-17,1.));
#3470=DIRECTION('center_axis',(8.24528527333526E-30,-1.28656507543526E-16,
-1.));
#3471=DIRECTION('ref_axis',(1.,-3.75347583018498E-15,8.7281943647959E-30));
#3472=DIRECTION('',(1.,-3.75347583018498E-15,8.7281943647959E-30));
#3473=DIRECTION('center_axis',(-3.07161703479626E-15,-1.,1.28656507543526E-16));
#3474=DIRECTION('ref_axis',(-1.95779005019111E-33,-1.28656507543526E-16,
-1.));
#3475=DIRECTION('center_axis',(-1.,6.03221176713001E-15,-8.89487331684533E-30));
#3476=DIRECTION('ref_axis',(8.45364503778751E-30,-7.31453563122755E-17,
-1.));
#3477=DIRECTION('',(-6.03221176713001E-15,-1.,1.28656507543526E-16));
#3478=DIRECTION('',(8.45364503778751E-30,-7.31453563122755E-17,-1.));
#3479=DIRECTION('',(-6.03221176713001E-15,-1.,1.28656507543526E-16));
#3480=DIRECTION('center_axis',(-8.24528527333526E-30,1.28656507543526E-16,
1.));
#3481=DIRECTION('ref_axis',(-1.,3.75347583018498E-15,-8.7281943647959E-30));
#3482=DIRECTION('',(-6.03221176713001E-15,-1.,1.28656507543526E-16));
#3483=DIRECTION('',(-1.,3.75347583018498E-15,-8.7281943647959E-30));
#3484=DIRECTION('center_axis',(1.,-6.03221176713001E-15,8.89487331684533E-30));
#3485=DIRECTION('ref_axis',(-8.45364503778751E-30,7.31453563122754E-17,
1.));
#3486=DIRECTION('',(-6.03221176713001E-15,-1.,1.28656507543526E-16));
#3487=DIRECTION('',(-8.45364503778751E-30,7.31453563122754E-17,1.));
#3488=DIRECTION('center_axis',(8.24528527333526E-30,-1.28656507543526E-16,
-1.));
#3489=DIRECTION('ref_axis',(1.,-3.75347583018498E-15,8.7281943647959E-30));
#3490=DIRECTION('',(1.,-3.75347583018498E-15,8.7281943647959E-30));
#3491=DIRECTION('center_axis',(-6.03221176713001E-15,-1.,1.28656507543526E-16));
#3492=DIRECTION('ref_axis',(-1.95779005019111E-33,-1.28656507543526E-16,
-1.));
#3493=DIRECTION('center_axis',(-1.,3.07161703479626E-15,-8.67831956025253E-30));
#3494=DIRECTION('ref_axis',(8.45364503778751E-30,-7.31453563122754E-17,
-1.));
#3495=DIRECTION('',(-3.07161703479626E-15,-1.,1.28656507543526E-16));
#3496=DIRECTION('',(8.45364503778751E-30,-7.31453563122754E-17,-1.));
#3497=DIRECTION('',(-3.07161703479626E-15,-1.,1.28656507543526E-16));
#3498=DIRECTION('center_axis',(-8.24528527333526E-30,1.28656507543526E-16,
1.));
#3499=DIRECTION('ref_axis',(-1.,3.75347583018498E-15,-8.7281943647959E-30));
#3500=DIRECTION('',(-3.07161703479626E-15,-1.,1.28656507543526E-16));
#3501=DIRECTION('',(-1.,3.75347583018498E-15,-8.7281943647959E-30));
#3502=DIRECTION('center_axis',(1.,-3.07161703479626E-15,8.67831956025253E-30));
#3503=DIRECTION('ref_axis',(-8.45364503778751E-30,7.31453563122754E-17,
1.));
#3504=DIRECTION('',(-3.07161703479626E-15,-1.,1.28656507543526E-16));
#3505=DIRECTION('',(-8.45364503778751E-30,7.31453563122754E-17,1.));
#3506=DIRECTION('center_axis',(8.24528527333526E-30,-1.28656507543526E-16,
-1.));
#3507=DIRECTION('ref_axis',(1.,-3.75347583018498E-15,8.7281943647959E-30));
#3508=DIRECTION('',(1.,-3.75347583018498E-15,8.7281943647959E-30));
#3509=DIRECTION('center_axis',(-3.07161703479626E-15,-1.,1.28656507543526E-16));
#3510=DIRECTION('ref_axis',(-1.95779005019111E-33,-1.28656507543526E-16,
-1.));
#3511=DIRECTION('center_axis',(-1.,3.8117657178797E-15,-8.73245799940073E-30));
#3512=DIRECTION('ref_axis',(8.45364503778751E-30,-7.31453563122754E-17,
-1.));
#3513=DIRECTION('',(-3.8117657178797E-15,-1.,1.28656507543526E-16));
#3514=DIRECTION('',(8.45364503778751E-30,-7.31453563122754E-17,-1.));
#3515=DIRECTION('',(-3.8117657178797E-15,-1.,1.28656507543526E-16));
#3516=DIRECTION('center_axis',(-8.24528527333526E-30,1.28656507543526E-16,
1.));
#3517=DIRECTION('ref_axis',(-1.,3.75347583018498E-15,-8.7281943647959E-30));
#3518=DIRECTION('',(-3.8117657178797E-15,-1.,1.28656507543526E-16));
#3519=DIRECTION('',(-1.,3.75347583018498E-15,-8.7281943647959E-30));
#3520=DIRECTION('center_axis',(1.,-3.8117657178797E-15,8.73245799940073E-30));
#3521=DIRECTION('ref_axis',(-8.45364503778751E-30,7.31453563122754E-17,
1.));
#3522=DIRECTION('',(-3.8117657178797E-15,-1.,1.28656507543526E-16));
#3523=DIRECTION('',(-8.45364503778751E-30,7.31453563122754E-17,1.));
#3524=DIRECTION('center_axis',(8.24528527333526E-30,-1.28656507543526E-16,
-1.));
#3525=DIRECTION('ref_axis',(1.,-3.75347583018498E-15,8.7281943647959E-30));
#3526=DIRECTION('',(1.,-3.75347583018498E-15,8.7281943647959E-30));
#3527=DIRECTION('center_axis',(-3.8117657178797E-15,-1.,1.28656507543526E-16));
#3528=DIRECTION('ref_axis',(-1.95779005019111E-33,-1.28656507543526E-16,
-1.));
#3529=DIRECTION('center_axis',(-3.8117657178797E-15,-1.,1.28656507543526E-16));
#3530=DIRECTION('ref_axis',(-1.,3.8117657178797E-15,-8.73569373817181E-30));
#3531=DIRECTION('center_axis',(3.75347583018498E-15,1.,-7.31453563122754E-17));
#3532=DIRECTION('ref_axis',(-1.,3.75347583018498E-15,-8.7281943647959E-30));
#3533=DIRECTION('',(3.8117657178797E-15,1.,-1.28656507543526E-16));
#3534=DIRECTION('center_axis',(-3.8117657178797E-15,-1.,1.28656507543526E-16));
#3535=DIRECTION('ref_axis',(-1.,3.8117657178797E-15,-8.73569373817181E-30));
#3536=DIRECTION('center_axis',(3.75347583018498E-15,1.,-7.31453563122754E-17));
#3537=DIRECTION('ref_axis',(-1.,3.75347583018498E-15,-8.7281943647959E-30));
#3538=DIRECTION('',(3.8117657178797E-15,1.,-1.28656507543526E-16));
#3539=DIRECTION('center_axis',(-3.8117657178797E-15,-1.,1.28656507543526E-16));
#3540=DIRECTION('ref_axis',(-1.,3.8117657178797E-15,-8.73569373817181E-30));
#3541=DIRECTION('center_axis',(3.75347583018498E-15,1.,-7.31453563122754E-17));
#3542=DIRECTION('ref_axis',(-1.,3.75347583018498E-15,-8.7281943647959E-30));
#3543=DIRECTION('',(3.8117657178797E-15,1.,-1.28656507543526E-16));
#3544=DIRECTION('center_axis',(1.,1.54150026077104E-9,0.));
#3545=DIRECTION('ref_axis',(0.,0.,1.));
#3546=DIRECTION('',(0.,0.,1.));
#3547=DIRECTION('',(0.,0.,1.));
#3548=DIRECTION('center_axis',(1.54150026077104E-9,-1.,0.));
#3549=DIRECTION('ref_axis',(0.,0.,-1.));
#3550=DIRECTION('',(1.,1.56569913729189E-16,0.));
#3551=DIRECTION('',(-1.,-1.54150025039013E-9,0.));
#3552=DIRECTION('',(0.,0.,1.));
#3553=DIRECTION('center_axis',(0.,-1.,0.));
#3554=DIRECTION('ref_axis',(0.,0.,-1.));
#3555=DIRECTION('center_axis',(1.,0.,-1.46941282670976E-15));
#3556=DIRECTION('ref_axis',(1.46941282670976E-15,0.,1.));
#3557=DIRECTION('',(0.,-1.,0.));
#3558=DIRECTION('center_axis',(0.,0.,1.));
#3559=DIRECTION('ref_axis',(1.,0.,0.));
#3560=DIRECTION('center_axis',(-1.87643338029859E-16,-1.,0.));
#3561=DIRECTION('ref_axis',(1.,-1.87643338029859E-16,0.));
#3562=DIRECTION('',(0.,0.,1.));
#3563=DIRECTION('',(0.,0.,-1.));
#3564=DIRECTION('center_axis',(0.999999999999942,-3.41372053857061E-7,0.));
#3565=DIRECTION('ref_axis',(3.41372053857061E-7,0.999999999999942,0.));
#3566=DIRECTION('center_axis',(-2.86949953708272E-15,0.,-1.));
#3567=DIRECTION('ref_axis',(-1.,6.86540846606342E-33,2.86949953708272E-15));
#3568=DIRECTION('center_axis',(-1.,0.,3.89620292902317E-17));
#3569=DIRECTION('ref_axis',(3.89620292902317E-17,8.65130840082699E-33,1.));
#3570=CARTESIAN_POINT('',(0.,0.,0.));
#3571=CARTESIAN_POINT('Origin',(-1.5,68.,18.7));
#3572=CARTESIAN_POINT('',(37.5,-8.88178419700125E-15,18.7));
#3573=CARTESIAN_POINT('',(37.5,-1.,18.7));
#3574=CARTESIAN_POINT('',(37.5,31.75,18.7));
#3575=CARTESIAN_POINT('',(-1.49999999999999,-1.,18.7));
#3576=CARTESIAN_POINT('',(-1.5,-1.,18.7));
#3577=CARTESIAN_POINT('',(-1.5,63.,18.7));
#3578=CARTESIAN_POINT('',(-1.5,68.,18.7));
#3579=CARTESIAN_POINT('',(2.49407390766167E-15,63.,18.7));
#3580=CARTESIAN_POINT('',(33.25,63.,18.7));
#3581=CARTESIAN_POINT('',(2.22044604925031E-15,-8.88178419700125E-15,18.7));
#3582=CARTESIAN_POINT('',(2.49407390766167E-15,68.,18.7));
#3583=CARTESIAN_POINT('',(65.75,-4.67556531114317E-32,18.7));
#3584=CARTESIAN_POINT('Origin',(65.,-4.62223186652937E-32,0.));
#3585=CARTESIAN_POINT('',(37.5,-8.88178419700125E-15,20.));
#3586=CARTESIAN_POINT('',(37.5,0.,10.));
#3587=CARTESIAN_POINT('',(2.22044604925031E-15,-8.88178419700125E-15,20.));
#3588=CARTESIAN_POINT('',(-3.62609344038458E-64,0.,9.35));
#3589=CARTESIAN_POINT('',(68.,-2.11758236813575E-21,20.));
#3590=CARTESIAN_POINT('Origin',(65.,-4.62223186652937E-32,0.));
#3591=CARTESIAN_POINT('',(42.5,-8.88178419700125E-15,18.7));
#3592=CARTESIAN_POINT('',(42.5,-8.88178419700125E-15,20.));
#3593=CARTESIAN_POINT('',(42.5,0.,10.));
#3594=CARTESIAN_POINT('',(65.,-8.88178419700125E-15,20.));
#3595=CARTESIAN_POINT('',(68.,-2.11758236813575E-21,20.));
#3596=CARTESIAN_POINT('',(65.,-8.88178419700125E-15,18.7));
#3597=CARTESIAN_POINT('',(65.,0.,10.));
#3598=CARTESIAN_POINT('',(65.75,-4.67556531114317E-32,18.7));
#3599=CARTESIAN_POINT('Origin',(32.5,-1.,17.85));
#3600=CARTESIAN_POINT('',(37.5,-1.,17.));
#3601=CARTESIAN_POINT('',(37.5,-1.,18.925));
#3602=CARTESIAN_POINT('',(5.,-1.,17.));
#3603=CARTESIAN_POINT('',(66.5,-1.,17.));
#3604=CARTESIAN_POINT('',(-1.5,-1.,17.));
#3605=CARTESIAN_POINT('',(66.5,-1.,17.));
#3606=CARTESIAN_POINT('',(-1.5,-1.,17.));
#3607=CARTESIAN_POINT('Origin',(32.4999999776483,-5.50000008195639,20.));
#3608=CARTESIAN_POINT('',(37.5,-7.99999999999999,20.));
#3609=CARTESIAN_POINT('',(37.5,-5.0000000409782,20.));
#3610=CARTESIAN_POINT('',(2.04614103438416E-12,-8.00000000000001,20.));
#3611=CARTESIAN_POINT('',(2.04614103438416E-12,-8.00000000000001,20.));
#3612=CARTESIAN_POINT('',(15.8024996798251,-7.99999999999995,20.));
#3613=CARTESIAN_POINT('Origin',(32.4999999776483,-5.50000008195639,20.));
#3614=CARTESIAN_POINT('',(42.5,-7.99999999999999,20.));
#3615=CARTESIAN_POINT('',(42.5,-2.7500000409782,20.));
#3616=CARTESIAN_POINT('',(64.999999382002,-8.00000000000001,19.9999999999998));
#3617=CARTESIAN_POINT('',(15.8024996798251,-7.99999999999995,20.));
#3618=CARTESIAN_POINT('',(64.999999382002,-8.00000000000001,19.9999999999998));
#3619=CARTESIAN_POINT('Origin',(32.4999999776483,-5.50000008195639,17.));
#3620=CARTESIAN_POINT('',(37.5,-7.99999999999999,17.));
#3621=CARTESIAN_POINT('',(37.5,-5.0000000409782,17.));
#3622=CARTESIAN_POINT('',(5.,-8.,17.));
#3623=CARTESIAN_POINT('',(26.,-8.,17.));
#3624=CARTESIAN_POINT('',(5.,-6.7500000409782,17.));
#3625=CARTESIAN_POINT('Origin',(27.5,-7.59958492358062,-7.));
#3626=CARTESIAN_POINT('',(27.5,-9.00000000000001,-4.99999999999998));
#3627=CARTESIAN_POINT('',(27.5,-7.59958492358062,-7.));
#3628=CARTESIAN_POINT('',(27.5,-7.45367905883465,-7.20837516990894));
#3629=CARTESIAN_POINT('',(37.5,-9.00000000000002,-4.99999999999998));
#3630=CARTESIAN_POINT('',(27.5,-9.00000000000001,-4.99999999999998));
#3631=CARTESIAN_POINT('',(37.5,-7.59958492358063,-7.));
#3632=CARTESIAN_POINT('',(37.5,-9.09862870052042,-4.8591436179442));
#3633=CARTESIAN_POINT('',(27.5,-7.59958492358062,-7.));
#3634=CARTESIAN_POINT('Origin',(27.5,-4.40041507641941,-7.));
#3635=CARTESIAN_POINT('',(27.5,-4.40041507641941,-7.));
#3636=CARTESIAN_POINT('',(27.5,-2.70020753820971,-7.));
#3637=CARTESIAN_POINT('',(37.5,-4.40041507641942,-7.));
#3638=CARTESIAN_POINT('',(37.5,-7.70020753820972,-7.));
#3639=CARTESIAN_POINT('',(27.5,-4.40041507641941,-7.));
#3640=CARTESIAN_POINT('Origin',(27.5,-3.00000000000002,-4.99999999999998));
#3641=CARTESIAN_POINT('',(27.5,-3.00000000000002,-4.99999999999998));
#3642=CARTESIAN_POINT('',(27.5,-2.20116376126992,-3.85914361794419));
#3643=CARTESIAN_POINT('',(37.5,-3.00000000000002,-4.99999999999998));
#3644=CARTESIAN_POINT('',(37.5,-3.84611340295568,-6.20837516990894));
#3645=CARTESIAN_POINT('',(27.5,-3.00000000000002,-4.99999999999998));
#3646=CARTESIAN_POINT('Origin',(27.5,-4.40041507641941,-3.));
#3647=CARTESIAN_POINT('',(27.5,-4.40041507641941,-3.));
#3648=CARTESIAN_POINT('',(27.5,-3.8410639202655,-3.79883623873011));
#3649=CARTESIAN_POINT('',(37.5,-4.40041507641942,-3.));
#3650=CARTESIAN_POINT('',(37.5,-5.48601356195131,-1.44960468676535));
#3651=CARTESIAN_POINT('',(27.5,-4.40041507641941,-3.));
#3652=CARTESIAN_POINT('Origin',(27.5,-9.00000000000001,-4.99999999999998));
#3653=CARTESIAN_POINT('',(27.5,-7.59958492358062,-3.));
#3654=CARTESIAN_POINT('',(27.5,-7.21419397625842,-2.44960468676534));
#3655=CARTESIAN_POINT('',(37.5,-7.59958492358063,-3.));
#3656=CARTESIAN_POINT('',(27.5,-7.59958492358062,-3.));
#3657=CARTESIAN_POINT('',(37.5,-8.85914361794423,-4.7988362387301));
#3658=CARTESIAN_POINT('Origin',(37.5,-11.,-3.));
#3659=CARTESIAN_POINT('',(37.5,-11.,-3.));
#3660=CARTESIAN_POINT('',(37.5,8.74999999999999,-3.));
#3661=CARTESIAN_POINT('',(37.5,-11.,-10.));
#3662=CARTESIAN_POINT('',(37.5,-11.,-3.));
#3663=CARTESIAN_POINT('',(37.5,-1.00000000000002,-10.));
#3664=CARTESIAN_POINT('',(37.5,-11.,-10.));
#3665=CARTESIAN_POINT('',(37.5,-1.00000000000002,-3.));
#3666=CARTESIAN_POINT('',(37.5,-1.00000000000002,-3.));
#3667=CARTESIAN_POINT('',(37.5,8.74999999999999,-3.));
#3668=CARTESIAN_POINT('Origin',(27.5,-1.00000000000001,-3.));
#3669=CARTESIAN_POINT('',(27.5,-1.00000000000001,-3.));
#3670=CARTESIAN_POINT('',(27.5,13.75,-3.));
#3671=CARTESIAN_POINT('',(27.5,-1.00000000000001,-10.));
#3672=CARTESIAN_POINT('',(27.5,-1.00000000000001,-3.));
#3673=CARTESIAN_POINT('',(27.5,-11.,-10.));
#3674=CARTESIAN_POINT('',(27.5,-11.,-10.));
#3675=CARTESIAN_POINT('',(27.5,-11.,-3.));
#3676=CARTESIAN_POINT('',(27.5,-11.,-3.));
#3677=CARTESIAN_POINT('',(27.5,13.75,-3.));
#3678=CARTESIAN_POINT('Origin',(37.5,-1.00000000000002,-3.));
#3679=CARTESIAN_POINT('',(35.,-1.00000000000002,-3.));
#3680=CARTESIAN_POINT('',(37.5,-1.00000000000002,-10.));
#3681=CARTESIAN_POINT('Origin',(32.5,-6.00000000000001,-10.));
#3682=CARTESIAN_POINT('',(37.5,-11.,-10.));
#3683=CARTESIAN_POINT('Origin',(32.5,28.5,-3.));
#3684=CARTESIAN_POINT('',(-3.,-11.,-3.));
#3685=CARTESIAN_POINT('',(-3.,-11.,-3.));
#3686=CARTESIAN_POINT('',(-3.,63.,-3.));
#3687=CARTESIAN_POINT('',(-3.,68.,-3.));
#3688=CARTESIAN_POINT('',(27.5,63.,-3.));
#3689=CARTESIAN_POINT('',(50.25,63.,-3.));
#3690=CARTESIAN_POINT('',(27.5,59.5995849235806,-3.));
#3691=CARTESIAN_POINT('',(27.5,40.75,-3.));
#3692=CARTESIAN_POINT('',(37.5,59.5995849235806,-3.));
#3693=CARTESIAN_POINT('',(27.5,59.5995849235806,-3.));
#3694=CARTESIAN_POINT('',(37.5,63.,-3.));
#3695=CARTESIAN_POINT('',(37.5,45.75,-3.));
#3696=CARTESIAN_POINT('',(68.,63.,-3.));
#3697=CARTESIAN_POINT('',(50.25,63.,-3.));
#3698=CARTESIAN_POINT('',(68.,0.,-3.));
#3699=CARTESIAN_POINT('',(68.,0.,-3.));
#3700=CARTESIAN_POINT('',(67.9999962449074,-11.,-3.));
#3701=CARTESIAN_POINT('',(67.9999962449074,-11.,-3.));
#3702=CARTESIAN_POINT('',(-3.,-11.,-3.));
#3703=CARTESIAN_POINT('',(27.5,56.4004150764194,-3.));
#3704=CARTESIAN_POINT('',(27.5,53.,-3.));
#3705=CARTESIAN_POINT('',(27.5,40.75,-3.));
#3706=CARTESIAN_POINT('',(37.5,53.,-3.));
#3707=CARTESIAN_POINT('',(35.,53.,-3.));
#3708=CARTESIAN_POINT('',(37.5,56.4004150764194,-3.));
#3709=CARTESIAN_POINT('',(37.5,45.75,-3.));
#3710=CARTESIAN_POINT('',(27.5,56.4004150764194,-3.));
#3711=CARTESIAN_POINT('Origin',(27.5,59.5995849235806,-7.));
#3712=CARTESIAN_POINT('',(27.5,59.5995849235806,-7.));
#3713=CARTESIAN_POINT('',(27.5,61.,-4.99999999999998));
#3714=CARTESIAN_POINT('',(27.5,59.4536790588346,-7.20837516990894));
#3715=CARTESIAN_POINT('',(37.5,59.5995849235806,-7.));
#3716=CARTESIAN_POINT('',(27.5,59.5995849235806,-7.));
#3717=CARTESIAN_POINT('',(37.5,61.,-4.99999999999998));
#3718=CARTESIAN_POINT('',(37.5,61.0986287005204,-4.8591436179442));
#3719=CARTESIAN_POINT('',(27.5,61.,-4.99999999999998));
#3720=CARTESIAN_POINT('Origin',(27.5,56.4004150764194,-7.));
#3721=CARTESIAN_POINT('',(27.5,56.4004150764194,-7.));
#3722=CARTESIAN_POINT('',(27.5,54.7002075382097,-7.));
#3723=CARTESIAN_POINT('',(37.5,56.4004150764194,-7.));
#3724=CARTESIAN_POINT('',(27.5,56.4004150764194,-7.));
#3725=CARTESIAN_POINT('',(37.5,59.7002075382097,-7.));
#3726=CARTESIAN_POINT('Origin',(27.5,55.,-4.99999999999998));
#3727=CARTESIAN_POINT('',(27.5,55.,-4.99999999999998));
#3728=CARTESIAN_POINT('',(27.5,54.2011637612699,-3.85914361794419));
#3729=CARTESIAN_POINT('',(37.5,55.,-4.99999999999998));
#3730=CARTESIAN_POINT('',(27.5,55.,-4.99999999999998));
#3731=CARTESIAN_POINT('',(37.5,55.8461134029557,-6.20837516990894));
#3732=CARTESIAN_POINT('Origin',(27.5,56.4004150764194,-3.));
#3733=CARTESIAN_POINT('',(27.5,55.8410639202655,-3.79883623873011));
#3734=CARTESIAN_POINT('',(37.5,57.4860135619513,-1.44960468676535));
#3735=CARTESIAN_POINT('Origin',(27.5,61.,-4.99999999999998));
#3736=CARTESIAN_POINT('',(27.5,59.2141939762584,-2.44960468676534));
#3737=CARTESIAN_POINT('',(37.5,60.8591436179442,-4.7988362387301));
#3738=CARTESIAN_POINT('Origin',(27.5,53.,-3.));
#3739=CARTESIAN_POINT('',(27.5,63.,-10.));
#3740=CARTESIAN_POINT('',(27.5,63.,-3.));
#3741=CARTESIAN_POINT('',(27.5,53.,-10.));
#3742=CARTESIAN_POINT('',(27.5,63.,-10.));
#3743=CARTESIAN_POINT('',(27.5,53.,-3.));
#3744=CARTESIAN_POINT('Origin',(37.5,53.,-3.));
#3745=CARTESIAN_POINT('',(37.5,53.,-10.));
#3746=CARTESIAN_POINT('',(37.5,53.,-10.));
#3747=CARTESIAN_POINT('',(37.5,53.,-3.));
#3748=CARTESIAN_POINT('Origin',(37.5,63.,-3.));
#3749=CARTESIAN_POINT('',(37.5,63.,-10.));
#3750=CARTESIAN_POINT('',(37.5,63.,-10.));
#3751=CARTESIAN_POINT('',(37.5,63.,-3.));
#3752=CARTESIAN_POINT('Origin',(32.5,58.,-10.));
#3753=CARTESIAN_POINT('',(37.5,63.,-10.));
#3754=CARTESIAN_POINT('Origin',(68.,63.,0.));
#3755=CARTESIAN_POINT('',(6.16297582203915E-32,63.,0.));
#3756=CARTESIAN_POINT('',(0.,63.,17.));
#3757=CARTESIAN_POINT('',(0.,63.,0.));
#3758=CARTESIAN_POINT('',(65.,63.,0.));
#3759=CARTESIAN_POINT('',(50.25,63.,0.));
#3760=CARTESIAN_POINT('',(65.,63.,17.));
#3761=CARTESIAN_POINT('',(65.,63.,0.));
#3762=CARTESIAN_POINT('',(66.5,63.,17.));
#3763=CARTESIAN_POINT('',(50.25,63.,17.));
#3764=CARTESIAN_POINT('',(66.5,63.,18.7));
#3765=CARTESIAN_POINT('',(66.5,63.,9.35));
#3766=CARTESIAN_POINT('',(65.,63.,18.7));
#3767=CARTESIAN_POINT('',(33.25,63.,18.7));
#3768=CARTESIAN_POINT('',(65.,63.,20.));
#3769=CARTESIAN_POINT('',(64.999999382002,63.,9.9999999999999));
#3770=CARTESIAN_POINT('',(68.,63.,20.));
#3771=CARTESIAN_POINT('',(50.2499999888241,63.,20.));
#3772=CARTESIAN_POINT('',(67.999999382002,63.,38.495));
#3773=CARTESIAN_POINT('',(-3.,63.,20.));
#3774=CARTESIAN_POINT('',(-2.99999999999796,63.,9.99999999999999));
#3775=CARTESIAN_POINT('',(2.33486982377251E-15,63.,20.));
#3776=CARTESIAN_POINT('',(50.2499999888241,63.,20.));
#3777=CARTESIAN_POINT('',(2.04725125740879E-12,63.,36.9950000000001));
#3778=CARTESIAN_POINT('',(-1.5,63.,17.));
#3779=CARTESIAN_POINT('',(-1.50000000000001,63.,8.50000000000005));
#3780=CARTESIAN_POINT('',(50.25,63.,17.));
#3781=CARTESIAN_POINT('Origin',(67.9999993820021,-8.00000000000001,76.99));
#3782=CARTESIAN_POINT('',(67.999999382002,42.,19.9999999999999));
#3783=CARTESIAN_POINT('',(68.,68.,20.));
#3784=CARTESIAN_POINT('',(67.999999382002,42.,26.9999999999999));
#3785=CARTESIAN_POINT('',(67.999999382002,42.,29.9999999999999));
#3786=CARTESIAN_POINT('',(67.999999382002,39.,29.9999999999999));
#3787=CARTESIAN_POINT('Origin',(67.9999993820021,39.,26.9999999999999));
#3788=CARTESIAN_POINT('',(67.999999382002,32.,29.9999999999999));
#3789=CARTESIAN_POINT('',(67.999999382002,32.,29.9999999999999));
#3790=CARTESIAN_POINT('',(67.9999993820021,32.,76.99));
#3791=CARTESIAN_POINT('',(67.9999993820021,32.,76.99));
#3792=CARTESIAN_POINT('',(67.9999993820021,-1.76758786796881,76.9900000000003));
#3793=CARTESIAN_POINT('',(67.9999993820021,-8.00000000000001,76.99));
#3794=CARTESIAN_POINT('',(67.999999382002,-11.0000000000001,76.99));
#3795=CARTESIAN_POINT('',(67.9999993820021,-8.00000000000001,76.99));
#3796=CARTESIAN_POINT('',(67.9999989882158,-11.,20.));
#3797=CARTESIAN_POINT('',(67.999999382002,-11.0000000000002,19.9999999999998));
#3798=CARTESIAN_POINT('',(67.999999382002,-8.00000000000001,19.9999999999998));
#3799=CARTESIAN_POINT('',(67.9999989758838,-2.99999999999998,20.));
#3800=CARTESIAN_POINT('',(67.9999989758838,-2.99999999999998,20.));
#3801=CARTESIAN_POINT('',(67.999999382002,-8.00000000000001,19.9999999999998));
#3802=CARTESIAN_POINT('',(68.,-2.11758236813575E-21,20.));
#3803=CARTESIAN_POINT('',(67.999999382002,-8.00000000000001,19.9999999999998));
#3804=CARTESIAN_POINT('',(68.,0.,0.));
#3805=CARTESIAN_POINT('',(67.999999382002,39.,28.6499999999999));
#3806=CARTESIAN_POINT('Origin',(67.999999382002,39.,26.9999999999999));
#3807=CARTESIAN_POINT('',(67.999999382002,14.395,63.0100000000001));
#3808=CARTESIAN_POINT('Origin',(67.9999993820021,6.99999999999999,63.0100000000001));
#3809=CARTESIAN_POINT('Origin',(32.4999999776483,-5.50000008195639,20.));
#3810=CARTESIAN_POINT('',(64.999999382002,42.,19.9999999999999));
#3811=CARTESIAN_POINT('',(65.,68.,20.));
#3812=CARTESIAN_POINT('',(50.2499996798252,42.,20.));
#3813=CARTESIAN_POINT('Origin',(64.999999382002,-8.00000000000001,19.9999999999998));
#3814=CARTESIAN_POINT('',(65.,68.,18.7));
#3815=CARTESIAN_POINT('',(64.9999993820021,-8.00000000000001,73.99));
#3816=CARTESIAN_POINT('',(64.9999993820021,-8.00000000000001,73.99));
#3817=CARTESIAN_POINT('',(64.9999993820021,32.,73.99));
#3818=CARTESIAN_POINT('',(64.9999993820021,-8.00000000000001,73.99));
#3819=CARTESIAN_POINT('',(64.999999382002,32.,29.9999999999999));
#3820=CARTESIAN_POINT('',(64.9999993820021,32.,73.99));
#3821=CARTESIAN_POINT('',(64.999999382002,39.,29.9999999999999));
#3822=CARTESIAN_POINT('',(64.999999382002,32.,29.9999999999999));
#3823=CARTESIAN_POINT('',(64.999999382002,42.,26.9999999999999));
#3824=CARTESIAN_POINT('Origin',(64.999999382002,39.,26.9999999999999));
#3825=CARTESIAN_POINT('',(64.999999382002,42.,29.9999999999999));
#3826=CARTESIAN_POINT('',(64.999999382002,39.,28.6499999999999));
#3827=CARTESIAN_POINT('Origin',(64.999999382002,39.,26.9999999999999));
#3828=CARTESIAN_POINT('',(64.999999382002,14.395,63.0100000000001));
#3829=CARTESIAN_POINT('Origin',(64.999999382002,6.99999999999999,63.0100000000001));
#3830=CARTESIAN_POINT('Origin',(-1.5,68.,18.7));
#3831=CARTESIAN_POINT('',(42.5,-1.,18.7));
#3832=CARTESIAN_POINT('',(42.5,34.,18.7));
#3833=CARTESIAN_POINT('',(66.5,-1.,18.7));
#3834=CARTESIAN_POINT('',(66.5,68.,18.7));
#3835=CARTESIAN_POINT('',(-1.5,-1.,18.7));
#3836=CARTESIAN_POINT('Origin',(66.5,68.,18.7));
#3837=CARTESIAN_POINT('',(66.5,-1.,17.));
#3838=CARTESIAN_POINT('',(66.5,48.25,17.));
#3839=CARTESIAN_POINT('',(66.5,-1.,18.7));
#3840=CARTESIAN_POINT('Origin',(32.5,28.5,17.));
#3841=CARTESIAN_POINT('',(65.,0.,17.));
#3842=CARTESIAN_POINT('',(65.,46.75,17.));
#3843=CARTESIAN_POINT('',(42.5,0.,17.));
#3844=CARTESIAN_POINT('',(60.,0.,17.));
#3845=CARTESIAN_POINT('',(42.5,-1.,17.));
#3846=CARTESIAN_POINT('',(42.5,14.25,17.));
#3847=CARTESIAN_POINT('',(66.5,-1.,17.));
#3848=CARTESIAN_POINT('Origin',(65.,65.,0.));
#3849=CARTESIAN_POINT('',(65.,0.,0.));
#3850=CARTESIAN_POINT('',(65.,65.,0.));
#3851=CARTESIAN_POINT('',(65.,0.,0.));
#3852=CARTESIAN_POINT('Origin',(32.5,28.5,0.));
#3853=CARTESIAN_POINT('',(0.,0.,0.));
#3854=CARTESIAN_POINT('',(6.16297582203915E-32,65.,0.));
#3855=CARTESIAN_POINT('',(5.,0.,0.));
#3856=CARTESIAN_POINT('',(18.75,0.,0.));
#3857=CARTESIAN_POINT('',(5.,-8.,0.));
#3858=CARTESIAN_POINT('',(5.,10.25,0.));
#3859=CARTESIAN_POINT('',(35.,-8.00000000000002,0.));
#3860=CARTESIAN_POINT('',(26.,-8.,0.));
#3861=CARTESIAN_POINT('',(35.,-1.55431223447522E-14,0.));
#3862=CARTESIAN_POINT('',(35.,10.25,0.));
#3863=CARTESIAN_POINT('',(48.75,0.,0.));
#3864=CARTESIAN_POINT('Origin',(38.,-8.00000000000002,8.87050620447445));
#3865=CARTESIAN_POINT('',(35.9849333245019,-1.5736007065555E-14,11.093006214215));
#3866=CARTESIAN_POINT('',(35.,-1.55431223447522E-14,8.87050620447445));
#3867=CARTESIAN_POINT('Origin',(38.,0.,8.87050620447445));
#3868=CARTESIAN_POINT('',(35.,-8.00000000000003,8.87050620447445));
#3869=CARTESIAN_POINT('',(35.,-8.00000000000002,8.87050620447445));
#3870=CARTESIAN_POINT('',(35.9849333245019,-8.00000000000003,11.093006214215));
#3871=CARTESIAN_POINT('Origin',(38.,-8.00000000000002,8.87050620447445));
#3872=CARTESIAN_POINT('',(35.9849333245019,-8.00000000000002,11.093006214215));
#3873=CARTESIAN_POINT('Origin',(65.,0.,0.));
#3874=CARTESIAN_POINT('',(42.5,-1.55431223447522E-14,17.));
#3875=CARTESIAN_POINT('',(35.,-1.55431223447522E-14,10.2));
#3876=CARTESIAN_POINT('Origin',(35.,-8.00000000000002,10.2));
#3877=CARTESIAN_POINT('',(42.5,-8.00000000000002,17.));
#3878=CARTESIAN_POINT('',(44.1307595386751,-8.00000000000006,18.4785553150654));
#3879=CARTESIAN_POINT('',(42.5,-2.7500000409782,17.));
#3880=CARTESIAN_POINT('Origin',(35.,-8.00000000000002,0.));
#3881=CARTESIAN_POINT('',(35.,-8.00000000000003,24.2475));
#3882=CARTESIAN_POINT('Origin',(42.5,0.,0.));
#3883=CARTESIAN_POINT('',(42.5,-7.99999999999999,0.));
#3884=CARTESIAN_POINT('',(42.5,-1.,18.925));
#3885=CARTESIAN_POINT('Origin',(33.552499382002,-8.00000000000002,48.495));
#3886=CARTESIAN_POINT('',(2.5,-8.,2.5));
#3887=CARTESIAN_POINT('Origin',(5.,-8.,2.5));
#3888=CARTESIAN_POINT('',(2.5,-8.,14.5));
#3889=CARTESIAN_POINT('',(2.5,-8.,2.5));
#3890=CARTESIAN_POINT('Origin',(5.,-8.,14.5));
#3891=CARTESIAN_POINT('',(37.5,-7.99999999999999,0.));
#3892=CARTESIAN_POINT('',(2.04824459434554E-12,-8.00000000000001,73.9900000000002));
#3893=CARTESIAN_POINT('',(2.04614103438416E-12,-8.00000000000001,20.));
#3894=CARTESIAN_POINT('',(2.04824459434554E-12,-8.00000000000001,73.9900000000002));
#3895=CARTESIAN_POINT('',(6.654999382002,-7.99999999999992,35.08));
#3896=CARTESIAN_POINT('',(6.654999382002,-7.99999999999992,27.08));
#3897=CARTESIAN_POINT('',(6.654999382002,-7.99999999999992,41.7875));
#3898=CARTESIAN_POINT('',(8.654999382002,-7.99999999999993,27.08));
#3899=CARTESIAN_POINT('',(20.103749382002,-7.99999999999997,27.08));
#3900=CARTESIAN_POINT('',(8.654999382002,-7.99999999999993,35.08));
#3901=CARTESIAN_POINT('',(8.654999382002,-7.99999999999993,37.7875));
#3902=CARTESIAN_POINT('',(21.103749382002,-7.99999999999997,35.08));
#3903=CARTESIAN_POINT('',(24.084999382002,-7.99999999999998,45.07));
#3904=CARTESIAN_POINT('',(24.084999382002,-7.99999999999999,27.8299999999999));
#3905=CARTESIAN_POINT('',(24.084999382002,-7.99999999999998,46.7825));
#3906=CARTESIAN_POINT('',(26.084999382002,-7.99999999999999,27.8299999999999));
#3907=CARTESIAN_POINT('',(28.818749382002,-8.,27.8299999999999));
#3908=CARTESIAN_POINT('',(26.084999382002,-7.99999999999999,45.07));
#3909=CARTESIAN_POINT('',(26.084999382002,-7.99999999999999,38.1625));
#3910=CARTESIAN_POINT('',(29.818749382002,-8.00000000000001,45.07));
#3911=CARTESIAN_POINT('',(50.479999382002,-8.00000000000008,57.04));
#3912=CARTESIAN_POINT('',(50.479999382002,-8.00000000000008,49.96));
#3913=CARTESIAN_POINT('',(50.479999382002,-8.00000000000008,52.7675));
#3914=CARTESIAN_POINT('',(52.479999382002,-8.00000000000009,49.96));
#3915=CARTESIAN_POINT('',(42.016249382002,-8.00000000000005,49.96));
#3916=CARTESIAN_POINT('',(52.479999382002,-8.00000000000009,57.04));
#3917=CARTESIAN_POINT('',(52.479999382002,-8.00000000000009,49.2275));
#3918=CARTESIAN_POINT('',(43.016249382002,-8.00000000000006,57.04));
#3919=CARTESIAN_POINT('',(18.979999382002,-7.99999999999996,66.6400000000001));
#3920=CARTESIAN_POINT('',(18.979999382002,-7.99999999999996,48.8492489783987));
#3921=CARTESIAN_POINT('',(18.979999382002,-7.99999999999996,57.5675000000001));
#3922=CARTESIAN_POINT('',(20.979999382002,-7.99999999999997,48.8492489783987));
#3923=CARTESIAN_POINT('',(26.266249382002,-7.99999999999999,48.8492489783987));
#3924=CARTESIAN_POINT('',(20.979999382002,-7.99999999999997,66.6400000000001));
#3925=CARTESIAN_POINT('',(20.979999382002,-7.99999999999997,48.6721244891993));
#3926=CARTESIAN_POINT('',(27.266249382002,-7.99999999999999,66.6400000000001));
#3927=CARTESIAN_POINT('',(15.804999382002,-7.99999999999995,35.08));
#3928=CARTESIAN_POINT('',(15.804999382002,-7.99999999999995,27.0799999999999));
#3929=CARTESIAN_POINT('',(15.804999382002,-7.99999999999995,41.7875));
#3930=CARTESIAN_POINT('',(17.804999382002,-7.99999999999996,27.0799999999999));
#3931=CARTESIAN_POINT('',(24.678749382002,-7.99999999999999,27.0799999999999));
#3932=CARTESIAN_POINT('',(17.804999382002,-7.99999999999996,35.08));
#3933=CARTESIAN_POINT('',(17.804999382002,-7.99999999999996,37.7875));
#3934=CARTESIAN_POINT('',(25.678749382002,-7.99999999999999,35.08));
#3935=CARTESIAN_POINT('',(5.00999938200202,-7.99999999999991,59.0200000000001));
#3936=CARTESIAN_POINT('',(5.00999938200202,-7.99999999999991,57.0200000000001));
#3937=CARTESIAN_POINT('',(5.00999938200202,-7.99999999999991,53.7575));
#3938=CARTESIAN_POINT('',(14.629999382002,-7.99999999999995,57.0200000000001));
#3939=CARTESIAN_POINT('',(19.281249382002,-7.99999999999997,57.0200000000001));
#3940=CARTESIAN_POINT('',(14.629999382002,-7.99999999999995,59.0200000000001));
#3941=CARTESIAN_POINT('',(14.629999382002,-7.99999999999995,52.7575));
#3942=CARTESIAN_POINT('',(24.091249382002,-7.99999999999998,59.0200000000001));
#3943=CARTESIAN_POINT('',(39.324999382002,-8.00000000000004,45.07));
#3944=CARTESIAN_POINT('',(39.324999382002,-8.00000000000004,27.8299999999999));
#3945=CARTESIAN_POINT('',(39.324999382002,-8.00000000000004,46.7825));
#3946=CARTESIAN_POINT('',(41.324999382002,-8.00000000000005,27.8299999999999));
#3947=CARTESIAN_POINT('',(36.438749382002,-8.00000000000003,27.8299999999999));
#3948=CARTESIAN_POINT('',(41.324999382002,-8.00000000000005,45.07));
#3949=CARTESIAN_POINT('',(41.324999382002,-8.00000000000005,38.1624999999999));
#3950=CARTESIAN_POINT('',(37.438749382002,-8.00000000000004,45.07));
#3951=CARTESIAN_POINT('',(49.459999382002,-8.00000000000008,45.0499999999999));
#3952=CARTESIAN_POINT('',(49.459999382002,-8.00000000000008,37.9699999999999));
#3953=CARTESIAN_POINT('',(49.459999382002,-8.00000000000008,46.7725));
#3954=CARTESIAN_POINT('',(51.459999382002,-8.00000000000009,37.9699999999999));
#3955=CARTESIAN_POINT('',(41.506249382002,-8.00000000000005,37.9699999999999));
#3956=CARTESIAN_POINT('',(51.459999382002,-8.00000000000009,45.0499999999999));
#3957=CARTESIAN_POINT('',(51.459999382002,-8.00000000000009,43.2324999999999));
#3958=CARTESIAN_POINT('',(42.506249382002,-8.00000000000005,45.0499999999999));
#3959=CARTESIAN_POINT('',(5.00999938200202,-7.99999999999991,62.8300000000001));
#3960=CARTESIAN_POINT('',(5.00999938200202,-7.99999999999991,60.8300000000001));
#3961=CARTESIAN_POINT('',(5.00999938200202,-7.99999999999991,55.6625000000001));
#3962=CARTESIAN_POINT('',(17.169999382002,-7.99999999999996,60.8300000000001));
#3963=CARTESIAN_POINT('',(19.281249382002,-7.99999999999996,60.8300000000001));
#3964=CARTESIAN_POINT('',(17.169999382002,-7.99999999999996,62.8300000000001));
#3965=CARTESIAN_POINT('',(17.169999382002,-7.99999999999996,54.6625000000001));
#3966=CARTESIAN_POINT('',(25.361249382002,-7.99999999999999,62.8300000000001));
#3967=CARTESIAN_POINT('',(6.30499938200202,-7.99999999999992,52.6900000000001));
#3968=CARTESIAN_POINT('',(6.30499938200202,-7.99999999999992,48.1500000000001));
#3969=CARTESIAN_POINT('',(6.30499938200202,-7.99999999999992,50.5925));
#3970=CARTESIAN_POINT('',(8.30499938200202,-7.99999999999993,48.1500000000001));
#3971=CARTESIAN_POINT('',(19.928749382002,-7.99999999999997,48.1500000000001));
#3972=CARTESIAN_POINT('',(8.30499938200202,-7.99999999999993,52.6900000000001));
#3973=CARTESIAN_POINT('',(8.30499938200202,-7.99999999999993,48.3225));
#3974=CARTESIAN_POINT('',(20.928749382002,-7.99999999999997,52.6900000000001));
#3975=CARTESIAN_POINT('',(9.10999938200201,-7.99999999999993,67.5450000000002));
#3976=CARTESIAN_POINT('Origin',(7.45999938200201,-7.99999999999992,67.5450000000002));
#3977=CARTESIAN_POINT('',(52.109999382002,-8.00000000000009,29.5449999999998));
#3978=CARTESIAN_POINT('Origin',(50.459999382002,-8.00000000000009,29.5449999999998));
#3979=CARTESIAN_POINT('',(52.109999382002,-8.00000000000009,67.545));
#3980=CARTESIAN_POINT('Origin',(50.459999382002,-8.00000000000008,67.545));
#3981=CARTESIAN_POINT('Origin',(5.,0.,2.5));
#3982=CARTESIAN_POINT('',(2.5,0.,2.5));
#3983=CARTESIAN_POINT('Origin',(5.,0.,2.5));
#3984=CARTESIAN_POINT('',(2.5,0.,2.5));
#3985=CARTESIAN_POINT('Origin',(2.5,0.,14.5));
#3986=CARTESIAN_POINT('',(2.5,0.,14.5));
#3987=CARTESIAN_POINT('',(2.5,0.,7.25));
#3988=CARTESIAN_POINT('',(2.5,0.,14.5));
#3989=CARTESIAN_POINT('Origin',(5.,0.,14.5));
#3990=CARTESIAN_POINT('',(5.,0.,17.));
#3991=CARTESIAN_POINT('Origin',(5.,0.,14.5));
#3992=CARTESIAN_POINT('',(5.,0.,17.));
#3993=CARTESIAN_POINT('Origin',(37.5,-4.5,0.));
#3994=CARTESIAN_POINT('Origin',(5.,0.,0.));
#3995=CARTESIAN_POINT('',(0.,0.,17.));
#3996=CARTESIAN_POINT('',(0.,0.,0.));
#3997=CARTESIAN_POINT('',(0.,0.,17.));
#3998=CARTESIAN_POINT('Origin',(-7.5852010117405E-33,-8.,0.));
#3999=CARTESIAN_POINT('',(6.16297582203915E-32,65.,17.));
#4000=CARTESIAN_POINT('Ctrl Pts',(64.999999382002,14.395,63.0100000000001));
#4001=CARTESIAN_POINT('Ctrl Pts',(64.999999382002,14.395,70.2600000000001));
#4002=CARTESIAN_POINT('Ctrl Pts',(64.999999382002,6.99999999999999,70.2600000000001));
#4003=CARTESIAN_POINT('Ctrl Pts',(64.999999382002,-0.395000000000007,70.2600000000001));
#4004=CARTESIAN_POINT('Ctrl Pts',(64.999999382002,-0.395000000000008,63.0100000000001));
#4005=CARTESIAN_POINT('Ctrl Pts',(64.999999382002,-0.395000000000006,55.7600000000001));
#4006=CARTESIAN_POINT('Ctrl Pts',(64.999999382002,6.99999999999999,55.7600000000001));
#4007=CARTESIAN_POINT('Ctrl Pts',(64.999999382002,14.395,55.7600000000001));
#4008=CARTESIAN_POINT('Ctrl Pts',(64.999999382002,14.395,63.0100000000001));
#4009=CARTESIAN_POINT('Ctrl Pts',(67.9999993820021,14.395,63.0100000000001));
#4010=CARTESIAN_POINT('Ctrl Pts',(67.9999993820021,14.395,70.2600000000001));
#4011=CARTESIAN_POINT('Ctrl Pts',(67.9999993820021,6.99999999999999,70.2600000000001));
#4012=CARTESIAN_POINT('Ctrl Pts',(67.9999993820021,-0.395000000000007,70.2600000000001));
#4013=CARTESIAN_POINT('Ctrl Pts',(67.9999993820021,-0.395000000000008,63.0100000000001));
#4014=CARTESIAN_POINT('Ctrl Pts',(67.9999993820021,-0.395000000000006,55.7600000000001));
#4015=CARTESIAN_POINT('Ctrl Pts',(67.9999993820021,6.99999999999999,55.7600000000001));
#4016=CARTESIAN_POINT('Ctrl Pts',(67.9999993820021,14.395,55.7600000000001));
#4017=CARTESIAN_POINT('Ctrl Pts',(67.9999993820021,14.395,63.0100000000001));
#4018=CARTESIAN_POINT('',(64.999999382002,14.395,63.0100000000001));
#4019=CARTESIAN_POINT('Origin',(67.9999989758838,-2.99999999999998,0.));
#4020=CARTESIAN_POINT('',(67.9999989758838,-2.99999999999998,0.));
#4021=CARTESIAN_POINT('',(67.9999989758838,-2.99999999999998,17.));
#4022=CARTESIAN_POINT('',(67.9999989758838,-2.99999999999998,0.));
#4023=CARTESIAN_POINT('',(67.9999989882158,-11.,17.));
#4024=CARTESIAN_POINT('',(67.9999989758838,-2.99999999999998,17.));
#4025=CARTESIAN_POINT('',(67.9999962449074,-11.,0.));
#4026=CARTESIAN_POINT('',(67.9999989758838,-11.,0.));
#4027=CARTESIAN_POINT('',(67.9999962449074,-11.,0.));
#4028=CARTESIAN_POINT('Origin',(-2.9999999999979,39.,26.9999999999999));
#4029=CARTESIAN_POINT('',(2.0961010704923E-12,39.,29.9999999999999));
#4030=CARTESIAN_POINT('',(2.096989248912E-12,42.,26.9999999999999));
#4031=CARTESIAN_POINT('Origin',(2.06223926824123E-12,39.,26.9999999999999));
#4032=CARTESIAN_POINT('',(-2.9999999999979,42.,26.9999999999999));
#4033=CARTESIAN_POINT('',(-2.9999999999979,42.,26.9999999999999));
#4034=CARTESIAN_POINT('',(-2.9999999999979,39.,29.9999999999999));
#4035=CARTESIAN_POINT('Origin',(-2.99999999999796,39.,26.9999999999999));
#4036=CARTESIAN_POINT('',(-2.9999999999979,39.,29.9999999999999));
#4037=CARTESIAN_POINT('Origin',(2.04824459434554E-12,-8.00000000000001,
73.9900000000002));
#4038=CARTESIAN_POINT('',(2.0961010704923E-12,42.,19.9999999999999));
#4039=CARTESIAN_POINT('',(2.33486982377251E-15,68.,20.));
#4040=CARTESIAN_POINT('',(2.0961010704923E-12,42.,29.9999999999999));
#4041=CARTESIAN_POINT('',(2.0961010704923E-12,32.,29.9999999999999));
#4042=CARTESIAN_POINT('',(2.0961010704923E-12,32.,29.9999999999999));
#4043=CARTESIAN_POINT('',(2.04824459434554E-12,32.,73.9900000000002));
#4044=CARTESIAN_POINT('',(2.04614103438416E-12,32.,20.));
#4045=CARTESIAN_POINT('',(2.04824459434554E-12,-8.00000000000001,73.9900000000002));
#4046=CARTESIAN_POINT('',(2.0961010704923E-12,39.,28.6499999999999));
#4047=CARTESIAN_POINT('Origin',(2.0961010704923E-12,39.,26.9999999999999));
#4048=CARTESIAN_POINT('Origin',(-2.9999999999979,32.,29.9999999999999));
#4049=CARTESIAN_POINT('',(-2.9999999999979,32.,29.9999999999999));
#4050=CARTESIAN_POINT('',(-2.9999999999979,32.,29.9999999999999));
#4051=CARTESIAN_POINT('',(14.7499996910021,32.,29.9999999999999));
#4052=CARTESIAN_POINT('Origin',(-2.9999999999979,39.,26.9999999999999));
#4053=CARTESIAN_POINT('',(-2.9999999999979,39.,28.6499999999999));
#4054=CARTESIAN_POINT('',(-2.9999999999979,39.,28.6499999999999));
#4055=CARTESIAN_POINT('Origin',(-2.9999999999979,39.,26.9999999999999));
#4056=CARTESIAN_POINT('Origin',(-2.9999999999979,42.,29.9999999999999));
#4057=CARTESIAN_POINT('',(-2.9999999999979,42.,19.9999999999999));
#4058=CARTESIAN_POINT('',(14.7499999888252,42.,20.));
#4059=CARTESIAN_POINT('',(-2.9999999999979,42.,29.9999999999999));
#4060=CARTESIAN_POINT('Origin',(32.4999999776483,-5.50000008195639,20.));
#4061=CARTESIAN_POINT('',(-3.,68.,20.));
#4062=CARTESIAN_POINT('Origin',(67.999999382002,39.,26.9999999999999));
#4063=CARTESIAN_POINT('',(67.999999382002,39.,29.9999999999999));
#4064=CARTESIAN_POINT('',(67.999999382002,42.,26.9999999999999));
#4065=CARTESIAN_POINT('Origin',(67.999999382002,32.,29.9999999999999));
#4066=CARTESIAN_POINT('',(50.249999382002,32.,29.9999999999999));
#4067=CARTESIAN_POINT('Origin',(67.999999382002,39.,26.9999999999999));
#4068=CARTESIAN_POINT('',(67.999999382002,39.,28.6499999999999));
#4069=CARTESIAN_POINT('Origin',(67.999999382002,42.,29.9999999999999));
#4070=CARTESIAN_POINT('Origin',(63.2221505700834,32.,76.9900000000001));
#4071=CARTESIAN_POINT('',(63.2221505700834,22.,73.9900000000001));
#4072=CARTESIAN_POINT('',(63.2221505700834,32.,73.9900000000001));
#4073=CARTESIAN_POINT('',(63.2221505700834,12.,73.9900000000001));
#4074=CARTESIAN_POINT('',(63.2221505700834,22.,76.9900000000001));
#4075=CARTESIAN_POINT('',(63.2221505700834,22.,76.9900000000001));
#4076=CARTESIAN_POINT('',(63.2221505700834,32.,76.9900000000001));
#4077=CARTESIAN_POINT('',(63.2221505700834,32.,76.9900000000001));
#4078=CARTESIAN_POINT('',(63.2221505700834,32.,62.7425000000001));
#4079=CARTESIAN_POINT('Origin',(53.2221505700834,22.,76.9900000000001));
#4080=CARTESIAN_POINT('',(53.2221505700834,32.,73.9900000000001));
#4081=CARTESIAN_POINT('',(53.2221505700834,22.,73.9900000000001));
#4082=CARTESIAN_POINT('',(53.2221505700834,6.99999999999999,73.9900000000001));
#4083=CARTESIAN_POINT('',(53.2221505700834,32.,76.9900000000001));
#4084=CARTESIAN_POINT('',(53.2221505700834,32.,62.7425000000001));
#4085=CARTESIAN_POINT('',(53.2221505700834,22.,76.9900000000001));
#4086=CARTESIAN_POINT('',(53.2221505700834,6.99999999999999,76.9900000000001));
#4087=CARTESIAN_POINT('',(53.2221505700834,22.,76.9900000000001));
#4088=CARTESIAN_POINT('Origin',(63.2221505700834,22.,76.9900000000001));
#4089=CARTESIAN_POINT('',(64.1110749760428,22.,73.99));
#4090=CARTESIAN_POINT('',(62.372068070674,22.,76.9900000000001));
#4091=CARTESIAN_POINT('',(30.1110752850427,22.,76.9900000000001));
#4092=CARTESIAN_POINT('',(63.2221505700834,22.,76.9900000000001));
#4093=CARTESIAN_POINT('Origin',(58.2221505700834,27.,76.9900000000001));
#4094=CARTESIAN_POINT('',(62.372068070674,32.,76.9900000000001));
#4095=CARTESIAN_POINT('',(62.372068070674,3.55810303300779,76.9900000000001));
#4096=CARTESIAN_POINT('',(45.3610749760427,32.,76.9900000000001));
#4097=CARTESIAN_POINT('Origin',(32.499999382002,32.,48.495));
#4098=CARTESIAN_POINT('',(-2.99999999999795,32.,76.9900000000002));
#4099=CARTESIAN_POINT('',(-2.99999999999795,32.,20.));
#4100=CARTESIAN_POINT('',(12.4999996910021,32.,106.99));
#4101=CARTESIAN_POINT('',(-2.99999999999796,32.,76.9900000000002));
#4102=CARTESIAN_POINT('',(16.9421292439479,32.,104.694899776732));
#4103=CARTESIAN_POINT('',(12.4999996910021,32.,106.99));
#4104=CARTESIAN_POINT('',(2.62793131133019,32.,76.9900000000002));
#4105=CARTESIAN_POINT('',(1.44212955294788,32.,74.6948997767321));
#4106=CARTESIAN_POINT('',(30.9277663125108,32.,76.9900000000001));
#4107=CARTESIAN_POINT('',(-2.99999999999795,32.,76.9900000000002));
#4108=CARTESIAN_POINT('',(31.610288434872,32.,90.0132979091725));
#4109=CARTESIAN_POINT('',(30.9037530255923,32.,76.5317991899857));
#4110=CARTESIAN_POINT('',(33.3897109471321,32.,90.0132979091725));
#4111=CARTESIAN_POINT('Origin',(32.4999996910026,32.,106.990000000036));
#4112=CARTESIAN_POINT('',(34.0722330694933,32.,76.9900000000001));
#4113=CARTESIAN_POINT('',(34.0962463564118,32.,76.5317991899857));
#4114=CARTESIAN_POINT('',(-2.99999999999795,32.,76.9900000000002));
#4115=CARTESIAN_POINT('',(2.04824459434554E-12,32.,73.9900000000002));
#4116=CARTESIAN_POINT('Origin',(32.499999382002,32.,48.495));
#4117=CARTESIAN_POINT('',(2.04824459434554E-12,32.,73.9900000000002));
#4118=CARTESIAN_POINT('',(48.0578701380562,32.,104.694899776732));
#4119=CARTESIAN_POINT('',(63.5578698290562,32.,74.6948997767322));
#4120=CARTESIAN_POINT('',(52.4999996910021,32.,106.99));
#4121=CARTESIAN_POINT('',(52.4999996910021,32.,106.99));
#4122=CARTESIAN_POINT('',(67.9999993820021,32.,76.9900000000003));
#4123=CARTESIAN_POINT('Origin',(-2.99999999999795,-8.00000000000001,76.9900000000002));
#4124=CARTESIAN_POINT('',(34.0722330694933,-3.83032114213934,76.9900000000001));
#4125=CARTESIAN_POINT('',(34.0722330694933,2.72726370934073,76.9900000000001));
#4126=CARTESIAN_POINT('',(30.9277663125108,-3.83032114213932,76.9900000000001));
#4127=CARTESIAN_POINT('Ctrl Pts',(34.0722330694933,-3.83032114213934,76.9900000000001));
#4128=CARTESIAN_POINT('Ctrl Pts',(32.499999691002,-3.60424678343164,76.9900000000002));
#4129=CARTESIAN_POINT('Ctrl Pts',(30.9277663125108,-3.83032114213932,76.9900000000001));
#4130=CARTESIAN_POINT('',(30.9277663125108,2.72726370934073,76.9900000000001));
#4131=CARTESIAN_POINT('',(2.62793131133019,0.815745413864515,76.9900000000002));
#4132=CARTESIAN_POINT('',(2.6279313113302,3.55810303300779,76.9900000000002));
#4133=CARTESIAN_POINT('',(-2.99999999999796,-1.76758786796881,76.9900000000002));
#4134=CARTESIAN_POINT('',(8.62105030136511,3.56670716028478,76.9900000000002));
#4135=CARTESIAN_POINT('',(-2.99999999999799,-10.9999999999999,76.9900000000002));
#4136=CARTESIAN_POINT('',(-2.99999999999795,-8.00000000000001,76.9900000000002));
#4137=CARTESIAN_POINT('',(67.999999382002,-11.0000000000001,76.99));
#4138=CARTESIAN_POINT('',(62.372068070674,0.815745413864302,76.9900000000001));
#4139=CARTESIAN_POINT('',(27.0570549340565,17.0260443207777,76.9900000000002));
#4140=CARTESIAN_POINT('',(62.372068070674,3.55810303300779,76.9900000000001));
#4141=CARTESIAN_POINT('Origin',(55.8078699835562,15.1162060660156,89.6948997767321));
#4142=CARTESIAN_POINT('',(48.0578701380562,32.,104.694899776732));
#4143=CARTESIAN_POINT('Origin',(52.4999996910021,32.,106.99));
#4144=CARTESIAN_POINT('',(52.4999996910021,32.,106.99));
#4145=CARTESIAN_POINT('Origin',(60.2499995365021,15.1162060660156,91.9900000000002));
#4146=CARTESIAN_POINT('Origin',(9.19212939844789,15.1162060660156,89.6948997767321));
#4147=CARTESIAN_POINT('',(16.9421292439479,32.,104.694899776732));
#4148=CARTESIAN_POINT('Origin',(12.4999996910021,32.,106.99));
#4149=CARTESIAN_POINT('',(12.4999996910021,32.,106.99));
#4150=CARTESIAN_POINT('Origin',(4.74999984550204,15.1162060660156,91.9900000000002));
#4151=CARTESIAN_POINT('',(-2.99999999999795,-8.00000000000001,76.9900000000002));
#4152=CARTESIAN_POINT('Origin',(31.2570207302321,13.4545274186815,83.2725485495791));
#4153=CARTESIAN_POINT('',(31.610288434872,32.,90.0132979091725));
#4154=CARTESIAN_POINT('Origin',(32.499999691002,13.4545274186815,106.99));
#4155=CARTESIAN_POINT('',(33.3897109471321,32.,90.0132979091725));
#4156=CARTESIAN_POINT('Origin',(33.742978651772,13.4545274186815,83.2725485495791));
#4157=CARTESIAN_POINT('Origin',(6.654999382002,-7.99999999999992,35.08));
#4158=CARTESIAN_POINT('',(6.654999382002,-9.49999999999992,35.08));
#4159=CARTESIAN_POINT('',(6.654999382002,-7.99999999999992,35.08));
#4160=CARTESIAN_POINT('',(6.654999382002,-9.49999999999992,27.08));
#4161=CARTESIAN_POINT('',(6.654999382002,-9.49999999999992,27.08));
#4162=CARTESIAN_POINT('',(6.654999382002,-7.99999999999992,27.08));
#4163=CARTESIAN_POINT('Origin',(8.654999382002,-7.99999999999993,35.08));
#4164=CARTESIAN_POINT('',(8.654999382002,-9.49999999999993,35.08));
#4165=CARTESIAN_POINT('',(8.654999382002,-7.99999999999993,35.08));
#4166=CARTESIAN_POINT('',(6.654999382002,-9.49999999999992,35.08));
#4167=CARTESIAN_POINT('Origin',(8.654999382002,-7.99999999999993,27.08));
#4168=CARTESIAN_POINT('',(8.654999382002,-9.49999999999993,27.08));
#4169=CARTESIAN_POINT('',(8.654999382002,-7.99999999999993,27.08));
#4170=CARTESIAN_POINT('',(8.654999382002,-9.49999999999993,35.08));
#4171=CARTESIAN_POINT('Origin',(6.654999382002,-7.99999999999992,27.08));
#4172=CARTESIAN_POINT('',(8.654999382002,-9.49999999999993,27.08));
#4173=CARTESIAN_POINT('Origin',(7.654999382002,-9.49999999999992,31.08));
#4174=CARTESIAN_POINT('Origin',(24.084999382002,-7.99999999999998,45.07));
#4175=CARTESIAN_POINT('',(24.084999382002,-9.49999999999998,45.07));
#4176=CARTESIAN_POINT('',(24.084999382002,-7.99999999999998,45.07));
#4177=CARTESIAN_POINT('',(24.084999382002,-9.49999999999999,27.8299999999999));
#4178=CARTESIAN_POINT('',(24.084999382002,-9.49999999999999,27.8299999999999));
#4179=CARTESIAN_POINT('',(24.084999382002,-7.99999999999999,27.8299999999999));
#4180=CARTESIAN_POINT('Origin',(26.084999382002,-7.99999999999999,45.07));
#4181=CARTESIAN_POINT('',(26.084999382002,-9.49999999999999,45.07));
#4182=CARTESIAN_POINT('',(26.084999382002,-7.99999999999999,45.07));
#4183=CARTESIAN_POINT('',(24.084999382002,-9.49999999999998,45.07));
#4184=CARTESIAN_POINT('Origin',(26.084999382002,-7.99999999999999,27.8299999999999));
#4185=CARTESIAN_POINT('',(26.084999382002,-9.49999999999999,27.8299999999999));
#4186=CARTESIAN_POINT('',(26.084999382002,-7.99999999999999,27.8299999999999));
#4187=CARTESIAN_POINT('',(26.084999382002,-9.49999999999999,45.07));
#4188=CARTESIAN_POINT('Origin',(24.084999382002,-7.99999999999999,27.8299999999999));
#4189=CARTESIAN_POINT('',(26.084999382002,-9.49999999999999,27.8299999999999));
#4190=CARTESIAN_POINT('Origin',(25.084999382002,-9.49999999999999,36.45));
#4191=CARTESIAN_POINT('Origin',(50.479999382002,-8.00000000000008,57.04));
#4192=CARTESIAN_POINT('',(50.479999382002,-9.50000000000008,57.04));
#4193=CARTESIAN_POINT('',(50.479999382002,-8.00000000000008,57.04));
#4194=CARTESIAN_POINT('',(50.479999382002,-9.50000000000008,49.96));
#4195=CARTESIAN_POINT('',(50.479999382002,-9.50000000000008,49.96));
#4196=CARTESIAN_POINT('',(50.479999382002,-8.00000000000008,49.96));
#4197=CARTESIAN_POINT('Origin',(52.479999382002,-8.00000000000009,57.04));
#4198=CARTESIAN_POINT('',(52.479999382002,-9.50000000000009,57.04));
#4199=CARTESIAN_POINT('',(52.479999382002,-8.00000000000009,57.04));
#4200=CARTESIAN_POINT('',(50.479999382002,-9.50000000000008,57.04));
#4201=CARTESIAN_POINT('Origin',(52.479999382002,-8.00000000000009,49.96));
#4202=CARTESIAN_POINT('',(52.479999382002,-9.50000000000009,49.96));
#4203=CARTESIAN_POINT('',(52.479999382002,-8.00000000000009,49.96));
#4204=CARTESIAN_POINT('',(52.479999382002,-9.50000000000009,57.04));
#4205=CARTESIAN_POINT('Origin',(50.479999382002,-8.00000000000008,49.96));
#4206=CARTESIAN_POINT('',(52.479999382002,-9.50000000000009,49.96));
#4207=CARTESIAN_POINT('Origin',(51.479999382002,-9.50000000000009,53.5));
#4208=CARTESIAN_POINT('Origin',(18.979999382002,-7.99999999999996,66.6400000000001));
#4209=CARTESIAN_POINT('',(18.979999382002,-9.49999999999996,66.6400000000001));
#4210=CARTESIAN_POINT('',(18.979999382002,-7.99999999999996,66.6400000000001));
#4211=CARTESIAN_POINT('',(18.979999382002,-9.49999999999996,48.8492489783987));
#4212=CARTESIAN_POINT('',(18.979999382002,-9.49999999999996,48.8492489783987));
#4213=CARTESIAN_POINT('',(18.979999382002,-7.99999999999996,48.8492489783987));
#4214=CARTESIAN_POINT('Origin',(20.979999382002,-7.99999999999997,66.6400000000001));
#4215=CARTESIAN_POINT('',(20.979999382002,-9.49999999999997,66.6400000000001));
#4216=CARTESIAN_POINT('',(20.979999382002,-7.99999999999997,66.6400000000001));
#4217=CARTESIAN_POINT('',(18.979999382002,-9.49999999999996,66.6400000000001));
#4218=CARTESIAN_POINT('Origin',(20.979999382002,-7.99999999999997,48.8492489783987));
#4219=CARTESIAN_POINT('',(20.979999382002,-9.49999999999997,48.8492489783987));
#4220=CARTESIAN_POINT('',(20.979999382002,-7.99999999999997,48.8492489783987));
#4221=CARTESIAN_POINT('',(20.979999382002,-9.49999999999997,66.6400000000001));
#4222=CARTESIAN_POINT('Origin',(18.979999382002,-7.99999999999996,48.8492489783987));
#4223=CARTESIAN_POINT('',(20.979999382002,-9.49999999999997,48.8492489783987));
#4224=CARTESIAN_POINT('Origin',(19.979999382002,-9.49999999999997,57.7446244891994));
#4225=CARTESIAN_POINT('Origin',(15.804999382002,-7.99999999999995,35.08));
#4226=CARTESIAN_POINT('',(15.804999382002,-9.49999999999995,35.08));
#4227=CARTESIAN_POINT('',(15.804999382002,-7.99999999999995,35.08));
#4228=CARTESIAN_POINT('',(15.804999382002,-9.49999999999996,27.0799999999999));
#4229=CARTESIAN_POINT('',(15.804999382002,-9.49999999999996,27.0799999999999));
#4230=CARTESIAN_POINT('',(15.804999382002,-7.99999999999995,27.0799999999999));
#4231=CARTESIAN_POINT('Origin',(17.804999382002,-7.99999999999996,35.08));
#4232=CARTESIAN_POINT('',(17.804999382002,-9.49999999999996,35.08));
#4233=CARTESIAN_POINT('',(17.804999382002,-7.99999999999996,35.08));
#4234=CARTESIAN_POINT('',(15.804999382002,-9.49999999999996,35.08));
#4235=CARTESIAN_POINT('Origin',(17.804999382002,-7.99999999999996,27.0799999999999));
#4236=CARTESIAN_POINT('',(17.804999382002,-9.49999999999996,27.0799999999999));
#4237=CARTESIAN_POINT('',(17.804999382002,-7.99999999999996,27.0799999999999));
#4238=CARTESIAN_POINT('',(17.804999382002,-9.49999999999996,35.08));
#4239=CARTESIAN_POINT('Origin',(15.804999382002,-7.99999999999995,27.0799999999999));
#4240=CARTESIAN_POINT('',(17.804999382002,-9.49999999999996,27.0799999999999));
#4241=CARTESIAN_POINT('Origin',(16.804999382002,-9.49999999999996,31.08));
#4242=CARTESIAN_POINT('Origin',(5.00999938200202,-7.99999999999991,59.0200000000001));
#4243=CARTESIAN_POINT('',(5.00999938200201,-9.49999999999991,59.0200000000001));
#4244=CARTESIAN_POINT('',(5.00999938200202,-7.99999999999991,59.0200000000001));
#4245=CARTESIAN_POINT('',(5.00999938200201,-9.49999999999991,57.0200000000001));
#4246=CARTESIAN_POINT('',(5.00999938200201,-9.49999999999991,57.0200000000001));
#4247=CARTESIAN_POINT('',(5.00999938200202,-7.99999999999991,57.0200000000001));
#4248=CARTESIAN_POINT('Origin',(14.629999382002,-7.99999999999995,59.0200000000001));
#4249=CARTESIAN_POINT('',(14.629999382002,-9.49999999999995,59.0200000000001));
#4250=CARTESIAN_POINT('',(14.629999382002,-7.99999999999995,59.0200000000001));
#4251=CARTESIAN_POINT('',(5.00999938200201,-9.49999999999991,59.0200000000001));
#4252=CARTESIAN_POINT('Origin',(14.629999382002,-7.99999999999995,57.0200000000001));
#4253=CARTESIAN_POINT('',(14.629999382002,-9.49999999999995,57.0200000000001));
#4254=CARTESIAN_POINT('',(14.629999382002,-7.99999999999995,57.0200000000001));
#4255=CARTESIAN_POINT('',(14.629999382002,-9.49999999999995,59.0200000000001));
#4256=CARTESIAN_POINT('Origin',(5.00999938200202,-7.99999999999991,57.0200000000001));
#4257=CARTESIAN_POINT('',(14.629999382002,-9.49999999999995,57.0200000000001));
#4258=CARTESIAN_POINT('Origin',(9.81999938200202,-9.49999999999993,58.0200000000001));
#4259=CARTESIAN_POINT('Origin',(39.324999382002,-8.00000000000004,45.07));
#4260=CARTESIAN_POINT('',(39.324999382002,-9.50000000000004,45.07));
#4261=CARTESIAN_POINT('',(39.324999382002,-8.00000000000004,45.07));
#4262=CARTESIAN_POINT('',(39.324999382002,-9.50000000000004,27.8299999999999));
#4263=CARTESIAN_POINT('',(39.324999382002,-9.50000000000004,27.8299999999999));
#4264=CARTESIAN_POINT('',(39.324999382002,-8.00000000000004,27.8299999999999));
#4265=CARTESIAN_POINT('Origin',(41.324999382002,-8.00000000000005,45.07));
#4266=CARTESIAN_POINT('',(41.324999382002,-9.50000000000005,45.07));
#4267=CARTESIAN_POINT('',(41.324999382002,-8.00000000000005,45.07));
#4268=CARTESIAN_POINT('',(39.324999382002,-9.50000000000004,45.07));
#4269=CARTESIAN_POINT('Origin',(41.324999382002,-8.00000000000005,27.8299999999999));
#4270=CARTESIAN_POINT('',(41.324999382002,-9.50000000000005,27.8299999999999));
#4271=CARTESIAN_POINT('',(41.324999382002,-8.00000000000005,27.8299999999999));
#4272=CARTESIAN_POINT('',(41.324999382002,-9.50000000000005,45.07));
#4273=CARTESIAN_POINT('Origin',(39.324999382002,-8.00000000000004,27.8299999999999));
#4274=CARTESIAN_POINT('',(41.324999382002,-9.50000000000005,27.8299999999999));
#4275=CARTESIAN_POINT('Origin',(40.324999382002,-9.50000000000005,36.4499999999999));
#4276=CARTESIAN_POINT('Origin',(49.459999382002,-8.00000000000008,45.0499999999999));
#4277=CARTESIAN_POINT('',(49.459999382002,-9.50000000000008,45.0499999999999));
#4278=CARTESIAN_POINT('',(49.459999382002,-8.00000000000008,45.0499999999999));
#4279=CARTESIAN_POINT('',(49.459999382002,-9.50000000000008,37.9699999999999));
#4280=CARTESIAN_POINT('',(49.459999382002,-9.50000000000008,37.9699999999999));
#4281=CARTESIAN_POINT('',(49.459999382002,-8.00000000000008,37.9699999999999));
#4282=CARTESIAN_POINT('Origin',(51.459999382002,-8.00000000000009,45.0499999999999));
#4283=CARTESIAN_POINT('',(51.459999382002,-9.50000000000009,45.0499999999999));
#4284=CARTESIAN_POINT('',(51.459999382002,-8.00000000000009,45.0499999999999));
#4285=CARTESIAN_POINT('',(49.459999382002,-9.50000000000008,45.0499999999999));
#4286=CARTESIAN_POINT('Origin',(51.459999382002,-8.00000000000009,37.9699999999999));
#4287=CARTESIAN_POINT('',(51.459999382002,-9.50000000000009,37.9699999999999));
#4288=CARTESIAN_POINT('',(51.459999382002,-8.00000000000009,37.9699999999999));
#4289=CARTESIAN_POINT('',(51.459999382002,-9.50000000000009,45.0499999999999));
#4290=CARTESIAN_POINT('Origin',(49.459999382002,-8.00000000000008,37.9699999999999));
#4291=CARTESIAN_POINT('',(51.459999382002,-9.50000000000009,37.9699999999999));
#4292=CARTESIAN_POINT('Origin',(50.459999382002,-9.50000000000008,41.5099999999999));
#4293=CARTESIAN_POINT('Origin',(5.00999938200202,-7.99999999999991,62.8300000000001));
#4294=CARTESIAN_POINT('',(5.00999938200201,-9.49999999999991,62.8300000000001));
#4295=CARTESIAN_POINT('',(5.00999938200202,-7.99999999999991,62.8300000000001));
#4296=CARTESIAN_POINT('',(5.00999938200201,-9.49999999999991,60.8300000000001));
#4297=CARTESIAN_POINT('',(5.00999938200201,-9.49999999999991,60.8300000000001));
#4298=CARTESIAN_POINT('',(5.00999938200202,-7.99999999999991,60.8300000000001));
#4299=CARTESIAN_POINT('Origin',(17.169999382002,-7.99999999999996,62.8300000000001));
#4300=CARTESIAN_POINT('',(17.169999382002,-9.49999999999996,62.8300000000001));
#4301=CARTESIAN_POINT('',(17.169999382002,-7.99999999999996,62.8300000000001));
#4302=CARTESIAN_POINT('',(5.00999938200201,-9.49999999999991,62.8300000000001));
#4303=CARTESIAN_POINT('Origin',(17.169999382002,-7.99999999999996,60.8300000000001));
#4304=CARTESIAN_POINT('',(17.169999382002,-9.49999999999996,60.8300000000001));
#4305=CARTESIAN_POINT('',(17.169999382002,-7.99999999999996,60.8300000000001));
#4306=CARTESIAN_POINT('',(17.169999382002,-9.49999999999996,62.8300000000001));
#4307=CARTESIAN_POINT('Origin',(5.00999938200202,-7.99999999999991,60.8300000000001));
#4308=CARTESIAN_POINT('',(17.169999382002,-9.49999999999996,60.8300000000001));
#4309=CARTESIAN_POINT('Origin',(11.089999382002,-9.49999999999994,61.8300000000001));
#4310=CARTESIAN_POINT('Origin',(6.30499938200202,-7.99999999999992,52.6900000000001));
#4311=CARTESIAN_POINT('',(6.30499938200201,-9.49999999999992,52.6900000000001));
#4312=CARTESIAN_POINT('',(6.30499938200202,-7.99999999999992,52.6900000000001));
#4313=CARTESIAN_POINT('',(6.30499938200201,-9.49999999999992,48.1500000000001));
#4314=CARTESIAN_POINT('',(6.30499938200201,-9.49999999999992,48.1500000000001));
#4315=CARTESIAN_POINT('',(6.30499938200202,-7.99999999999992,48.1500000000001));
#4316=CARTESIAN_POINT('Origin',(8.30499938200202,-7.99999999999993,52.6900000000001));
#4317=CARTESIAN_POINT('',(8.30499938200201,-9.49999999999993,52.6900000000001));
#4318=CARTESIAN_POINT('',(8.30499938200202,-7.99999999999993,52.6900000000001));
#4319=CARTESIAN_POINT('',(6.30499938200201,-9.49999999999992,52.6900000000001));
#4320=CARTESIAN_POINT('Origin',(8.30499938200202,-7.99999999999993,48.1500000000001));
#4321=CARTESIAN_POINT('',(8.30499938200201,-9.49999999999993,48.1500000000001));
#4322=CARTESIAN_POINT('',(8.30499938200202,-7.99999999999993,48.1500000000001));
#4323=CARTESIAN_POINT('',(8.30499938200201,-9.49999999999993,52.6900000000001));
#4324=CARTESIAN_POINT('Origin',(6.30499938200202,-7.99999999999992,48.1500000000001));
#4325=CARTESIAN_POINT('',(8.30499938200201,-9.49999999999993,48.1500000000001));
#4326=CARTESIAN_POINT('Origin',(7.30499938200201,-9.49999999999992,50.4200000000001));
#4327=CARTESIAN_POINT('Origin',(50.459999382002,-8.00000000000008,67.545));
#4328=CARTESIAN_POINT('',(52.109999382002,-11.0000000000001,67.545));
#4329=CARTESIAN_POINT('Origin',(50.459999382002,-11.0000000000001,67.545));
#4330=CARTESIAN_POINT('',(52.109999382002,-8.00000000000009,67.545));
#4331=CARTESIAN_POINT('Origin',(50.459999382002,-8.00000000000009,29.5449999999998));
#4332=CARTESIAN_POINT('',(52.109999382002,-11.0000000000001,29.5449999999998));
#4333=CARTESIAN_POINT('Origin',(50.459999382002,-11.0000000000001,29.5449999999998));
#4334=CARTESIAN_POINT('',(52.109999382002,-8.00000000000009,29.5449999999998));
#4335=CARTESIAN_POINT('Origin',(7.45999938200201,-7.99999999999992,67.5450000000002));
#4336=CARTESIAN_POINT('',(9.109999382002,-10.9999999999999,67.5450000000002));
#4337=CARTESIAN_POINT('Origin',(7.459999382002,-10.9999999999999,67.5450000000002));
#4338=CARTESIAN_POINT('',(9.10999938200201,-7.99999999999993,67.5450000000002));
#4339=CARTESIAN_POINT('Origin',(67.9999989758838,-2.99999999999998,17.));
#4340=CARTESIAN_POINT('',(67.9999989758838,-2.99999999999998,17.));
#4341=CARTESIAN_POINT('',(67.9999989882158,-11.,17.));
#4342=CARTESIAN_POINT('Origin',(39.000000012332,-11.,17.));
#4343=CARTESIAN_POINT('',(39.000000012332,-11.,17.));
#4344=CARTESIAN_POINT('',(26.000000012332,-11.,17.));
#4345=CARTESIAN_POINT('',(39.0000005811453,-11.0000001639128,20.));
#4346=CARTESIAN_POINT('',(39.0000005934773,-11.0000000447035,20.));
#4347=CARTESIAN_POINT('',(39.,-11.,0.));
#4348=CARTESIAN_POINT('Origin',(32.5,-1.,17.85));
#4349=CARTESIAN_POINT('Origin',(-1.5,68.,17.));
#4350=CARTESIAN_POINT('',(-1.5,-2.41778282249228E-32,17.));
#4351=CARTESIAN_POINT('Origin',(32.5,28.5,17.));
#4352=CARTESIAN_POINT('Origin',(-3.,-11.,0.));
#4353=CARTESIAN_POINT('',(-3.,-11.,0.));
#4354=CARTESIAN_POINT('',(67.9999962449074,-11.,0.));
#4355=CARTESIAN_POINT('Origin',(67.9999989758838,-2.99999999999998,0.));
#4356=CARTESIAN_POINT('Origin',(64.9999993820021,-8.00000000000001,73.99));
#4357=CARTESIAN_POINT('Origin',(-2.99999999999795,-8.00000000000001,20.));
#4358=UNCERTAINTY_MEASURE_WITH_UNIT(LENGTH_MEASURE(0.01),#4362,
'DISTANCE_ACCURACY_VALUE',
'Maximum model space distance between geometric entities at asserted c
onnectivities');
#4359=UNCERTAINTY_MEASURE_WITH_UNIT(LENGTH_MEASURE(0.01),#4362,
'DISTANCE_ACCURACY_VALUE',
'Maximum model space distance between geometric entities at asserted c
onnectivities');
#4360=(
GEOMETRIC_REPRESENTATION_CONTEXT(3)
GLOBAL_UNCERTAINTY_ASSIGNED_CONTEXT((#4358))
GLOBAL_UNIT_ASSIGNED_CONTEXT((#4362,#4363,#4364))
REPRESENTATION_CONTEXT('','3D')
);
#4361=(
GEOMETRIC_REPRESENTATION_CONTEXT(3)
GLOBAL_UNCERTAINTY_ASSIGNED_CONTEXT((#4359))
GLOBAL_UNIT_ASSIGNED_CONTEXT((#4362,#4363,#4364))
REPRESENTATION_CONTEXT('','3D')
);
#4362=(
LENGTH_UNIT()
NAMED_UNIT(*)
SI_UNIT(.MILLI.,.METRE.)
);
#4363=(
NAMED_UNIT(*)
PLANE_ANGLE_UNIT()
SI_UNIT($,.RADIAN.)
);
#4364=(
NAMED_UNIT(*)
SI_UNIT($,.STERADIAN.)
SOLID_ANGLE_UNIT()
);
#4365=SHAPE_DEFINITION_REPRESENTATION(#4366,#4367);
#4366=PRODUCT_DEFINITION_SHAPE('',$,#4369);
#4367=SHAPE_REPRESENTATION('',(#2735),#4360);
#4368=PRODUCT_DEFINITION_CONTEXT('part definition',#4373,'design');
#4369=PRODUCT_DEFINITION('\X2\3042305B\X0\ver1','\X2\3042305B\X0\ver1 
v22',#4370,#4368);
#4370=PRODUCT_DEFINITION_FORMATION('',$,#4375);
#4371=PRODUCT_RELATED_PRODUCT_CATEGORY('\X2\3042305B\X0\ver1 v22',
'\X2\3042305B\X0\ver1 v22',(#4375));
#4372=APPLICATION_PROTOCOL_DEFINITION('international standard',
'automotive_design',2009,#4373);
#4373=APPLICATION_CONTEXT(
'Core Data for Automotive Mechanical Design Process');
#4374=PRODUCT_CONTEXT('part definition',#4373,'mechanical');
#4375=PRODUCT('\X2\3042305B\X0\ver1','\X2\3042305B\X0\ver1 v22',$,(#4374));
#4376=PRESENTATION_STYLE_ASSIGNMENT((#4377));
#4377=SURFACE_STYLE_USAGE(.BOTH.,#4378);
#4378=SURFACE_SIDE_STYLE('',(#4379));
#4379=SURFACE_STYLE_FILL_AREA(#4380);
#4380=FILL_AREA_STYLE('\X2\92FC\X0\ - \X2\30B530C630F3\X0\',(#4381));
#4381=FILL_AREA_STYLE_COLOUR('\X2\92FC\X0\ - \X2\30B530C630F3\X0\',#4382);
#4382=COLOUR_RGB('\X2\92FC\X0\ - \X2\30B530C630F3\X0\',0.627450980392157,
0.627450980392157,0.627450980392157);
ENDSEC;
END-ISO-10303-21;
